# Made in Blockbench 5.1.4
mtllib materials.mtl

o core_emitter_head
v 0 2.375 0
v 0 1.44375 0
v 0.055473 2.375 0
v 0.055473 1.44375 0
v 0.05358280336173349 2.375 0.014357468888972134
v 0.05358280336173349 1.44375 0.014357468888972134
v 0.04804102722413417 2.375 0.027736499999999997
v 0.04804102722413417 1.44375 0.027736499999999997
v 0.03922533447276135 2.375 0.03922533447276135
v 0.03922533447276135 1.44375 0.03922533447276135
v 0.027736500000000008 2.375 0.04804102722413416
v 0.027736500000000008 1.44375 0.04804102722413416
v 0.014357468888972134 2.375 0.05358280336173349
v 0.014357468888972134 1.44375 0.05358280336173349
v 3.3967415944550562e-18 2.375 0.055473
v 3.3967415944550562e-18 1.44375 0.055473
v -0.014357468888972139 2.375 0.05358280336173349
v -0.014357468888972139 1.44375 0.05358280336173349
v -0.027736499999999987 2.375 0.04804102722413417
v -0.027736499999999987 1.44375 0.04804102722413417
v -0.03922533447276135 2.375 0.03922533447276135
v -0.03922533447276135 1.44375 0.03922533447276135
v -0.04804102722413417 2.375 0.027736499999999997
v -0.04804102722413417 1.44375 0.027736499999999997
v -0.05358280336173348 2.375 0.01435746888897215
v -0.05358280336173348 1.44375 0.01435746888897215
v -0.055473 2.375 6.7934831889101125e-18
v -0.055473 1.44375 6.7934831889101125e-18
v -0.053582803361733496 2.375 -0.014357468888972111
v -0.053582803361733496 1.44375 -0.014357468888972111
v -0.04804102722413416 2.375 -0.027736500000000008
v -0.04804102722413416 1.44375 -0.027736500000000008
v -0.03922533447276136 2.375 -0.03922533447276135
v -0.03922533447276136 1.44375 -0.03922533447276135
v -0.027736500000000025 2.375 -0.04804102722413415
v -0.027736500000000025 1.44375 -0.04804102722413415
v -0.014357468888972127 2.375 -0.05358280336173349
v -0.014357468888972127 1.44375 -0.05358280336173349
v -1.0190224783365168e-17 2.375 -0.055473
v -1.0190224783365168e-17 1.44375 -0.055473
v 0.01435746888897211 2.375 -0.053582803361733496
v 0.01435746888897211 1.44375 -0.053582803361733496
v 0.027736500000000008 2.375 -0.04804102722413416
v 0.027736500000000008 1.44375 -0.04804102722413416
v 0.039225334472761345 2.375 -0.03922533447276136
v 0.039225334472761345 1.44375 -0.03922533447276136
v 0.04804102722413415 2.375 -0.027736500000000025
v 0.04804102722413415 1.44375 -0.027736500000000025
v 0.05358280336173349 2.375 -0.01435746888897213
v 0.05358280336173349 1.44375 -0.01435746888897213
vt 0.5 0.5
vt 0.5 0.5
vt 0.5 0.5
vt 0.5 0.5
vt 0.5 0.5
vt 0.5 0.5
vt 0.5 0.5
vt 0.5 0.5
vt 0.5 0.5
vt 0.5 0.5
vt 0.5 0.5
vt 0.5 0.5
vt 0.5 0.5
vt 0.5 0.5
vt 0.5 0.5
vt 0.5 0.5
vt 0.5 0.5
vt 0.5 0.5
vt 0.5 0.5
vt 0.5 0.5
vt 0.5 0.5
vt 0.5 0.5
vt 0.5 0.5
vt 0.5 0.5
vt 0.5 0.5
vt 0.5 0.5
vt 0.5 0.5
vt 0.5 0.5
vt 0.5 0.5
vt 0.5 0.5
vt 0.5 0.5
vt 0.5 0.5
vt 0.5 0.5
vt 0.5 0.5
vt 0.5 0.5
vt 0.5 0.5
vt 0.5 0.5
vt 0.5 0.5
vt 0.5 0.5
vt 0.5 0.5
vt 0.5 0.5
vt 0.5 0.5
vt 0.5 0.5
vt 0.5 0.5
vt 0.5 0.5
vt 0.5 0.5
vt 0.5 0.5
vt 0.5 0.5
vt 0.5 0.5
vt 0.5 0.5
vt 0.5 0.5
vt 0.5 0.5
vt 0.5 0.5
vt 0.5 0.5
vt 0.5 0.5
vt 0.5 0.5
vt 0.5 0.5
vt 0.5 0.5
vt 0.5 0.5
vt 0.5 0.5
vt 0.5 0.5
vt 0.5 0.5
vt 0.5 0.5
vt 0.5 0.5
vt 0.5 0.5
vt 0.5 0.5
vt 0.5 0.5
vt 0.5 0.5
vt 0.5 0.5
vt 0.5 0.5
vt 0.5 0.5
vt 0.5 0.5
vt 0.5 0.5
vt 0.5 0.5
vt 0.5 0.5
vt 0.5 0.5
vt 0.5 0.5
vt 0.5 0.5
vt 0.5 0.5
vt 0.5 0.5
vt 0.5 0.5
vt 0.5 0.5
vt 0.5 0.5
vt 0.5 0.5
vt 0.5 0.5
vt 0.5 0.5
vt 0.5 0.5
vt 0.5 0.5
vt 0.5 0.5
vt 0.5 0.5
vt 0.5 0.5
vt 0.5 0.5
vt 0.5 0.5
vt 0.5 0.5
vt 0.5 0.5
vt 0.5 0.5
vt 0.5 0.5
vt 0.5 0.5
vt 0.5 0.5
vt 0.5 0.5
vt 0.5 0.5
vt 0.5 0.5
vt 0.5 0.5
vt 0.5 0.5
vt 0.5 0.5
vt 0.5 0.5
vt 0.5 0.5
vt 0.5 0.5
vt 0.5 0.5
vt 0.5 0.5
vt 0.5 0.5
vt 0.5 0.5
vt 0.5 0.5
vt 0.5 0.5
vt 0.5 0.5
vt 0.5 0.5
vt 0.5 0.5
vt 0.5 0.5
vt 0.5 0.5
vt 0.5 0.5
vt 0.5 0.5
vt 0.5 0.5
vt 0.5 0.5
vt 0.5 0.5
vt 0.5 0.5
vt 0.5 0.5
vt 0.5 0.5
vt 0.5 0.5
vt 0.5 0.5
vt 0.5 0.5
vt 0.5 0.5
vt 0.5 0.5
vt 0.5 0.5
vt 0.5 0.5
vt 0.5 0.5
vt 0.5 0.5
vt 0.5 0.5
vt 0.5 0.5
vt 0.5 0.5
vt 0.5 0.5
vt 0.5 0.5
vt 0.5 0.5
vt 0.5 0.5
vt 0.5 0.5
vt 0.5 0.5
vt 0.5 0.5
vt 0.5 0.5
vt 0.5 0.5
vt 0.5 0.5
vt 0.5 0.5
vt 0.5 0.5
vt 0.5 0.5
vt 0.5 0.5
vt 0.5 0.5
vt 0.5 0.5
vt 0.5 0.5
vt 0.5 0.5
vt 0.5 0.5
vt 0.5 0.5
vt 0.5 0.5
vt 0.5 0.5
vt 0.5 0.5
vt 0.5 0.5
vt 0.5 0.5
vt 0.5 0.5
vt 0.5 0.5
vt 0.5 0.5
vt 0.5 0.5
vt 0.5 0.5
vt 0.5 0.5
vt 0.5 0.5
vt 0.5 0.5
vt 0.5 0.5
vt 0.5 0.5
vt 0.5 0.5
vt 0.5 0.5
vt 0.5 0.5
vt 0.5 0.5
vt 0.5 0.5
vt 0.5 0.5
vt 0.5 0.5
vt 0.5 0.5
vt 0.5 0.5
vt 0.5 0.5
vt 0.5 0.5
vt 0.5 0.5
vt 0.5 0.5
vt 0.5 0.5
vt 0.5 0.5
vt 0.5 0.5
vt 0.5 0.5
vt 0.5 0.5
vt 0.5 0.5
vt 0.5 0.5
vt 0.5 0.5
vt 0.5 0.5
vt 0.5 0.5
vt 0.5 0.5
vt 0.5 0.5
vt 0.5 0.5
vt 0.5 0.5
vt 0.5 0.5
vt 0.5 0.5
vt 0.5 0.5
vt 0.5 0.5
vt 0.5 0.5
vt 0.5 0.5
vt 0.5 0.5
vt 0.5 0.5
vt 0.5 0.5
vt 0.5 0.5
vt 0.5 0.5
vt 0.5 0.5
vt 0.5 0.5
vt 0.5 0.5
vt 0.5 0.5
vt 0.5 0.5
vt 0.5 0.5
vt 0.5 0.5
vt 0.5 0.5
vt 0.5 0.5
vt 0.5 0.5
vt 0.5 0.5
vt 0.5 0.5
vt 0.5 0.5
vt 0.5 0.5
vt 0.5 0.5
vt 0.5 0.5
vt 0.5 0.5
vt 0.5 0.5
vt 0.5 0.5
vt 0.5 0.5
vt 0.5 0.5
vt 0.5 0.5
vt 0.5 0.5
vt 0.5 0.5
vt 0.5 0.5
vt 0.5 0.5
vt 0.5 0.5
vt 0.5 0.5
vn -0.9914448613738105 0 -0.13052619222005146
vn 0 -1 0
vn 0 1 0
vn -0.9238795325112868 0 -0.3826834323650897
vn 0 -1 0
vn 0 1 0
vn -0.7933533402912353 0 -0.6087614290087208
vn 0 -1 0
vn 0 1 0
vn -0.6087614290087208 0 -0.793353340291235
vn 0 -1 0
vn 0 1 0
vn -0.38268343236509006 0 -0.9238795325112868
vn 0 -1 0
vn 0 1 0
vn -0.13052619222005152 0 -0.9914448613738106
vn 0 -1 0
vn 0 1 0
vn 0.13052619222005138 0 -0.9914448613738106
vn 0 -1 0
vn 0 1 0
vn 0.38268343236509017 0 -0.9238795325112866
vn 0 -1 0
vn 0 1 0
vn 0.6087614290087203 0 -0.7933533402912354
vn 0 -1 0
vn 0 1 0
vn 0.7933533402912353 0 -0.6087614290087208
vn 0 -1 0
vn 0 1 0
vn 0.9238795325112867 0 -0.3826834323650897
vn 0 -1 0
vn 0 1 0
vn 0.9914448613738104 0 -0.13052619222005185
vn 0 -1 0
vn 0 1 0
vn 0.9914448613738105 0 0.13052619222005113
vn 0 -1 0
vn 0 1 0
vn 0.9238795325112867 0 0.3826834323650898
vn 0 -1 0
vn 0 1 0
vn 0.7933533402912353 0 0.6087614290087204
vn 0 -1 0
vn 0 1 0
vn 0.6087614290087204 0 0.7933533402912354
vn 0 -1 0
vn 0 1 0
vn 0.38268343236509017 0 0.9238795325112866
vn 0 -1 0
vn 0 1 0
vn 0.1305261922200516 0 0.9914448613738104
vn 0 -1 0
vn 0 1 0
vn -0.1305261922200511 0 0.9914448613738105
vn 0 -1 0
vn 0 1 0
vn -0.3826834323650897 0 0.9238795325112867
vn 0 -1 0
vn 0 1 0
vn -0.6087614290087207 0 0.7933533402912352
vn 0 -1 0
vn 0 1 0
vn -0.793353340291235 0 0.6087614290087208
vn 0 -1 0
vn 0 1 0
vn -0.9238795325112867 0 0.38268343236509034
vn 0 -1 0
vn 0 1 0
vn -0.9914448613738106 0 0.13052619222005152
vn 0 -1 0
vn 0 1 0
usemtl m_74f865cf-804f-74ba-3be0-4405179d6612
f 4/1/1 6/2/1 5/3/1 3/4/1
f 3/5/2 5/6/2 1/7/2
f 6/8/3 4/9/3 2/10/3
f 6/11/4 8/12/4 7/13/4 5/14/4
f 5/15/5 7/16/5 1/17/5
f 8/18/6 6/19/6 2/20/6
f 8/21/7 10/22/7 9/23/7 7/24/7
f 7/25/8 9/26/8 1/27/8
f 10/28/9 8/29/9 2/30/9
f 10/31/10 12/32/10 11/33/10 9/34/10
f 9/35/11 11/36/11 1/37/11
f 12/38/12 10/39/12 2/40/12
f 12/41/13 14/42/13 13/43/13 11/44/13
f 11/45/14 13/46/14 1/47/14
f 14/48/15 12/49/15 2/50/15
f 14/51/16 16/52/16 15/53/16 13/54/16
f 13/55/17 15/56/17 1/57/17
f 16/58/18 14/59/18 2/60/18
f 16/61/19 18/62/19 17/63/19 15/64/19
f 15/65/20 17/66/20 1/67/20
f 18/68/21 16/69/21 2/70/21
f 18/71/22 20/72/22 19/73/22 17/74/22
f 17/75/23 19/76/23 1/77/23
f 20/78/24 18/79/24 2/80/24
f 20/81/25 22/82/25 21/83/25 19/84/25
f 19/85/26 21/86/26 1/87/26
f 22/88/27 20/89/27 2/90/27
f 22/91/28 24/92/28 23/93/28 21/94/28
f 21/95/29 23/96/29 1/97/29
f 24/98/30 22/99/30 2/100/30
f 24/101/31 26/102/31 25/103/31 23/104/31
f 23/105/32 25/106/32 1/107/32
f 26/108/33 24/109/33 2/110/33
f 26/111/34 28/112/34 27/113/34 25/114/34
f 25/115/35 27/116/35 1/117/35
f 28/118/36 26/119/36 2/120/36
f 28/121/37 30/122/37 29/123/37 27/124/37
f 27/125/38 29/126/38 1/127/38
f 30/128/39 28/129/39 2/130/39
f 30/131/40 32/132/40 31/133/40 29/134/40
f 29/135/41 31/136/41 1/137/41
f 32/138/42 30/139/42 2/140/42
f 32/141/43 34/142/43 33/143/43 31/144/43
f 31/145/44 33/146/44 1/147/44
f 34/148/45 32/149/45 2/150/45
f 34/151/46 36/152/46 35/153/46 33/154/46
f 33/155/47 35/156/47 1/157/47
f 36/158/48 34/159/48 2/160/48
f 36/161/49 38/162/49 37/163/49 35/164/49
f 35/165/50 37/166/50 1/167/50
f 38/168/51 36/169/51 2/170/51
f 38/171/52 40/172/52 39/173/52 37/174/52
f 37/175/53 39/176/53 1/177/53
f 40/178/54 38/179/54 2/180/54
f 40/181/55 42/182/55 41/183/55 39/184/55
f 39/185/56 41/186/56 1/187/56
f 42/188/57 40/189/57 2/190/57
f 42/191/58 44/192/58 43/193/58 41/194/58
f 41/195/59 43/196/59 1/197/59
f 44/198/60 42/199/60 2/200/60
f 44/201/61 46/202/61 45/203/61 43/204/61
f 43/205/62 45/206/62 1/207/62
f 46/208/63 44/209/63 2/210/63
f 46/211/64 48/212/64 47/213/64 45/214/64
f 45/215/65 47/216/65 1/217/65
f 48/218/66 46/219/66 2/220/66
f 48/221/67 50/222/67 49/223/67 47/224/67
f 47/225/68 49/226/68 1/227/68
f 50/228/69 48/229/69 2/230/69
f 50/231/70 4/232/70 3/233/70 49/234/70
f 49/235/71 3/236/71 1/237/71
f 4/238/72 50/239/72 2/240/72
o control_housing
v 0 1.71875 0
v 0 1.4562499999999998 0
v 0.0758131 1.71875 0
v 0.0758131 1.4562499999999998 0
v 0.07322983126103576 1.71875 0.019621874148261914
v 0.07322983126103576 1.4562499999999998 0.019621874148261914
v 0.06565607053965002 1.71875 0.03790654999999998
v 0.06565607053965002 1.4562499999999998 0.03790654999999998
v 0.05360795711277385 1.71875 0.05360795711277384
v 0.05360795711277385 1.4562499999999998 0.05360795711277384
v 0.037906550000000004 1.71875 0.06565607053965002
v 0.037906550000000004 1.4562499999999998 0.06565607053965002
v 0.019621874148261914 1.71875 0.07322983126103576
v 0.019621874148261914 1.4562499999999998 0.07322983126103576
v 4.6422135124219086e-18 1.71875 0.0758131
v 4.6422135124219086e-18 1.4562499999999998 0.0758131
v -0.01962187414826192 1.71875 0.07322983126103576
v -0.01962187414826192 1.4562499999999998 0.07322983126103576
v -0.037906549999999976 1.71875 0.06565607053965002
v -0.037906549999999976 1.4562499999999998 0.06565607053965002
v -0.05360795711277384 1.71875 0.05360795711277385
v -0.05360795711277384 1.4562499999999998 0.05360795711277385
v -0.06565607053965002 1.71875 0.03790654999999998
v -0.06565607053965002 1.4562499999999998 0.03790654999999998
v -0.07322983126103574 1.71875 0.01962187414826193
v -0.07322983126103574 1.4562499999999998 0.01962187414826193
v -0.0758131 1.71875 9.284427024843817e-18
v -0.0758131 1.4562499999999998 9.284427024843817e-18
v -0.07322983126103576 1.71875 -0.019621874148261883
v -0.07322983126103576 1.4562499999999998 -0.019621874148261883
v -0.06565607053965002 1.71875 -0.037906550000000004
v -0.06565607053965002 1.4562499999999998 -0.037906550000000004
v -0.05360795711277385 1.71875 -0.05360795711277384
v -0.05360795711277385 1.4562499999999998 -0.05360795711277384
v -0.037906550000000025 1.71875 -0.06565607053964999
v -0.037906550000000025 1.4562499999999998 -0.06565607053964999
v -0.019621874148261904 1.71875 -0.07322983126103576
v -0.019621874148261904 1.4562499999999998 -0.07322983126103576
v -1.3926640537265728e-17 1.71875 -0.0758131
v -1.3926640537265728e-17 1.4562499999999998 -0.0758131
v 0.019621874148261876 1.71875 -0.07322983126103576
v 0.019621874148261876 1.4562499999999998 -0.07322983126103576
v 0.037906550000000004 1.71875 -0.06565607053965002
v 0.037906550000000004 1.4562499999999998 -0.06565607053965002
v 0.05360795711277383 1.71875 -0.05360795711277385
v 0.05360795711277383 1.4562499999999998 -0.05360795711277385
v 0.06565607053964999 1.71875 -0.037906550000000025
v 0.06565607053964999 1.4562499999999998 -0.037906550000000025
v 0.07322983126103576 1.71875 -0.019621874148261907
v 0.07322983126103576 1.4562499999999998 -0.019621874148261907
vt 0.5 0.5
vt 0.5 0.5
vt 0.5 0.5
vt 0.5 0.5
vt 0.5 0.5
vt 0.5 0.5
vt 0.5 0.5
vt 0.5 0.5
vt 0.5 0.5
vt 0.5 0.5
vt 0.5 0.5
vt 0.5 0.5
vt 0.5 0.5
vt 0.5 0.5
vt 0.5 0.5
vt 0.5 0.5
vt 0.5 0.5
vt 0.5 0.5
vt 0.5 0.5
vt 0.5 0.5
vt 0.5 0.5
vt 0.5 0.5
vt 0.5 0.5
vt 0.5 0.5
vt 0.5 0.5
vt 0.5 0.5
vt 0.5 0.5
vt 0.5 0.5
vt 0.5 0.5
vt 0.5 0.5
vt 0.5 0.5
vt 0.5 0.5
vt 0.5 0.5
vt 0.5 0.5
vt 0.5 0.5
vt 0.5 0.5
vt 0.5 0.5
vt 0.5 0.5
vt 0.5 0.5
vt 0.5 0.5
vt 0.5 0.5
vt 0.5 0.5
vt 0.5 0.5
vt 0.5 0.5
vt 0.5 0.5
vt 0.5 0.5
vt 0.5 0.5
vt 0.5 0.5
vt 0.5 0.5
vt 0.5 0.5
vt 0.5 0.5
vt 0.5 0.5
vt 0.5 0.5
vt 0.5 0.5
vt 0.5 0.5
vt 0.5 0.5
vt 0.5 0.5
vt 0.5 0.5
vt 0.5 0.5
vt 0.5 0.5
vt 0.5 0.5
vt 0.5 0.5
vt 0.5 0.5
vt 0.5 0.5
vt 0.5 0.5
vt 0.5 0.5
vt 0.5 0.5
vt 0.5 0.5
vt 0.5 0.5
vt 0.5 0.5
vt 0.5 0.5
vt 0.5 0.5
vt 0.5 0.5
vt 0.5 0.5
vt 0.5 0.5
vt 0.5 0.5
vt 0.5 0.5
vt 0.5 0.5
vt 0.5 0.5
vt 0.5 0.5
vt 0.5 0.5
vt 0.5 0.5
vt 0.5 0.5
vt 0.5 0.5
vt 0.5 0.5
vt 0.5 0.5
vt 0.5 0.5
vt 0.5 0.5
vt 0.5 0.5
vt 0.5 0.5
vt 0.5 0.5
vt 0.5 0.5
vt 0.5 0.5
vt 0.5 0.5
vt 0.5 0.5
vt 0.5 0.5
vt 0.5 0.5
vt 0.5 0.5
vt 0.5 0.5
vt 0.5 0.5
vt 0.5 0.5
vt 0.5 0.5
vt 0.5 0.5
vt 0.5 0.5
vt 0.5 0.5
vt 0.5 0.5
vt 0.5 0.5
vt 0.5 0.5
vt 0.5 0.5
vt 0.5 0.5
vt 0.5 0.5
vt 0.5 0.5
vt 0.5 0.5
vt 0.5 0.5
vt 0.5 0.5
vt 0.5 0.5
vt 0.5 0.5
vt 0.5 0.5
vt 0.5 0.5
vt 0.5 0.5
vt 0.5 0.5
vt 0.5 0.5
vt 0.5 0.5
vt 0.5 0.5
vt 0.5 0.5
vt 0.5 0.5
vt 0.5 0.5
vt 0.5 0.5
vt 0.5 0.5
vt 0.5 0.5
vt 0.5 0.5
vt 0.5 0.5
vt 0.5 0.5
vt 0.5 0.5
vt 0.5 0.5
vt 0.5 0.5
vt 0.5 0.5
vt 0.5 0.5
vt 0.5 0.5
vt 0.5 0.5
vt 0.5 0.5
vt 0.5 0.5
vt 0.5 0.5
vt 0.5 0.5
vt 0.5 0.5
vt 0.5 0.5
vt 0.5 0.5
vt 0.5 0.5
vt 0.5 0.5
vt 0.5 0.5
vt 0.5 0.5
vt 0.5 0.5
vt 0.5 0.5
vt 0.5 0.5
vt 0.5 0.5
vt 0.5 0.5
vt 0.5 0.5
vt 0.5 0.5
vt 0.5 0.5
vt 0.5 0.5
vt 0.5 0.5
vt 0.5 0.5
vt 0.5 0.5
vt 0.5 0.5
vt 0.5 0.5
vt 0.5 0.5
vt 0.5 0.5
vt 0.5 0.5
vt 0.5 0.5
vt 0.5 0.5
vt 0.5 0.5
vt 0.5 0.5
vt 0.5 0.5
vt 0.5 0.5
vt 0.5 0.5
vt 0.5 0.5
vt 0.5 0.5
vt 0.5 0.5
vt 0.5 0.5
vt 0.5 0.5
vt 0.5 0.5
vt 0.5 0.5
vt 0.5 0.5
vt 0.5 0.5
vt 0.5 0.5
vt 0.5 0.5
vt 0.5 0.5
vt 0.5 0.5
vt 0.5 0.5
vt 0.5 0.5
vt 0.5 0.5
vt 0.5 0.5
vt 0.5 0.5
vt 0.5 0.5
vt 0.5 0.5
vt 0.5 0.5
vt 0.5 0.5
vt 0.5 0.5
vt 0.5 0.5
vt 0.5 0.5
vt 0.5 0.5
vt 0.5 0.5
vt 0.5 0.5
vt 0.5 0.5
vt 0.5 0.5
vt 0.5 0.5
vt 0.5 0.5
vt 0.5 0.5
vt 0.5 0.5
vt 0.5 0.5
vt 0.5 0.5
vt 0.5 0.5
vt 0.5 0.5
vt 0.5 0.5
vt 0.5 0.5
vt 0.5 0.5
vt 0.5 0.5
vt 0.5 0.5
vt 0.5 0.5
vt 0.5 0.5
vt 0.5 0.5
vt 0.5 0.5
vt 0.5 0.5
vt 0.5 0.5
vt 0.5 0.5
vt 0.5 0.5
vt 0.5 0.5
vt 0.5 0.5
vt 0.5 0.5
vt 0.5 0.5
vt 0.5 0.5
vt 0.5 0.5
vt 0.5 0.5
vt 0.5 0.5
vt 0.5 0.5
vt 0.5 0.5
vt 0.5 0.5
vt 0.5 0.5
vt 0.5 0.5
vt 0.5 0.5
vn -0.9914448613738105 0 -0.1305261922200516
vn 0 -1 0
vn 0 1 0
vn -0.9238795325112867 0 -0.3826834323650903
vn 0 -1 0
vn 0 1 0
vn -0.7933533402912358 0 -0.6087614290087201
vn 0 -1 0
vn 0 1 0
vn -0.6087614290087207 0 -0.7933533402912354
vn 0 -1 0
vn 0 1 0
vn -0.3826834323650898 0 -0.9238795325112867
vn 0 -1 0
vn 0 1 0
vn -0.1305261922200516 0 -0.9914448613738104
vn 0 -1 0
vn 0 1 0
vn 0.13052619222005155 0 -0.9914448613738105
vn 0 -1 0
vn 0 1 0
vn 0.38268343236509045 0 -0.9238795325112865
vn 0 -1 0
vn 0 1 0
vn 0.6087614290087199 0 -0.7933533402912359
vn 0 -1 0
vn 0 1 0
vn 0.7933533402912357 0 -0.6087614290087202
vn 0 -1 0
vn 0 1 0
vn 0.9238795325112868 0 -0.38268343236509
vn 0 -1 0
vn 0 1 0
vn 0.9914448613738104 0 -0.13052619222005224
vn 0 -1 0
vn 0 1 0
vn 0.9914448613738104 0 0.1305261922200517
vn 0 -1 0
vn 0 1 0
vn 0.9238795325112871 0 0.38268343236508934
vn 0 -1 0
vn 0 1 0
vn 0.7933533402912354 0 0.6087614290087207
vn 0 -1 0
vn 0 1 0
vn 0.6087614290087203 0 0.7933533402912356
vn 0 -1 0
vn 0 1 0
vn 0.38268343236509056 0 0.9238795325112866
vn 0 -1 0
vn 0 1 0
vn 0.13052619222005177 0 0.9914448613738105
vn 0 -1 0
vn 0 1 0
vn -0.13052619222005177 0 0.9914448613738105
vn 0 -1 0
vn 0 1 0
vn -0.3826834323650892 0 0.9238795325112872
vn 0 -1 0
vn 0 1 0
vn -0.6087614290087208 0 0.793353340291235
vn 0 -1 0
vn 0 1 0
vn -0.7933533402912353 0 0.6087614290087205
vn 0 -1 0
vn 0 1 0
vn -0.9238795325112866 0 0.3826834323650906
vn 0 -1 0
vn 0 1 0
vn -0.9914448613738105 0 0.13052619222005166
vn 0 -1 0
vn 0 1 0
usemtl m_fd6528dc-6890-b3c9-f9b5-33bf351960de
f 54/241/73 56/242/73 55/243/73 53/244/73
f 53/245/74 55/246/74 51/247/74
f 56/248/75 54/249/75 52/250/75
f 56/251/76 58/252/76 57/253/76 55/254/76
f 55/255/77 57/256/77 51/257/77
f 58/258/78 56/259/78 52/260/78
f 58/261/79 60/262/79 59/263/79 57/264/79
f 57/265/80 59/266/80 51/267/80
f 60/268/81 58/269/81 52/270/81
f 60/271/82 62/272/82 61/273/82 59/274/82
f 59/275/83 61/276/83 51/277/83
f 62/278/84 60/279/84 52/280/84
f 62/281/85 64/282/85 63/283/85 61/284/85
f 61/285/86 63/286/86 51/287/86
f 64/288/87 62/289/87 52/290/87
f 64/291/88 66/292/88 65/293/88 63/294/88
f 63/295/89 65/296/89 51/297/89
f 66/298/90 64/299/90 52/300/90
f 66/301/91 68/302/91 67/303/91 65/304/91
f 65/305/92 67/306/92 51/307/92
f 68/308/93 66/309/93 52/310/93
f 68/311/94 70/312/94 69/313/94 67/314/94
f 67/315/95 69/316/95 51/317/95
f 70/318/96 68/319/96 52/320/96
f 70/321/97 72/322/97 71/323/97 69/324/97
f 69/325/98 71/326/98 51/327/98
f 72/328/99 70/329/99 52/330/99
f 72/331/100 74/332/100 73/333/100 71/334/100
f 71/335/101 73/336/101 51/337/101
f 74/338/102 72/339/102 52/340/102
f 74/341/103 76/342/103 75/343/103 73/344/103
f 73/345/104 75/346/104 51/347/104
f 76/348/105 74/349/105 52/350/105
f 76/351/106 78/352/106 77/353/106 75/354/106
f 75/355/107 77/356/107 51/357/107
f 78/358/108 76/359/108 52/360/108
f 78/361/109 80/362/109 79/363/109 77/364/109
f 77/365/110 79/366/110 51/367/110
f 80/368/111 78/369/111 52/370/111
f 80/371/112 82/372/112 81/373/112 79/374/112
f 79/375/113 81/376/113 51/377/113
f 82/378/114 80/379/114 52/380/114
f 82/381/115 84/382/115 83/383/115 81/384/115
f 81/385/116 83/386/116 51/387/116
f 84/388/117 82/389/117 52/390/117
f 84/391/118 86/392/118 85/393/118 83/394/118
f 83/395/119 85/396/119 51/397/119
f 86/398/120 84/399/120 52/400/120
f 86/401/121 88/402/121 87/403/121 85/404/121
f 85/405/122 87/406/122 51/407/122
f 88/408/123 86/409/123 52/410/123
f 88/411/124 90/412/124 89/413/124 87/414/124
f 87/415/125 89/416/125 51/417/125
f 90/418/126 88/419/126 52/420/126
f 90/421/127 92/422/127 91/423/127 89/424/127
f 89/425/128 91/426/128 51/427/128
f 92/428/129 90/429/129 52/430/129
f 92/431/130 94/432/130 93/433/130 91/434/130
f 91/435/131 93/436/131 51/437/131
f 94/438/132 92/439/132 52/440/132
f 94/441/133 96/442/133 95/443/133 93/444/133
f 93/445/134 95/446/134 51/447/134
f 96/448/135 94/449/135 52/450/135
f 96/451/136 98/452/136 97/453/136 95/454/136
f 95/455/137 97/456/137 51/457/137
f 98/458/138 96/459/138 52/460/138
f 98/461/139 100/462/139 99/463/139 97/464/139
f 97/465/140 99/466/140 51/467/140
f 100/468/141 98/469/141 52/470/141
f 100/471/142 54/472/142 53/473/142 99/474/142
f 99/475/143 53/476/143 51/477/143
f 54/478/144 100/479/144 52/480/144
o emitter_guard_collar
v -0.05341985572958041 2.0625 -0.0799484639256491
v 0 2.0625 0
v 0 1.775 0
v 0.0961532 2.0625 0
v 0.0961532 1.775 0
v 0.09430564322366788 2.0625 0.018758558750881178
v 0.09430564322366788 1.775 0.018758558750881178
v 0.08883397346546425 2.0625 0.036796236608886944
v 0.08883397346546425 1.775 0.036796236608886944
v 0.0799484639256491 2.0625 0.05341985572958041
v 0.0799484639256491 1.775 0.05341985572958041
v 0.06799057975278634 2.0625 0.06799057975278633
v 0.06799057975278634 1.775 0.06799057975278633
v 0.05341985572958041 2.0625 0.0799484639256491
v 0.05341985572958041 1.775 0.0799484639256491
v 0.03679623660888695 2.0625 0.08883397346546425
v 0.03679623660888695 1.775 0.08883397346546425
v 0.01875855875088119 2.0625 0.09430564322366788
v 0.01875855875088119 1.775 0.09430564322366788
v 5.887685430388764e-18 2.0625 0.0961532
v 5.887685430388764e-18 1.775 0.0961532
v -0.018758558750881178 2.0625 0.09430564322366788
v -0.018758558750881178 1.775 0.09430564322366788
v -0.036796236608886944 2.0625 0.08883397346546425
v -0.036796236608886944 1.775 0.08883397346546425
v -0.05341985572958039 2.0625 0.07994846392564911
v -0.05341985572958039 1.775 0.07994846392564911
v -0.06799057975278633 2.0625 0.06799057975278634
v -0.06799057975278633 1.775 0.06799057975278634
v -0.0799484639256491 2.0625 0.05341985572958041
v -0.0799484639256491 1.775 0.05341985572958041
v -0.08883397346546425 2.0625 0.03679623660888696
v -0.08883397346546425 1.775 0.03679623660888696
v -0.09430564322366788 2.0625 0.018758558750881216
v -0.09430564322366788 1.775 0.018758558750881216
v -0.0961532 2.0625 1.1775370860777527e-17
v -0.0961532 1.775 1.1775370860777527e-17
v -0.09430564322366788 2.0625 -0.018758558750881192
v -0.09430564322366788 1.775 -0.018758558750881192
v -0.08883397346546426 2.0625 -0.03679623660888694
v -0.08883397346546426 1.775 -0.03679623660888694
v -0.07994846392564911 2.0625 -0.05341985572958039
v -0.07994846392564911 1.775 -0.05341985572958039
v -0.06799057975278636 2.0625 -0.06799057975278633
v -0.06799057975278636 1.775 -0.06799057975278633
v -0.05341985572958041 1.775 -0.0799484639256491
v -0.036796236608887 2.0625 -0.08883397346546423
v -0.036796236608887 1.775 -0.08883397346546423
v -0.01875855875088122 2.0625 -0.09430564322366787
v -0.01875855875088122 1.775 -0.09430564322366787
v -1.766305629116629e-17 2.0625 -0.0961532
v -1.766305629116629e-17 1.775 -0.0961532
v 0.01875855875088119 2.0625 -0.09430564322366788
v 0.01875855875088119 1.775 -0.09430564322366788
v 0.03679623660888697 2.0625 -0.08883397346546423
v 0.03679623660888697 1.775 -0.08883397346546423
v 0.05341985572958037 2.0625 -0.07994846392564911
v 0.05341985572958037 1.775 -0.07994846392564911
v 0.06799057975278631 2.0625 -0.06799057975278636
v 0.06799057975278631 1.775 -0.06799057975278636
v 0.0799484639256491 2.0625 -0.05341985572958041
v 0.0799484639256491 1.775 -0.05341985572958041
v 0.08883397346546423 2.0625 -0.036796236608887006
v 0.08883397346546423 1.775 -0.036796236608887006
v 0.09430564322366787 2.0625 -0.018758558750881227
v 0.09430564322366787 1.775 -0.018758558750881227
vt 0.5 0.5
vt 0.5 0.5
vt 0.5 0.5
vt 0.5 0.5
vt 0.5 0.5
vt 0.5 0.5
vt 0.5 0.5
vt 0.5 0.5
vt 0.5 0.5
vt 0.5 0.5
vt 0.5 0.5
vt 0.5 0.5
vt 0.5 0.5
vt 0.5 0.5
vt 0.5 0.5
vt 0.5 0.5
vt 0.5 0.5
vt 0.5 0.5
vt 0.5 0.5
vt 0.5 0.5
vt 0.5 0.5
vt 0.5 0.5
vt 0.5 0.5
vt 0.5 0.5
vt 0.5 0.5
vt 0.5 0.5
vt 0.5 0.5
vt 0.5 0.5
vt 0.5 0.5
vt 0.5 0.5
vt 0.5 0.5
vt 0.5 0.5
vt 0.5 0.5
vt 0.5 0.5
vt 0.5 0.5
vt 0.5 0.5
vt 0.5 0.5
vt 0.5 0.5
vt 0.5 0.5
vt 0.5 0.5
vt 0.5 0.5
vt 0.5 0.5
vt 0.5 0.5
vt 0.5 0.5
vt 0.5 0.5
vt 0.5 0.5
vt 0.5 0.5
vt 0.5 0.5
vt 0.5 0.5
vt 0.5 0.5
vt 0.5 0.5
vt 0.5 0.5
vt 0.5 0.5
vt 0.5 0.5
vt 0.5 0.5
vt 0.5 0.5
vt 0.5 0.5
vt 0.5 0.5
vt 0.5 0.5
vt 0.5 0.5
vt 0.5 0.5
vt 0.5 0.5
vt 0.5 0.5
vt 0.5 0.5
vt 0.5 0.5
vt 0.5 0.5
vt 0.5 0.5
vt 0.5 0.5
vt 0.5 0.5
vt 0.5 0.5
vt 0.5 0.5
vt 0.5 0.5
vt 0.5 0.5
vt 0.5 0.5
vt 0.5 0.5
vt 0.5 0.5
vt 0.5 0.5
vt 0.5 0.5
vt 0.5 0.5
vt 0.5 0.5
vt 0.5 0.5
vt 0.5 0.5
vt 0.5 0.5
vt 0.5 0.5
vt 0.5 0.5
vt 0.5 0.5
vt 0.5 0.5
vt 0.5 0.5
vt 0.5 0.5
vt 0.5 0.5
vt 0.5 0.5
vt 0.5 0.5
vt 0.5 0.5
vt 0.5 0.5
vt 0.5 0.5
vt 0.5 0.5
vt 0.5 0.5
vt 0.5 0.5
vt 0.5 0.5
vt 0.5 0.5
vt 0.5 0.5
vt 0.5 0.5
vt 0.5 0.5
vt 0.5 0.5
vt 0.5 0.5
vt 0.5 0.5
vt 0.5 0.5
vt 0.5 0.5
vt 0.5 0.5
vt 0.5 0.5
vt 0.5 0.5
vt 0.5 0.5
vt 0.5 0.5
vt 0.5 0.5
vt 0.5 0.5
vt 0.5 0.5
vt 0.5 0.5
vt 0.5 0.5
vt 0.5 0.5
vt 0.5 0.5
vt 0.5 0.5
vt 0.5 0.5
vt 0.5 0.5
vt 0.5 0.5
vt 0.5 0.5
vt 0.5 0.5
vt 0.5 0.5
vt 0.5 0.5
vt 0.5 0.5
vt 0.5 0.5
vt 0.5 0.5
vt 0.5 0.5
vt 0.5 0.5
vt 0.5 0.5
vt 0.5 0.5
vt 0.5 0.5
vt 0.5 0.5
vt 0.5 0.5
vt 0.5 0.5
vt 0.5 0.5
vt 0.5 0.5
vt 0.5 0.5
vt 0.5 0.5
vt 0.5 0.5
vt 0.5 0.5
vt 0.5 0.5
vt 0.5 0.5
vt 0.5 0.5
vt 0.5 0.5
vt 0.5 0.5
vt 0.5 0.5
vt 0.5 0.5
vt 0.5 0.5
vt 0.5 0.5
vt 0.5 0.5
vt 0.5 0.5
vt 0.5 0.5
vt 0.5 0.5
vt 0.5 0.5
vt 0.5 0.5
vt 0.5 0.5
vt 0.5 0.5
vt 0.5 0.5
vt 0.5 0.5
vt 0.5 0.5
vt 0.5 0.5
vt 0.5 0.5
vt 0.5 0.5
vt 0.5 0.5
vt 0.5 0.5
vt 0.5 0.5
vt 0.5 0.5
vt 0.5 0.5
vt 0.5 0.5
vt 0.5 0.5
vt 0.5 0.5
vt 0.5 0.5
vt 0.5 0.5
vt 0.5 0.5
vt 0.5 0.5
vt 0.5 0.5
vt 0.5 0.5
vt 0.5 0.5
vt 0.5 0.5
vt 0.5 0.5
vt 0.5 0.5
vt 0.5 0.5
vt 0.5 0.5
vt 0.5 0.5
vt 0.5 0.5
vt 0.5 0.5
vt 0.5 0.5
vt 0.5 0.5
vt 0.5 0.5
vt 0.5 0.5
vt 0.5 0.5
vt 0.5 0.5
vt 0.5 0.5
vt 0.5 0.5
vt 0.5 0.5
vt 0.5 0.5
vt 0.5 0.5
vt 0.5 0.5
vt 0.5 0.5
vt 0.5 0.5
vt 0.5 0.5
vt 0.5 0.5
vt 0.5 0.5
vt 0.5 0.5
vt 0.5 0.5
vt 0.5 0.5
vt 0.5 0.5
vt 0.5 0.5
vt 0.5 0.5
vt 0.5 0.5
vt 0.5 0.5
vt 0.5 0.5
vt 0.5 0.5
vt 0.5 0.5
vt 0.5 0.5
vt 0.5 0.5
vt 0.5 0.5
vt 0.5 0.5
vt 0.5 0.5
vt 0.5 0.5
vt 0.5 0.5
vt 0.5 0.5
vt 0.5 0.5
vt 0.5 0.5
vt 0.5 0.5
vt 0.5 0.5
vt 0.5 0.5
vt 0.5 0.5
vt 0.5 0.5
vt 0.5 0.5
vt 0.5 0.5
vt 0.5 0.5
vt 0.5 0.5
vt 0.5 0.5
vt 0.5 0.5
vt 0.5 0.5
vt 0.5 0.5
vt 0.5 0.5
vt 0.5 0.5
vt 0.5 0.5
vt 0.5 0.5
vt 0.5 0.5
vt 0.5 0.5
vt 0.5 0.5
vt 0.5 0.5
vt 0.5 0.5
vt 0.5 0.5
vt 0.5 0.5
vt 0.5 0.5
vt 0.5 0.5
vt 0.5 0.5
vt 0.5 0.5
vt 0.5 0.5
vt 0.5 0.5
vt 0.5 0.5
vt 0.5 0.5
vt 0.5 0.5
vt 0.5 0.5
vt 0.5 0.5
vt 0.5 0.5
vt 0.5 0.5
vt 0.5 0.5
vt 0.5 0.5
vt 0.5 0.5
vt 0.5 0.5
vt 0.5 0.5
vt 0.5 0.5
vt 0.5 0.5
vt 0.5 0.5
vt 0.5 0.5
vt 0.5 0.5
vt 0.5 0.5
vt 0.5 0.5
vt 0.5 0.5
vt 0.5 0.5
vt 0.5 0.5
vt 0.5 0.5
vt 0.5 0.5
vt 0.5 0.5
vt 0.5 0.5
vt 0.5 0.5
vt 0.5 0.5
vt 0.5 0.5
vt 0.5 0.5
vt 0.5 0.5
vt 0.5 0.5
vt 0.5 0.5
vt 0.5 0.5
vt 0.5 0.5
vt 0.5 0.5
vt 0.5 0.5
vt 0.5 0.5
vt 0.5 0.5
vt 0.5 0.5
vt 0.5 0.5
vt 0.5 0.5
vt 0.5 0.5
vt 0.5 0.5
vt 0.5 0.5
vt 0.5 0.5
vt 0.5 0.5
vt 0.5 0.5
vt 0.5 0.5
vt 0.5 0.5
vt 0.5 0.5
vt 0.5 0.5
vt 0.5 0.5
vt 0.5 0.5
vt 0.5 0.5
vt 0.5 0.5
vt 0.5 0.5
vt 0.5 0.5
vt 0.5 0.5
vt 0.5 0.5
vt 0.5 0.5
vn -0.9951847266721968 0 -0.09801714032956105
vn 0 -1 0
vn 0 1 0
vn -0.956940335732209 0 -0.2902846772544622
vn 0 -1 0
vn 0 1 0
vn -0.8819212643483555 0 -0.47139673682599714
vn 0 -1 0
vn 0 1 0
vn -0.7730104533627368 0 -0.6343932841636458
vn 0 -1 0
vn 0 1 0
vn -0.6343932841636458 0 -0.7730104533627367
vn 0 -1 0
vn 0 1 0
vn -0.4713967368259972 0 -0.8819212643483553
vn 0 -1 0
vn 0 1 0
vn -0.2902846772544623 0 -0.956940335732209
vn 0 -1 0
vn 0 1 0
vn -0.09801714032956102 0 -0.9951847266721968
vn 0 -1 0
vn 0 1 0
vn 0.098017140329561 0 -0.9951847266721968
vn 0 -1 0
vn 0 1 0
vn 0.2902846772544622 0 -0.956940335732209
vn 0 -1 0
vn 0 1 0
vn 0.471396736825997 0 -0.8819212643483556
vn 0 -1 0
vn 0 1 0
vn 0.6343932841636457 0 -0.773010453362737
vn 0 -1 0
vn 0 1 0
vn 0.7730104533627367 0 -0.6343932841636458
vn 0 -1 0
vn 0 1 0
vn 0.8819212643483553 0 -0.47139673682599736
vn 0 -1 0
vn 0 1 0
vn 0.9569403357322088 0 -0.29028467725446255
vn 0 -1 0
vn 0 1 0
vn 0.995184726672197 0 -0.09801714032956092
vn 0 -1 0
vn 0 1 0
vn 0.9951847266721969 0 0.09801714032956094
vn 0 -1 0
vn 0 1 0
vn 0.9569403357322092 0 0.2902846772544619
vn 0 -1 0
vn 0 1 0
vn 0.8819212643483553 0 0.47139673682599736
vn 0 -1 0
vn 0 1 0
vn 0.7730104533627373 0 0.6343932841636454
vn 0 -1 0
vn 0 1 0
vn 0.6343932841636456 0 0.7730104533627371
vn 0 -1 0
vn 0 1 0
vn 0.4713967368259978 0 0.8819212643483552
vn 0 -1 0
vn 0 1 0
vn 0.290284677254462 0 0.956940335732209
vn 0 -1 0
vn 0 1 0
vn 0.09801714032956166 0 0.9951847266721968
vn 0 -1 0
vn 0 1 0
vn -0.09801714032956092 0 0.995184726672197
vn 0 -1 0
vn 0 1 0
vn -0.29028467725446266 0 0.9569403357322089
vn 0 -1 0
vn 0 1 0
vn -0.4713967368259974 0 0.8819212643483552
vn 0 -1 0
vn 0 1 0
vn -0.6343932841636452 0 0.7730104533627373
vn 0 -1 0
vn 0 1 0
vn -0.7730104533627365 0 0.6343932841636459
vn 0 -1 0
vn 0 1 0
vn -0.8819212643483549 0 0.47139673682599786
vn 0 -1 0
vn 0 1 0
vn -0.956940335732209 0 0.290284677254462
vn 0 -1 0
vn 0 1 0
vn -0.9951847266721968 0 0.09801714032956152
vn 0 -1 0
vn 0 1 0
usemtl m_fd6528dc-6890-b3c9-f9b5-33bf351960de
f 105/481/145 107/482/145 106/483/145 104/484/145
f 104/485/146 106/486/146 102/487/146
f 107/488/147 105/489/147 103/490/147
f 107/491/148 109/492/148 108/493/148 106/494/148
f 106/495/149 108/496/149 102/497/149
f 109/498/150 107/499/150 103/500/150
f 109/501/151 111/502/151 110/503/151 108/504/151
f 108/505/152 110/506/152 102/507/152
f 111/508/153 109/509/153 103/510/153
f 111/511/154 113/512/154 112/513/154 110/514/154
f 110/515/155 112/516/155 102/517/155
f 113/518/156 111/519/156 103/520/156
f 113/521/157 115/522/157 114/523/157 112/524/157
f 112/525/158 114/526/158 102/527/158
f 115/528/159 113/529/159 103/530/159
f 115/531/160 117/532/160 116/533/160 114/534/160
f 114/535/161 116/536/161 102/537/161
f 117/538/162 115/539/162 103/540/162
f 117/541/163 119/542/163 118/543/163 116/544/163
f 116/545/164 118/546/164 102/547/164
f 119/548/165 117/549/165 103/550/165
f 119/551/166 121/552/166 120/553/166 118/554/166
f 118/555/167 120/556/167 102/557/167
f 121/558/168 119/559/168 103/560/168
f 121/561/169 123/562/169 122/563/169 120/564/169
f 120/565/170 122/566/170 102/567/170
f 123/568/171 121/569/171 103/570/171
f 123/571/172 125/572/172 124/573/172 122/574/172
f 122/575/173 124/576/173 102/577/173
f 125/578/174 123/579/174 103/580/174
f 125/581/175 127/582/175 126/583/175 124/584/175
f 124/585/176 126/586/176 102/587/176
f 127/588/177 125/589/177 103/590/177
f 127/591/178 129/592/178 128/593/178 126/594/178
f 126/595/179 128/596/179 102/597/179
f 129/598/180 127/599/180 103/600/180
f 129/601/181 131/602/181 130/603/181 128/604/181
f 128/605/182 130/606/182 102/607/182
f 131/608/183 129/609/183 103/610/183
f 131/611/184 133/612/184 132/613/184 130/614/184
f 130/615/185 132/616/185 102/617/185
f 133/618/186 131/619/186 103/620/186
f 133/621/187 135/622/187 134/623/187 132/624/187
f 132/625/188 134/626/188 102/627/188
f 135/628/189 133/629/189 103/630/189
f 135/631/190 137/632/190 136/633/190 134/634/190
f 134/635/191 136/636/191 102/637/191
f 137/638/192 135/639/192 103/640/192
f 137/641/193 139/642/193 138/643/193 136/644/193
f 136/645/194 138/646/194 102/647/194
f 139/648/195 137/649/195 103/650/195
f 139/651/196 141/652/196 140/653/196 138/654/196
f 138/655/197 140/656/197 102/657/197
f 141/658/198 139/659/198 103/660/198
f 141/661/199 143/662/199 142/663/199 140/664/199
f 140/665/200 142/666/200 102/667/200
f 143/668/201 141/669/201 103/670/201
f 143/671/202 145/672/202 144/673/202 142/674/202
f 142/675/203 144/676/203 102/677/203
f 145/678/204 143/679/204 103/680/204
f 145/681/205 146/682/205 101/683/205 144/684/205
f 144/685/206 101/686/206 102/687/206
f 146/688/207 145/689/207 103/690/207
f 146/691/208 148/692/208 147/693/208 101/694/208
f 101/695/209 147/696/209 102/697/209
f 148/698/210 146/699/210 103/700/210
f 148/701/211 150/702/211 149/703/211 147/704/211
f 147/705/212 149/706/212 102/707/212
f 150/708/213 148/709/213 103/710/213
f 150/711/214 152/712/214 151/713/214 149/714/214
f 149/715/215 151/716/215 102/717/215
f 152/718/216 150/719/216 103/720/216
f 152/721/217 154/722/217 153/723/217 151/724/217
f 151/725/218 153/726/218 102/727/218
f 154/728/219 152/729/219 103/730/219
f 154/731/220 156/732/220 155/733/220 153/734/220
f 153/735/221 155/736/221 102/737/221
f 156/738/222 154/739/222 103/740/222
f 156/741/223 158/742/223 157/743/223 155/744/223
f 155/745/224 157/746/224 102/747/224
f 158/748/225 156/749/225 103/750/225
f 158/751/226 160/752/226 159/753/226 157/754/226
f 157/755/227 159/756/227 102/757/227
f 160/758/228 158/759/228 103/760/228
f 160/761/229 162/762/229 161/763/229 159/764/229
f 159/765/230 161/766/230 102/767/230
f 162/768/231 160/769/231 103/770/231
f 162/771/232 164/772/232 163/773/232 161/774/232
f 161/775/233 163/776/233 102/777/233
f 164/778/234 162/779/234 103/780/234
f 164/781/235 166/782/235 165/783/235 163/784/235
f 163/785/236 165/786/236 102/787/236
f 166/788/237 164/789/237 103/790/237
f 166/791/238 105/792/238 104/793/238 165/794/238
f 165/795/239 104/796/239 102/797/239
f 105/798/240 166/799/240 103/800/240
o emitter_neck
v 0 2.2937499999999997 0
v 0 2.06875 0
v 0.0776622 2.2937499999999997 0
v 0.0776622 2.06875 0
v 0.07501592470642687 2.2937499999999997 0.020100456444560984
v 0.07501592470642687 2.06875 0.020100456444560984
v 0.06725743811378783 2.2937499999999997 0.038831099999999986
v 0.06725743811378783 2.06875 0.038831099999999986
v 0.05491546826186589 2.2937499999999997 0.054915468261865885
v 0.05491546826186589 2.06875 0.054915468261865885
v 0.03883110000000001 2.2937499999999997 0.06725743811378783
v 0.03883110000000001 2.06875 0.06725743811378783
v 0.020100456444560984 2.2937499999999997 0.07501592470642687
v 0.020100456444560984 2.06875 0.07501592470642687
v 4.755438232237078e-18 2.2937499999999997 0.0776622
v 4.755438232237078e-18 2.06875 0.0776622
v -0.02010045644456099 2.2937499999999997 0.07501592470642687
v -0.02010045644456099 2.06875 0.07501592470642687
v -0.03883109999999998 2.2937499999999997 0.06725743811378783
v -0.03883109999999998 2.06875 0.06725743811378783
v -0.054915468261865885 2.2937499999999997 0.05491546826186589
v -0.054915468261865885 2.06875 0.05491546826186589
v -0.06725743811378783 2.2937499999999997 0.038831099999999986
v -0.06725743811378783 2.06875 0.038831099999999986
v -0.07501592470642686 2.2937499999999997 0.020100456444561005
v -0.07501592470642686 2.06875 0.020100456444561005
v -0.0776622 2.2937499999999997 9.510876464474157e-18
v -0.0776622 2.06875 9.510876464474157e-18
v -0.07501592470642689 2.2937499999999997 -0.020100456444560957
v -0.07501592470642689 2.06875 -0.020100456444560957
v -0.06725743811378783 2.2937499999999997 -0.03883110000000001
v -0.06725743811378783 2.06875 -0.03883110000000001
v -0.05491546826186589 2.2937499999999997 -0.054915468261865885
v -0.05491546826186589 2.06875 -0.054915468261865885
v -0.038831100000000035 2.2937499999999997 -0.0672574381137878
v -0.038831100000000035 2.06875 -0.0672574381137878
v -0.020100456444560974 2.2937499999999997 -0.07501592470642687
v -0.020100456444560974 2.06875 -0.07501592470642687
v -1.4266314696711233e-17 2.2937499999999997 -0.0776622
v -1.4266314696711233e-17 2.06875 -0.0776622
v 0.02010045644456095 2.2937499999999997 -0.07501592470642689
v 0.02010045644456095 2.06875 -0.07501592470642689
v 0.03883110000000001 2.2937499999999997 -0.06725743811378783
v 0.03883110000000001 2.06875 -0.06725743811378783
v 0.05491546826186587 2.2937499999999997 -0.05491546826186589
v 0.05491546826186587 2.06875 -0.05491546826186589
v 0.0672574381137878 2.2937499999999997 -0.038831100000000035
v 0.0672574381137878 2.06875 -0.038831100000000035
v 0.07501592470642687 2.2937499999999997 -0.02010045644456098
v 0.07501592470642687 2.06875 -0.02010045644456098
vt 0.5 0.5
vt 0.5 0.5
vt 0.5 0.5
vt 0.5 0.5
vt 0.5 0.5
vt 0.5 0.5
vt 0.5 0.5
vt 0.5 0.5
vt 0.5 0.5
vt 0.5 0.5
vt 0.5 0.5
vt 0.5 0.5
vt 0.5 0.5
vt 0.5 0.5
vt 0.5 0.5
vt 0.5 0.5
vt 0.5 0.5
vt 0.5 0.5
vt 0.5 0.5
vt 0.5 0.5
vt 0.5 0.5
vt 0.5 0.5
vt 0.5 0.5
vt 0.5 0.5
vt 0.5 0.5
vt 0.5 0.5
vt 0.5 0.5
vt 0.5 0.5
vt 0.5 0.5
vt 0.5 0.5
vt 0.5 0.5
vt 0.5 0.5
vt 0.5 0.5
vt 0.5 0.5
vt 0.5 0.5
vt 0.5 0.5
vt 0.5 0.5
vt 0.5 0.5
vt 0.5 0.5
vt 0.5 0.5
vt 0.5 0.5
vt 0.5 0.5
vt 0.5 0.5
vt 0.5 0.5
vt 0.5 0.5
vt 0.5 0.5
vt 0.5 0.5
vt 0.5 0.5
vt 0.5 0.5
vt 0.5 0.5
vt 0.5 0.5
vt 0.5 0.5
vt 0.5 0.5
vt 0.5 0.5
vt 0.5 0.5
vt 0.5 0.5
vt 0.5 0.5
vt 0.5 0.5
vt 0.5 0.5
vt 0.5 0.5
vt 0.5 0.5
vt 0.5 0.5
vt 0.5 0.5
vt 0.5 0.5
vt 0.5 0.5
vt 0.5 0.5
vt 0.5 0.5
vt 0.5 0.5
vt 0.5 0.5
vt 0.5 0.5
vt 0.5 0.5
vt 0.5 0.5
vt 0.5 0.5
vt 0.5 0.5
vt 0.5 0.5
vt 0.5 0.5
vt 0.5 0.5
vt 0.5 0.5
vt 0.5 0.5
vt 0.5 0.5
vt 0.5 0.5
vt 0.5 0.5
vt 0.5 0.5
vt 0.5 0.5
vt 0.5 0.5
vt 0.5 0.5
vt 0.5 0.5
vt 0.5 0.5
vt 0.5 0.5
vt 0.5 0.5
vt 0.5 0.5
vt 0.5 0.5
vt 0.5 0.5
vt 0.5 0.5
vt 0.5 0.5
vt 0.5 0.5
vt 0.5 0.5
vt 0.5 0.5
vt 0.5 0.5
vt 0.5 0.5
vt 0.5 0.5
vt 0.5 0.5
vt 0.5 0.5
vt 0.5 0.5
vt 0.5 0.5
vt 0.5 0.5
vt 0.5 0.5
vt 0.5 0.5
vt 0.5 0.5
vt 0.5 0.5
vt 0.5 0.5
vt 0.5 0.5
vt 0.5 0.5
vt 0.5 0.5
vt 0.5 0.5
vt 0.5 0.5
vt 0.5 0.5
vt 0.5 0.5
vt 0.5 0.5
vt 0.5 0.5
vt 0.5 0.5
vt 0.5 0.5
vt 0.5 0.5
vt 0.5 0.5
vt 0.5 0.5
vt 0.5 0.5
vt 0.5 0.5
vt 0.5 0.5
vt 0.5 0.5
vt 0.5 0.5
vt 0.5 0.5
vt 0.5 0.5
vt 0.5 0.5
vt 0.5 0.5
vt 0.5 0.5
vt 0.5 0.5
vt 0.5 0.5
vt 0.5 0.5
vt 0.5 0.5
vt 0.5 0.5
vt 0.5 0.5
vt 0.5 0.5
vt 0.5 0.5
vt 0.5 0.5
vt 0.5 0.5
vt 0.5 0.5
vt 0.5 0.5
vt 0.5 0.5
vt 0.5 0.5
vt 0.5 0.5
vt 0.5 0.5
vt 0.5 0.5
vt 0.5 0.5
vt 0.5 0.5
vt 0.5 0.5
vt 0.5 0.5
vt 0.5 0.5
vt 0.5 0.5
vt 0.5 0.5
vt 0.5 0.5
vt 0.5 0.5
vt 0.5 0.5
vt 0.5 0.5
vt 0.5 0.5
vt 0.5 0.5
vt 0.5 0.5
vt 0.5 0.5
vt 0.5 0.5
vt 0.5 0.5
vt 0.5 0.5
vt 0.5 0.5
vt 0.5 0.5
vt 0.5 0.5
vt 0.5 0.5
vt 0.5 0.5
vt 0.5 0.5
vt 0.5 0.5
vt 0.5 0.5
vt 0.5 0.5
vt 0.5 0.5
vt 0.5 0.5
vt 0.5 0.5
vt 0.5 0.5
vt 0.5 0.5
vt 0.5 0.5
vt 0.5 0.5
vt 0.5 0.5
vt 0.5 0.5
vt 0.5 0.5
vt 0.5 0.5
vt 0.5 0.5
vt 0.5 0.5
vt 0.5 0.5
vt 0.5 0.5
vt 0.5 0.5
vt 0.5 0.5
vt 0.5 0.5
vt 0.5 0.5
vt 0.5 0.5
vt 0.5 0.5
vt 0.5 0.5
vt 0.5 0.5
vt 0.5 0.5
vt 0.5 0.5
vt 0.5 0.5
vt 0.5 0.5
vt 0.5 0.5
vt 0.5 0.5
vt 0.5 0.5
vt 0.5 0.5
vt 0.5 0.5
vt 0.5 0.5
vt 0.5 0.5
vt 0.5 0.5
vt 0.5 0.5
vt 0.5 0.5
vt 0.5 0.5
vt 0.5 0.5
vt 0.5 0.5
vt 0.5 0.5
vt 0.5 0.5
vt 0.5 0.5
vt 0.5 0.5
vt 0.5 0.5
vt 0.5 0.5
vt 0.5 0.5
vt 0.5 0.5
vt 0.5 0.5
vt 0.5 0.5
vt 0.5 0.5
vt 0.5 0.5
vt 0.5 0.5
vt 0.5 0.5
vt 0.5 0.5
vt 0.5 0.5
vt 0.5 0.5
vt 0.5 0.5
vt 0.5 0.5
vt 0.5 0.5
vt 0.5 0.5
vn -0.9914448613738104 0 -0.13052619222005196
vn 0 -1 0
vn 0 1 0
vn -0.9238795325112867 0 -0.3826834323650898
vn 0 -1 0
vn 0 1 0
vn -0.7933533402912354 0 -0.6087614290087203
vn 0 -1 0
vn 0 1 0
vn -0.608761429008721 0 -0.793353340291235
vn 0 -1 0
vn 0 1 0
vn -0.3826834323650895 0 -0.9238795325112871
vn 0 -1 0
vn 0 1 0
vn -0.13052619222005196 0 -0.9914448613738104
vn 0 -1 0
vn 0 1 0
vn 0.13052619222005188 0 -0.9914448613738104
vn 0 -1 0
vn 0 1 0
vn 0.38268343236509 0 -0.9238795325112867
vn 0 -1 0
vn 0 1 0
vn 0.6087614290087202 0 -0.7933533402912356
vn 0 -1 0
vn 0 1 0
vn 0.7933533402912353 0 -0.6087614290087204
vn 0 -1 0
vn 0 1 0
vn 0.9238795325112868 0 -0.3826834323650895
vn 0 -1 0
vn 0 1 0
vn 0.9914448613738103 0 -0.13052619222005254
vn 0 -1 0
vn 0 1 0
vn 0.9914448613738106 0 0.13052619222005138
vn 0 -1 0
vn 0 1 0
vn 0.923879532511287 0 0.3826834323650895
vn 0 -1 0
vn 0 1 0
vn 0.7933533402912349 0 0.6087614290087209
vn 0 -1 0
vn 0 1 0
vn 0.6087614290087208 0 0.7933533402912352
vn 0 -1 0
vn 0 1 0
vn 0.3826834323650899 0 0.9238795325112867
vn 0 -1 0
vn 0 1 0
vn 0.1305261922200521 0 0.9914448613738104
vn 0 -1 0
vn 0 1 0
vn -0.1305261922200514 0 0.9914448613738106
vn 0 -1 0
vn 0 1 0
vn -0.3826834323650894 0 0.923879532511287
vn 0 -1 0
vn 0 1 0
vn -0.6087614290087212 0 0.7933533402912347
vn 0 -1 0
vn 0 1 0
vn -0.7933533402912348 0 0.6087614290087211
vn 0 -1 0
vn 0 1 0
vn -0.9238795325112868 0 0.38268343236509006
vn 0 -1 0
vn 0 1 0
vn -0.9914448613738104 0 0.13052619222005196
vn 0 -1 0
vn 0 1 0
usemtl m_fd6528dc-6890-b3c9-f9b5-33bf351960de
f 170/801/241 172/802/241 171/803/241 169/804/241
f 169/805/242 171/806/242 167/807/242
f 172/808/243 170/809/243 168/810/243
f 172/811/244 174/812/244 173/813/244 171/814/244
f 171/815/245 173/816/245 167/817/245
f 174/818/246 172/819/246 168/820/246
f 174/821/247 176/822/247 175/823/247 173/824/247
f 173/825/248 175/826/248 167/827/248
f 176/828/249 174/829/249 168/830/249
f 176/831/250 178/832/250 177/833/250 175/834/250
f 175/835/251 177/836/251 167/837/251
f 178/838/252 176/839/252 168/840/252
f 178/841/253 180/842/253 179/843/253 177/844/253
f 177/845/254 179/846/254 167/847/254
f 180/848/255 178/849/255 168/850/255
f 180/851/256 182/852/256 181/853/256 179/854/256
f 179/855/257 181/856/257 167/857/257
f 182/858/258 180/859/258 168/860/258
f 182/861/259 184/862/259 183/863/259 181/864/259
f 181/865/260 183/866/260 167/867/260
f 184/868/261 182/869/261 168/870/261
f 184/871/262 186/872/262 185/873/262 183/874/262
f 183/875/263 185/876/263 167/877/263
f 186/878/264 184/879/264 168/880/264
f 186/881/265 188/882/265 187/883/265 185/884/265
f 185/885/266 187/886/266 167/887/266
f 188/888/267 186/889/267 168/890/267
f 188/891/268 190/892/268 189/893/268 187/894/268
f 187/895/269 189/896/269 167/897/269
f 190/898/270 188/899/270 168/900/270
f 190/901/271 192/902/271 191/903/271 189/904/271
f 189/905/272 191/906/272 167/907/272
f 192/908/273 190/909/273 168/910/273
f 192/911/274 194/912/274 193/913/274 191/914/274
f 191/915/275 193/916/275 167/917/275
f 194/918/276 192/919/276 168/920/276
f 194/921/277 196/922/277 195/923/277 193/924/277
f 193/925/278 195/926/278 167/927/278
f 196/928/279 194/929/279 168/930/279
f 196/931/280 198/932/280 197/933/280 195/934/280
f 195/935/281 197/936/281 167/937/281
f 198/938/282 196/939/282 168/940/282
f 198/941/283 200/942/283 199/943/283 197/944/283
f 197/945/284 199/946/284 167/947/284
f 200/948/285 198/949/285 168/950/285
f 200/951/286 202/952/286 201/953/286 199/954/286
f 199/955/287 201/956/287 167/957/287
f 202/958/288 200/959/288 168/960/288
f 202/961/289 204/962/289 203/963/289 201/964/289
f 201/965/290 203/966/290 167/967/290
f 204/968/291 202/969/291 168/970/291
f 204/971/292 206/972/292 205/973/292 203/974/292
f 203/975/293 205/976/293 167/977/293
f 206/978/294 204/979/294 168/980/294
f 206/981/295 208/982/295 207/983/295 205/984/295
f 205/985/296 207/986/296 167/987/296
f 208/988/297 206/989/297 168/990/297
f 208/991/298 210/992/298 209/993/298 207/994/298
f 207/995/299 209/996/299 167/997/299
f 210/998/300 208/999/300 168/1000/300
f 210/1001/301 212/1002/301 211/1003/301 209/1004/301
f 209/1005/302 211/1006/302 167/1007/302
f 212/1008/303 210/1009/303 168/1010/303
f 212/1011/304 214/1012/304 213/1013/304 211/1014/304
f 211/1015/305 213/1016/305 167/1017/305
f 214/1018/306 212/1019/306 168/1020/306
f 214/1021/307 216/1022/307 215/1023/307 213/1024/307
f 213/1025/308 215/1026/308 167/1027/308
f 216/1028/309 214/1029/309 168/1030/309
f 216/1031/310 170/1032/310 169/1033/310 215/1034/310
f 215/1035/311 169/1036/311 167/1037/311
f 170/1038/312 216/1039/312 168/1040/312
o emitter_lip
v 0 2.3625000000000003 0
v 0 2.275 0
v 0.08875679999999998 2.3625000000000003 0
v 0.08875679999999998 2.275 0
v 0.08573248537877357 2.3625000000000003 0.02297195022235541
v 0.08573248537877357 2.275 0.02297195022235541
v 0.07686564355861465 2.3625000000000003 0.044378399999999985
v 0.07686564355861465 2.275 0.044378399999999985
v 0.06276053515641816 2.3625000000000003 0.06276053515641815
v 0.06276053515641816 2.275 0.06276053515641815
v 0.044378400000000005 2.3625000000000003 0.07686564355861465
v 0.044378400000000005 2.275 0.07686564355861465
v 0.02297195022235541 2.3625000000000003 0.08573248537877357
v 0.02297195022235541 2.275 0.08573248537877357
v 5.4347865511280884e-18 2.3625000000000003 0.08875679999999998
v 5.4347865511280884e-18 2.275 0.08875679999999998
v -0.022971950222355417 2.3625000000000003 0.08573248537877357
v -0.022971950222355417 2.275 0.08573248537877357
v -0.04437839999999998 2.3625000000000003 0.07686564355861465
v -0.04437839999999998 2.275 0.07686564355861465
v -0.06276053515641815 2.3625000000000003 0.06276053515641816
v -0.06276053515641815 2.275 0.06276053515641816
v -0.07686564355861465 2.3625000000000003 0.044378399999999985
v -0.07686564355861465 2.275 0.044378399999999985
v -0.08573248537877357 2.3625000000000003 0.022971950222355434
v -0.08573248537877357 2.275 0.022971950222355434
v -0.08875679999999998 2.3625000000000003 1.0869573102256177e-17
v -0.08875679999999998 2.275 1.0869573102256177e-17
v -0.08573248537877357 2.3625000000000003 -0.02297195022235537
v -0.08573248537877357 2.275 -0.02297195022235537
v -0.07686564355861465 2.3625000000000003 -0.044378400000000005
v -0.07686564355861465 2.275 -0.044378400000000005
v -0.06276053515641816 2.3625000000000003 -0.06276053515641815
v -0.06276053515641816 2.275 -0.06276053515641815
v -0.04437840000000003 2.3625000000000003 -0.07686564355861464
v -0.04437840000000003 2.275 -0.07686564355861464
v -0.0229719502223554 2.3625000000000003 -0.08573248537877357
v -0.0229719502223554 2.275 -0.08573248537877357
v -1.6304359653384267e-17 2.3625000000000003 -0.08875679999999998
v -1.6304359653384267e-17 2.275 -0.08875679999999998
v 0.022971950222355368 2.3625000000000003 -0.08573248537877357
v 0.022971950222355368 2.275 -0.08573248537877357
v 0.044378400000000005 2.3625000000000003 -0.07686564355861465
v 0.044378400000000005 2.275 -0.07686564355861465
v 0.06276053515641813 2.3625000000000003 -0.06276053515641816
v 0.06276053515641813 2.275 -0.06276053515641816
v 0.07686564355861464 2.3625000000000003 -0.04437840000000003
v 0.07686564355861464 2.275 -0.04437840000000003
v 0.08573248537877357 2.3625000000000003 -0.02297195022235541
v 0.08573248537877357 2.275 -0.02297195022235541
vt 0.5 0.5
vt 0.5 0.5
vt 0.5 0.5
vt 0.5 0.5
vt 0.5 0.5
vt 0.5 0.5
vt 0.5 0.5
vt 0.5 0.5
vt 0.5 0.5
vt 0.5 0.5
vt 0.5 0.5
vt 0.5 0.5
vt 0.5 0.5
vt 0.5 0.5
vt 0.5 0.5
vt 0.5 0.5
vt 0.5 0.5
vt 0.5 0.5
vt 0.5 0.5
vt 0.5 0.5
vt 0.5 0.5
vt 0.5 0.5
vt 0.5 0.5
vt 0.5 0.5
vt 0.5 0.5
vt 0.5 0.5
vt 0.5 0.5
vt 0.5 0.5
vt 0.5 0.5
vt 0.5 0.5
vt 0.5 0.5
vt 0.5 0.5
vt 0.5 0.5
vt 0.5 0.5
vt 0.5 0.5
vt 0.5 0.5
vt 0.5 0.5
vt 0.5 0.5
vt 0.5 0.5
vt 0.5 0.5
vt 0.5 0.5
vt 0.5 0.5
vt 0.5 0.5
vt 0.5 0.5
vt 0.5 0.5
vt 0.5 0.5
vt 0.5 0.5
vt 0.5 0.5
vt 0.5 0.5
vt 0.5 0.5
vt 0.5 0.5
vt 0.5 0.5
vt 0.5 0.5
vt 0.5 0.5
vt 0.5 0.5
vt 0.5 0.5
vt 0.5 0.5
vt 0.5 0.5
vt 0.5 0.5
vt 0.5 0.5
vt 0.5 0.5
vt 0.5 0.5
vt 0.5 0.5
vt 0.5 0.5
vt 0.5 0.5
vt 0.5 0.5
vt 0.5 0.5
vt 0.5 0.5
vt 0.5 0.5
vt 0.5 0.5
vt 0.5 0.5
vt 0.5 0.5
vt 0.5 0.5
vt 0.5 0.5
vt 0.5 0.5
vt 0.5 0.5
vt 0.5 0.5
vt 0.5 0.5
vt 0.5 0.5
vt 0.5 0.5
vt 0.5 0.5
vt 0.5 0.5
vt 0.5 0.5
vt 0.5 0.5
vt 0.5 0.5
vt 0.5 0.5
vt 0.5 0.5
vt 0.5 0.5
vt 0.5 0.5
vt 0.5 0.5
vt 0.5 0.5
vt 0.5 0.5
vt 0.5 0.5
vt 0.5 0.5
vt 0.5 0.5
vt 0.5 0.5
vt 0.5 0.5
vt 0.5 0.5
vt 0.5 0.5
vt 0.5 0.5
vt 0.5 0.5
vt 0.5 0.5
vt 0.5 0.5
vt 0.5 0.5
vt 0.5 0.5
vt 0.5 0.5
vt 0.5 0.5
vt 0.5 0.5
vt 0.5 0.5
vt 0.5 0.5
vt 0.5 0.5
vt 0.5 0.5
vt 0.5 0.5
vt 0.5 0.5
vt 0.5 0.5
vt 0.5 0.5
vt 0.5 0.5
vt 0.5 0.5
vt 0.5 0.5
vt 0.5 0.5
vt 0.5 0.5
vt 0.5 0.5
vt 0.5 0.5
vt 0.5 0.5
vt 0.5 0.5
vt 0.5 0.5
vt 0.5 0.5
vt 0.5 0.5
vt 0.5 0.5
vt 0.5 0.5
vt 0.5 0.5
vt 0.5 0.5
vt 0.5 0.5
vt 0.5 0.5
vt 0.5 0.5
vt 0.5 0.5
vt 0.5 0.5
vt 0.5 0.5
vt 0.5 0.5
vt 0.5 0.5
vt 0.5 0.5
vt 0.5 0.5
vt 0.5 0.5
vt 0.5 0.5
vt 0.5 0.5
vt 0.5 0.5
vt 0.5 0.5
vt 0.5 0.5
vt 0.5 0.5
vt 0.5 0.5
vt 0.5 0.5
vt 0.5 0.5
vt 0.5 0.5
vt 0.5 0.5
vt 0.5 0.5
vt 0.5 0.5
vt 0.5 0.5
vt 0.5 0.5
vt 0.5 0.5
vt 0.5 0.5
vt 0.5 0.5
vt 0.5 0.5
vt 0.5 0.5
vt 0.5 0.5
vt 0.5 0.5
vt 0.5 0.5
vt 0.5 0.5
vt 0.5 0.5
vt 0.5 0.5
vt 0.5 0.5
vt 0.5 0.5
vt 0.5 0.5
vt 0.5 0.5
vt 0.5 0.5
vt 0.5 0.5
vt 0.5 0.5
vt 0.5 0.5
vt 0.5 0.5
vt 0.5 0.5
vt 0.5 0.5
vt 0.5 0.5
vt 0.5 0.5
vt 0.5 0.5
vt 0.5 0.5
vt 0.5 0.5
vt 0.5 0.5
vt 0.5 0.5
vt 0.5 0.5
vt 0.5 0.5
vt 0.5 0.5
vt 0.5 0.5
vt 0.5 0.5
vt 0.5 0.5
vt 0.5 0.5
vt 0.5 0.5
vt 0.5 0.5
vt 0.5 0.5
vt 0.5 0.5
vt 0.5 0.5
vt 0.5 0.5
vt 0.5 0.5
vt 0.5 0.5
vt 0.5 0.5
vt 0.5 0.5
vt 0.5 0.5
vt 0.5 0.5
vt 0.5 0.5
vt 0.5 0.5
vt 0.5 0.5
vt 0.5 0.5
vt 0.5 0.5
vt 0.5 0.5
vt 0.5 0.5
vt 0.5 0.5
vt 0.5 0.5
vt 0.5 0.5
vt 0.5 0.5
vt 0.5 0.5
vt 0.5 0.5
vt 0.5 0.5
vt 0.5 0.5
vt 0.5 0.5
vt 0.5 0.5
vt 0.5 0.5
vt 0.5 0.5
vt 0.5 0.5
vt 0.5 0.5
vt 0.5 0.5
vt 0.5 0.5
vt 0.5 0.5
vt 0.5 0.5
vt 0.5 0.5
vt 0.5 0.5
vt 0.5 0.5
vt 0.5 0.5
vt 0.5 0.5
vt 0.5 0.5
vt 0.5 0.5
vt 0.5 0.5
vt 0.5 0.5
vn -0.9914448613738105 0 -0.13052619222005138
vn 0 -1 0
vn 0 1 0
vn -0.9238795325112868 0 -0.38268343236509006
vn 0 -1 0
vn 0 1 0
vn -0.7933533402912355 0 -0.6087614290087202
vn 0 -1 0
vn 0 1 0
vn -0.6087614290087208 0 -0.7933533402912352
vn 0 -1 0
vn 0 1 0
vn -0.3826834323650897 0 -0.923879532511287
vn 0 -1 0
vn 0 1 0
vn -0.1305261922200514 0 -0.9914448613738105
vn 0 -1 0
vn 0 1 0
vn 0.1305261922200513 0 -0.9914448613738105
vn 0 -1 0
vn 0 1 0
vn 0.3826834323650902 0 -0.9238795325112866
vn 0 -1 0
vn 0 1 0
vn 0.6087614290087201 0 -0.7933533402912357
vn 0 -1 0
vn 0 1 0
vn 0.7933533402912355 0 -0.6087614290087203
vn 0 -1 0
vn 0 1 0
vn 0.9238795325112865 0 -0.38268343236509034
vn 0 -1 0
vn 0 1 0
vn 0.9914448613738105 0 -0.1305261922200513
vn 0 -1 0
vn 0 1 0
vn 0.9914448613738105 0 0.13052619222005152
vn 0 -1 0
vn 0 1 0
vn 0.9238795325112872 0 0.38268343236508917
vn 0 -1 0
vn 0 1 0
vn 0.7933533402912352 0 0.6087614290087207
vn 0 -1 0
vn 0 1 0
vn 0.608761429008721 0 0.793353340291235
vn 0 -1 0
vn 0 1 0
vn 0.38268343236508956 0 0.9238795325112868
vn 0 -1 0
vn 0 1 0
vn 0.13052619222005152 0 0.9914448613738105
vn 0 -1 0
vn 0 1 0
vn -0.13052619222005152 0 0.9914448613738105
vn 0 -1 0
vn 0 1 0
vn -0.38268343236508906 0 0.9238795325112871
vn 0 -1 0
vn 0 1 0
vn -0.608761429008721 0 0.793353340291235
vn 0 -1 0
vn 0 1 0
vn -0.7933533402912347 0 0.6087614290087214
vn 0 -1 0
vn 0 1 0
vn -0.9238795325112867 0 0.3826834323650897
vn 0 -1 0
vn 0 1 0
vn -0.9914448613738105 0 0.13052619222005138
vn 0 -1 0
vn 0 1 0
usemtl m_fd6528dc-6890-b3c9-f9b5-33bf351960de
f 220/1041/313 222/1042/313 221/1043/313 219/1044/313
f 219/1045/314 221/1046/314 217/1047/314
f 222/1048/315 220/1049/315 218/1050/315
f 222/1051/316 224/1052/316 223/1053/316 221/1054/316
f 221/1055/317 223/1056/317 217/1057/317
f 224/1058/318 222/1059/318 218/1060/318
f 224/1061/319 226/1062/319 225/1063/319 223/1064/319
f 223/1065/320 225/1066/320 217/1067/320
f 226/1068/321 224/1069/321 218/1070/321
f 226/1071/322 228/1072/322 227/1073/322 225/1074/322
f 225/1075/323 227/1076/323 217/1077/323
f 228/1078/324 226/1079/324 218/1080/324
f 228/1081/325 230/1082/325 229/1083/325 227/1084/325
f 227/1085/326 229/1086/326 217/1087/326
f 230/1088/327 228/1089/327 218/1090/327
f 230/1091/328 232/1092/328 231/1093/328 229/1094/328
f 229/1095/329 231/1096/329 217/1097/329
f 232/1098/330 230/1099/330 218/1100/330
f 232/1101/331 234/1102/331 233/1103/331 231/1104/331
f 231/1105/332 233/1106/332 217/1107/332
f 234/1108/333 232/1109/333 218/1110/333
f 234/1111/334 236/1112/334 235/1113/334 233/1114/334
f 233/1115/335 235/1116/335 217/1117/335
f 236/1118/336 234/1119/336 218/1120/336
f 236/1121/337 238/1122/337 237/1123/337 235/1124/337
f 235/1125/338 237/1126/338 217/1127/338
f 238/1128/339 236/1129/339 218/1130/339
f 238/1131/340 240/1132/340 239/1133/340 237/1134/340
f 237/1135/341 239/1136/341 217/1137/341
f 240/1138/342 238/1139/342 218/1140/342
f 240/1141/343 242/1142/343 241/1143/343 239/1144/343
f 239/1145/344 241/1146/344 217/1147/344
f 242/1148/345 240/1149/345 218/1150/345
f 242/1151/346 244/1152/346 243/1153/346 241/1154/346
f 241/1155/347 243/1156/347 217/1157/347
f 244/1158/348 242/1159/348 218/1160/348
f 244/1161/349 246/1162/349 245/1163/349 243/1164/349
f 243/1165/350 245/1166/350 217/1167/350
f 246/1168/351 244/1169/351 218/1170/351
f 246/1171/352 248/1172/352 247/1173/352 245/1174/352
f 245/1175/353 247/1176/353 217/1177/353
f 248/1178/354 246/1179/354 218/1180/354
f 248/1181/355 250/1182/355 249/1183/355 247/1184/355
f 247/1185/356 249/1186/356 217/1187/356
f 250/1188/357 248/1189/357 218/1190/357
f 250/1191/358 252/1192/358 251/1193/358 249/1194/358
f 249/1195/359 251/1196/359 217/1197/359
f 252/1198/360 250/1199/360 218/1200/360
f 252/1201/361 254/1202/361 253/1203/361 251/1204/361
f 251/1205/362 253/1206/362 217/1207/362
f 254/1208/363 252/1209/363 218/1210/363
f 254/1211/364 256/1212/364 255/1213/364 253/1214/364
f 253/1215/365 255/1216/365 217/1217/365
f 256/1218/366 254/1219/366 218/1220/366
f 256/1221/367 258/1222/367 257/1223/367 255/1224/367
f 255/1225/368 257/1226/368 217/1227/368
f 258/1228/369 256/1229/369 218/1230/369
f 258/1231/370 260/1232/370 259/1233/370 257/1234/370
f 257/1235/371 259/1236/371 217/1237/371
f 260/1238/372 258/1239/372 218/1240/372
f 260/1241/373 262/1242/373 261/1243/373 259/1244/373
f 259/1245/374 261/1246/374 217/1247/374
f 262/1248/375 260/1249/375 218/1250/375
f 262/1251/376 264/1252/376 263/1253/376 261/1254/376
f 261/1255/377 263/1256/377 217/1257/377
f 264/1258/378 262/1259/378 218/1260/378
f 264/1261/379 266/1262/379 265/1263/379 263/1264/379
f 263/1265/380 265/1266/380 217/1267/380
f 266/1268/381 264/1269/381 218/1270/381
f 266/1271/382 220/1272/382 219/1273/382 265/1274/382
f 265/1275/383 219/1276/383 217/1277/383
f 220/1278/384 266/1279/384 218/1280/384
o emitter_ring_lower
v 0 1.78125 0
v 0 1.71875 0
v 0.10262504999999997 1.78125 0
v 0.10262504999999997 1.71875 0
v 0.10065313844064552 1.78125 0.02002115405142126
v 0.10065313844064552 1.71875 0.02002115405142126
v 0.0948131832179474 1.78125 0.039272906380638954
v 0.0948131832179474 1.71875 0.039272906380638954
v 0.0853296105360293 1.78125 0.057015422942148314
v 0.0853296105360293 1.71875 0.057015422942148314
v 0.0725668687746085 1.78125 0.07256686877460848
v 0.0725668687746085 1.71875 0.07256686877460848
v 0.057015422942148335 1.78125 0.0853296105360293
v 0.057015422942148335 1.71875 0.0853296105360293
v 0.03927290638063896 1.78125 0.0948131832179474
v 0.03927290638063896 1.71875 0.0948131832179474
v 0.020021154051421266 1.78125 0.10065313844064552
v 0.020021154051421266 1.71875 0.10065313844064552
v 6.2839719497418524e-18 1.78125 0.10262504999999997
v 6.2839719497418524e-18 1.71875 0.10262504999999997
v -0.020021154051421252 1.78125 0.10065313844064552
v -0.020021154051421252 1.71875 0.10065313844064552
v -0.03927290638063894 1.78125 0.0948131832179474
v -0.03927290638063894 1.71875 0.0948131832179474
v -0.0570154229421483 1.78125 0.08532961053602933
v -0.0570154229421483 1.71875 0.08532961053602933
v -0.07256686877460848 1.78125 0.0725668687746085
v -0.07256686877460848 1.71875 0.0725668687746085
v -0.08532961053602932 1.78125 0.057015422942148314
v -0.08532961053602932 1.71875 0.057015422942148314
v -0.0948131832179474 1.78125 0.03927290638063896
v -0.0948131832179474 1.71875 0.03927290638063896
v -0.10065313844064552 1.78125 0.020021154051421297
v -0.10065313844064552 1.71875 0.020021154051421297
v -0.10262504999999997 1.78125 1.2567943899483705e-17
v -0.10262504999999997 1.71875 1.2567943899483705e-17
v -0.10065313844064552 1.78125 -0.020021154051421273
v -0.10065313844064552 1.71875 -0.020021154051421273
v -0.09481318321794743 1.78125 -0.03927290638063894
v -0.09481318321794743 1.71875 -0.03927290638063894
v -0.08532961053602933 1.78125 -0.0570154229421483
v -0.08532961053602933 1.71875 -0.0570154229421483
v -0.07256686877460851 1.78125 -0.07256686877460848
v -0.07256686877460851 1.71875 -0.07256686877460848
v -0.057015422942148314 1.78125 -0.0853296105360293
v -0.057015422942148314 1.71875 -0.0853296105360293
v -0.03927290638063901 1.78125 -0.09481318321794738
v -0.03927290638063901 1.71875 -0.09481318321794738
v -0.020021154051421297 1.78125 -0.10065313844064551
v -0.020021154051421297 1.71875 -0.10065313844064551
v -1.8851915849225556e-17 1.78125 -0.10262504999999997
v -1.8851915849225556e-17 1.71875 -0.10262504999999997
v 0.020021154051421266 1.78125 -0.10065313844064552
v 0.020021154051421266 1.71875 -0.10065313844064552
v 0.039272906380638975 1.78125 -0.09481318321794738
v 0.039272906380638975 1.71875 -0.09481318321794738
v 0.05701542294214828 1.78125 -0.08532961053602933
v 0.05701542294214828 1.71875 -0.08532961053602933
v 0.07256686877460847 1.78125 -0.07256686877460851
v 0.07256686877460847 1.71875 -0.07256686877460851
v 0.0853296105360293 1.78125 -0.057015422942148314
v 0.0853296105360293 1.71875 -0.057015422942148314
v 0.09481318321794738 1.78125 -0.03927290638063902
v 0.09481318321794738 1.71875 -0.03927290638063902
v 0.10065313844064551 1.78125 -0.02002115405142131
v 0.10065313844064551 1.71875 -0.02002115405142131
vt 0.5 0.5
vt 0.5 0.5
vt 0.5 0.5
vt 0.5 0.5
vt 0.5 0.5
vt 0.5 0.5
vt 0.5 0.5
vt 0.5 0.5
vt 0.5 0.5
vt 0.5 0.5
vt 0.5 0.5
vt 0.5 0.5
vt 0.5 0.5
vt 0.5 0.5
vt 0.5 0.5
vt 0.5 0.5
vt 0.5 0.5
vt 0.5 0.5
vt 0.5 0.5
vt 0.5 0.5
vt 0.5 0.5
vt 0.5 0.5
vt 0.5 0.5
vt 0.5 0.5
vt 0.5 0.5
vt 0.5 0.5
vt 0.5 0.5
vt 0.5 0.5
vt 0.5 0.5
vt 0.5 0.5
vt 0.5 0.5
vt 0.5 0.5
vt 0.5 0.5
vt 0.5 0.5
vt 0.5 0.5
vt 0.5 0.5
vt 0.5 0.5
vt 0.5 0.5
vt 0.5 0.5
vt 0.5 0.5
vt 0.5 0.5
vt 0.5 0.5
vt 0.5 0.5
vt 0.5 0.5
vt 0.5 0.5
vt 0.5 0.5
vt 0.5 0.5
vt 0.5 0.5
vt 0.5 0.5
vt 0.5 0.5
vt 0.5 0.5
vt 0.5 0.5
vt 0.5 0.5
vt 0.5 0.5
vt 0.5 0.5
vt 0.5 0.5
vt 0.5 0.5
vt 0.5 0.5
vt 0.5 0.5
vt 0.5 0.5
vt 0.5 0.5
vt 0.5 0.5
vt 0.5 0.5
vt 0.5 0.5
vt 0.5 0.5
vt 0.5 0.5
vt 0.5 0.5
vt 0.5 0.5
vt 0.5 0.5
vt 0.5 0.5
vt 0.5 0.5
vt 0.5 0.5
vt 0.5 0.5
vt 0.5 0.5
vt 0.5 0.5
vt 0.5 0.5
vt 0.5 0.5
vt 0.5 0.5
vt 0.5 0.5
vt 0.5 0.5
vt 0.5 0.5
vt 0.5 0.5
vt 0.5 0.5
vt 0.5 0.5
vt 0.5 0.5
vt 0.5 0.5
vt 0.5 0.5
vt 0.5 0.5
vt 0.5 0.5
vt 0.5 0.5
vt 0.5 0.5
vt 0.5 0.5
vt 0.5 0.5
vt 0.5 0.5
vt 0.5 0.5
vt 0.5 0.5
vt 0.5 0.5
vt 0.5 0.5
vt 0.5 0.5
vt 0.5 0.5
vt 0.5 0.5
vt 0.5 0.5
vt 0.5 0.5
vt 0.5 0.5
vt 0.5 0.5
vt 0.5 0.5
vt 0.5 0.5
vt 0.5 0.5
vt 0.5 0.5
vt 0.5 0.5
vt 0.5 0.5
vt 0.5 0.5
vt 0.5 0.5
vt 0.5 0.5
vt 0.5 0.5
vt 0.5 0.5
vt 0.5 0.5
vt 0.5 0.5
vt 0.5 0.5
vt 0.5 0.5
vt 0.5 0.5
vt 0.5 0.5
vt 0.5 0.5
vt 0.5 0.5
vt 0.5 0.5
vt 0.5 0.5
vt 0.5 0.5
vt 0.5 0.5
vt 0.5 0.5
vt 0.5 0.5
vt 0.5 0.5
vt 0.5 0.5
vt 0.5 0.5
vt 0.5 0.5
vt 0.5 0.5
vt 0.5 0.5
vt 0.5 0.5
vt 0.5 0.5
vt 0.5 0.5
vt 0.5 0.5
vt 0.5 0.5
vt 0.5 0.5
vt 0.5 0.5
vt 0.5 0.5
vt 0.5 0.5
vt 0.5 0.5
vt 0.5 0.5
vt 0.5 0.5
vt 0.5 0.5
vt 0.5 0.5
vt 0.5 0.5
vt 0.5 0.5
vt 0.5 0.5
vt 0.5 0.5
vt 0.5 0.5
vt 0.5 0.5
vt 0.5 0.5
vt 0.5 0.5
vt 0.5 0.5
vt 0.5 0.5
vt 0.5 0.5
vt 0.5 0.5
vt 0.5 0.5
vt 0.5 0.5
vt 0.5 0.5
vt 0.5 0.5
vt 0.5 0.5
vt 0.5 0.5
vt 0.5 0.5
vt 0.5 0.5
vt 0.5 0.5
vt 0.5 0.5
vt 0.5 0.5
vt 0.5 0.5
vt 0.5 0.5
vt 0.5 0.5
vt 0.5 0.5
vt 0.5 0.5
vt 0.5 0.5
vt 0.5 0.5
vt 0.5 0.5
vt 0.5 0.5
vt 0.5 0.5
vt 0.5 0.5
vt 0.5 0.5
vt 0.5 0.5
vt 0.5 0.5
vt 0.5 0.5
vt 0.5 0.5
vt 0.5 0.5
vt 0.5 0.5
vt 0.5 0.5
vt 0.5 0.5
vt 0.5 0.5
vt 0.5 0.5
vt 0.5 0.5
vt 0.5 0.5
vt 0.5 0.5
vt 0.5 0.5
vt 0.5 0.5
vt 0.5 0.5
vt 0.5 0.5
vt 0.5 0.5
vt 0.5 0.5
vt 0.5 0.5
vt 0.5 0.5
vt 0.5 0.5
vt 0.5 0.5
vt 0.5 0.5
vt 0.5 0.5
vt 0.5 0.5
vt 0.5 0.5
vt 0.5 0.5
vt 0.5 0.5
vt 0.5 0.5
vt 0.5 0.5
vt 0.5 0.5
vt 0.5 0.5
vt 0.5 0.5
vt 0.5 0.5
vt 0.5 0.5
vt 0.5 0.5
vt 0.5 0.5
vt 0.5 0.5
vt 0.5 0.5
vt 0.5 0.5
vt 0.5 0.5
vt 0.5 0.5
vt 0.5 0.5
vt 0.5 0.5
vt 0.5 0.5
vt 0.5 0.5
vt 0.5 0.5
vt 0.5 0.5
vt 0.5 0.5
vt 0.5 0.5
vt 0.5 0.5
vt 0.5 0.5
vt 0.5 0.5
vt 0.5 0.5
vt 0.5 0.5
vt 0.5 0.5
vt 0.5 0.5
vt 0.5 0.5
vt 0.5 0.5
vt 0.5 0.5
vt 0.5 0.5
vt 0.5 0.5
vt 0.5 0.5
vt 0.5 0.5
vt 0.5 0.5
vt 0.5 0.5
vt 0.5 0.5
vt 0.5 0.5
vt 0.5 0.5
vt 0.5 0.5
vt 0.5 0.5
vt 0.5 0.5
vt 0.5 0.5
vt 0.5 0.5
vt 0.5 0.5
vt 0.5 0.5
vt 0.5 0.5
vt 0.5 0.5
vt 0.5 0.5
vt 0.5 0.5
vt 0.5 0.5
vt 0.5 0.5
vt 0.5 0.5
vt 0.5 0.5
vt 0.5 0.5
vt 0.5 0.5
vt 0.5 0.5
vt 0.5 0.5
vt 0.5 0.5
vt 0.5 0.5
vt 0.5 0.5
vt 0.5 0.5
vt 0.5 0.5
vt 0.5 0.5
vt 0.5 0.5
vt 0.5 0.5
vt 0.5 0.5
vt 0.5 0.5
vt 0.5 0.5
vt 0.5 0.5
vt 0.5 0.5
vt 0.5 0.5
vt 0.5 0.5
vt 0.5 0.5
vt 0.5 0.5
vt 0.5 0.5
vt 0.5 0.5
vt 0.5 0.5
vt 0.5 0.5
vt 0.5 0.5
vt 0.5 0.5
vt 0.5 0.5
vt 0.5 0.5
vt 0.5 0.5
vt 0.5 0.5
vt 0.5 0.5
vt 0.5 0.5
vt 0.5 0.5
vt 0.5 0.5
vt 0.5 0.5
vt 0.5 0.5
vt 0.5 0.5
vt 0.5 0.5
vt 0.5 0.5
vt 0.5 0.5
vt 0.5 0.5
vt 0.5 0.5
vt 0.5 0.5
vt 0.5 0.5
vt 0.5 0.5
vt 0.5 0.5
vt 0.5 0.5
vt 0.5 0.5
vt 0.5 0.5
vn -0.995184726672197 0 -0.09801714032956013
vn 0 -1 0
vn 0 1 0
vn -0.9569403357322089 0 -0.2902846772544624
vn 0 -1 0
vn 0 1 0
vn -0.8819212643483552 0 -0.4713967368259977
vn 0 -1 0
vn 0 1 0
vn -0.7730104533627372 0 -0.6343932841636453
vn 0 -1 0
vn 0 1 0
vn -0.6343932841636458 0 -0.7730104533627369
vn 0 -1 0
vn 0 1 0
vn -0.47139673682599736 0 -0.8819212643483552
vn 0 -1 0
vn 0 1 0
vn -0.2902846772544624 0 -0.9569403357322089
vn 0 -1 0
vn 0 1 0
vn -0.09801714032956013 0 -0.995184726672197
vn 0 -1 0
vn 0 1 0
vn 0.09801714032956013 0 -0.995184726672197
vn 0 -1 0
vn 0 1 0
vn 0.2902846772544625 0 -0.9569403357322088
vn 0 -1 0
vn 0 1 0
vn 0.47139673682599664 0 -0.8819212643483558
vn 0 -1 0
vn 0 1 0
vn 0.6343932841636457 0 -0.773010453362737
vn 0 -1 0
vn 0 1 0
vn 0.773010453362737 0 -0.6343932841636457
vn 0 -1 0
vn 0 1 0
vn 0.8819212643483553 0 -0.47139673682599725
vn 0 -1 0
vn 0 1 0
vn 0.9569403357322088 0 -0.2902846772544629
vn 0 -1 0
vn 0 1 0
vn 0.995184726672197 0 -0.09801714032955999
vn 0 -1 0
vn 0 1 0
vn 0.995184726672197 0 0.09801714032955998
vn 0 -1 0
vn 0 1 0
vn 0.9569403357322092 0 0.2902846772544615
vn 0 -1 0
vn 0 1 0
vn 0.8819212643483552 0 0.4713967368259977
vn 0 -1 0
vn 0 1 0
vn 0.7730104533627373 0 0.6343932841636454
vn 0 -1 0
vn 0 1 0
vn 0.6343932841636449 0 0.7730104533627374
vn 0 -1 0
vn 0 1 0
vn 0.4713967368259978 0 0.8819212643483552
vn 0 -1 0
vn 0 1 0
vn 0.2902846772544628 0 0.9569403357322087
vn 0 -1 0
vn 0 1 0
vn 0.09801714032956071 0 0.995184726672197
vn 0 -1 0
vn 0 1 0
vn -0.09801714032955999 0 0.995184726672197
vn 0 -1 0
vn 0 1 0
vn -0.2902846772544635 0 0.9569403357322086
vn 0 -1 0
vn 0 1 0
vn -0.47139673682599664 0 0.8819212643483556
vn 0 -1 0
vn 0 1 0
vn -0.6343932841636452 0 0.7730104533627374
vn 0 -1 0
vn 0 1 0
vn -0.773010453362737 0 0.6343932841636454
vn 0 -1 0
vn 0 1 0
vn -0.8819212643483549 0 0.47139673682599786
vn 0 -1 0
vn 0 1 0
vn -0.9569403357322087 0 0.2902846772544629
vn 0 -1 0
vn 0 1 0
vn -0.995184726672197 0 0.09801714032956056
vn 0 -1 0
vn 0 1 0
usemtl m_3be25f79-071f-aaae-ced0-88ed625c361a
f 270/1281/385 272/1282/385 271/1283/385 269/1284/385
f 269/1285/386 271/1286/386 267/1287/386
f 272/1288/387 270/1289/387 268/1290/387
f 272/1291/388 274/1292/388 273/1293/388 271/1294/388
f 271/1295/389 273/1296/389 267/1297/389
f 274/1298/390 272/1299/390 268/1300/390
f 274/1301/391 276/1302/391 275/1303/391 273/1304/391
f 273/1305/392 275/1306/392 267/1307/392
f 276/1308/393 274/1309/393 268/1310/393
f 276/1311/394 278/1312/394 277/1313/394 275/1314/394
f 275/1315/395 277/1316/395 267/1317/395
f 278/1318/396 276/1319/396 268/1320/396
f 278/1321/397 280/1322/397 279/1323/397 277/1324/397
f 277/1325/398 279/1326/398 267/1327/398
f 280/1328/399 278/1329/399 268/1330/399
f 280/1331/400 282/1332/400 281/1333/400 279/1334/400
f 279/1335/401 281/1336/401 267/1337/401
f 282/1338/402 280/1339/402 268/1340/402
f 282/1341/403 284/1342/403 283/1343/403 281/1344/403
f 281/1345/404 283/1346/404 267/1347/404
f 284/1348/405 282/1349/405 268/1350/405
f 284/1351/406 286/1352/406 285/1353/406 283/1354/406
f 283/1355/407 285/1356/407 267/1357/407
f 286/1358/408 284/1359/408 268/1360/408
f 286/1361/409 288/1362/409 287/1363/409 285/1364/409
f 285/1365/410 287/1366/410 267/1367/410
f 288/1368/411 286/1369/411 268/1370/411
f 288/1371/412 290/1372/412 289/1373/412 287/1374/412
f 287/1375/413 289/1376/413 267/1377/413
f 290/1378/414 288/1379/414 268/1380/414
f 290/1381/415 292/1382/415 291/1383/415 289/1384/415
f 289/1385/416 291/1386/416 267/1387/416
f 292/1388/417 290/1389/417 268/1390/417
f 292/1391/418 294/1392/418 293/1393/418 291/1394/418
f 291/1395/419 293/1396/419 267/1397/419
f 294/1398/420 292/1399/420 268/1400/420
f 294/1401/421 296/1402/421 295/1403/421 293/1404/421
f 293/1405/422 295/1406/422 267/1407/422
f 296/1408/423 294/1409/423 268/1410/423
f 296/1411/424 298/1412/424 297/1413/424 295/1414/424
f 295/1415/425 297/1416/425 267/1417/425
f 298/1418/426 296/1419/426 268/1420/426
f 298/1421/427 300/1422/427 299/1423/427 297/1424/427
f 297/1425/428 299/1426/428 267/1427/428
f 300/1428/429 298/1429/429 268/1430/429
f 300/1431/430 302/1432/430 301/1433/430 299/1434/430
f 299/1435/431 301/1436/431 267/1437/431
f 302/1438/432 300/1439/432 268/1440/432
f 302/1441/433 304/1442/433 303/1443/433 301/1444/433
f 301/1445/434 303/1446/434 267/1447/434
f 304/1448/435 302/1449/435 268/1450/435
f 304/1451/436 306/1452/436 305/1453/436 303/1454/436
f 303/1455/437 305/1456/437 267/1457/437
f 306/1458/438 304/1459/438 268/1460/438
f 306/1461/439 308/1462/439 307/1463/439 305/1464/439
f 305/1465/440 307/1466/440 267/1467/440
f 308/1468/441 306/1469/441 268/1470/441
f 308/1471/442 310/1472/442 309/1473/442 307/1474/442
f 307/1475/443 309/1476/443 267/1477/443
f 310/1478/444 308/1479/444 268/1480/444
f 310/1481/445 312/1482/445 311/1483/445 309/1484/445
f 309/1485/446 311/1486/446 267/1487/446
f 312/1488/447 310/1489/447 268/1490/447
f 312/1491/448 314/1492/448 313/1493/448 311/1494/448
f 311/1495/449 313/1496/449 267/1497/449
f 314/1498/450 312/1499/450 268/1500/450
f 314/1501/451 316/1502/451 315/1503/451 313/1504/451
f 313/1505/452 315/1506/452 267/1507/452
f 316/1508/453 314/1509/453 268/1510/453
f 316/1511/454 318/1512/454 317/1513/454 315/1514/454
f 315/1515/455 317/1516/455 267/1517/455
f 318/1518/456 316/1519/456 268/1520/456
f 318/1521/457 320/1522/457 319/1523/457 317/1524/457
f 317/1525/458 319/1526/458 267/1527/458
f 320/1528/459 318/1529/459 268/1530/459
f 320/1531/460 322/1532/460 321/1533/460 319/1534/460
f 319/1535/461 321/1536/461 267/1537/461
f 322/1538/462 320/1539/462 268/1540/462
f 322/1541/463 324/1542/463 323/1543/463 321/1544/463
f 321/1545/464 323/1546/464 267/1547/464
f 324/1548/465 322/1549/465 268/1550/465
f 324/1551/466 326/1552/466 325/1553/466 323/1554/466
f 323/1555/467 325/1556/467 267/1557/467
f 326/1558/468 324/1559/468 268/1560/468
f 326/1561/469 328/1562/469 327/1563/469 325/1564/469
f 325/1565/470 327/1566/470 267/1567/470
f 328/1568/471 326/1569/471 268/1570/471
f 328/1571/472 330/1572/472 329/1573/472 327/1574/472
f 327/1575/473 329/1576/473 267/1577/473
f 330/1578/474 328/1579/474 268/1580/474
f 330/1581/475 332/1582/475 331/1583/475 329/1584/475
f 329/1585/476 331/1586/476 267/1587/476
f 332/1588/477 330/1589/477 268/1590/477
f 332/1591/478 270/1592/478 269/1593/478 331/1594/478
f 331/1595/479 269/1596/479 267/1597/479
f 270/1598/480 332/1599/480 268/1600/480
o emitter_ring_upper
v 0 2.11875 0
v 0 2.05625 0
v 0.10262504999999997 2.11875 0
v 0.10262504999999997 2.05625 0
v 0.10065313844064552 2.11875 0.02002115405142126
v 0.10065313844064552 2.05625 0.02002115405142126
v 0.0948131832179474 2.11875 0.039272906380638954
v 0.0948131832179474 2.05625 0.039272906380638954
v 0.0853296105360293 2.11875 0.057015422942148314
v 0.0853296105360293 2.05625 0.057015422942148314
v 0.0725668687746085 2.11875 0.07256686877460848
v 0.0725668687746085 2.05625 0.07256686877460848
v 0.057015422942148335 2.11875 0.0853296105360293
v 0.057015422942148335 2.05625 0.0853296105360293
v 0.03927290638063896 2.11875 0.0948131832179474
v 0.03927290638063896 2.05625 0.0948131832179474
v 0.020021154051421266 2.11875 0.10065313844064552
v 0.020021154051421266 2.05625 0.10065313844064552
v 6.2839719497418524e-18 2.11875 0.10262504999999997
v 6.2839719497418524e-18 2.05625 0.10262504999999997
v -0.020021154051421252 2.11875 0.10065313844064552
v -0.020021154051421252 2.05625 0.10065313844064552
v -0.03927290638063894 2.11875 0.0948131832179474
v -0.03927290638063894 2.05625 0.0948131832179474
v -0.0570154229421483 2.11875 0.08532961053602933
v -0.0570154229421483 2.05625 0.08532961053602933
v -0.07256686877460848 2.11875 0.0725668687746085
v -0.07256686877460848 2.05625 0.0725668687746085
v -0.08532961053602932 2.11875 0.057015422942148314
v -0.08532961053602932 2.05625 0.057015422942148314
v -0.0948131832179474 2.11875 0.03927290638063896
v -0.0948131832179474 2.05625 0.03927290638063896
v -0.10065313844064552 2.11875 0.020021154051421297
v -0.10065313844064552 2.05625 0.020021154051421297
v -0.10262504999999997 2.11875 1.2567943899483705e-17
v -0.10262504999999997 2.05625 1.2567943899483705e-17
v -0.10065313844064552 2.11875 -0.020021154051421273
v -0.10065313844064552 2.05625 -0.020021154051421273
v -0.09481318321794743 2.11875 -0.03927290638063894
v -0.09481318321794743 2.05625 -0.03927290638063894
v -0.08532961053602933 2.11875 -0.0570154229421483
v -0.08532961053602933 2.05625 -0.0570154229421483
v -0.07256686877460851 2.11875 -0.07256686877460848
v -0.07256686877460851 2.05625 -0.07256686877460848
v -0.057015422942148314 2.11875 -0.0853296105360293
v -0.057015422942148314 2.05625 -0.0853296105360293
v -0.03927290638063901 2.11875 -0.09481318321794738
v -0.03927290638063901 2.05625 -0.09481318321794738
v -0.020021154051421297 2.11875 -0.10065313844064551
v -0.020021154051421297 2.05625 -0.10065313844064551
v -1.8851915849225556e-17 2.11875 -0.10262504999999997
v -1.8851915849225556e-17 2.05625 -0.10262504999999997
v 0.020021154051421266 2.11875 -0.10065313844064552
v 0.020021154051421266 2.05625 -0.10065313844064552
v 0.039272906380638975 2.11875 -0.09481318321794738
v 0.039272906380638975 2.05625 -0.09481318321794738
v 0.05701542294214828 2.11875 -0.08532961053602933
v 0.05701542294214828 2.05625 -0.08532961053602933
v 0.07256686877460847 2.11875 -0.07256686877460851
v 0.07256686877460847 2.05625 -0.07256686877460851
v 0.0853296105360293 2.11875 -0.057015422942148314
v 0.0853296105360293 2.05625 -0.057015422942148314
v 0.09481318321794738 2.11875 -0.03927290638063902
v 0.09481318321794738 2.05625 -0.03927290638063902
v 0.10065313844064551 2.11875 -0.02002115405142131
v 0.10065313844064551 2.05625 -0.02002115405142131
vt 0.5 0.5
vt 0.5 0.5
vt 0.5 0.5
vt 0.5 0.5
vt 0.5 0.5
vt 0.5 0.5
vt 0.5 0.5
vt 0.5 0.5
vt 0.5 0.5
vt 0.5 0.5
vt 0.5 0.5
vt 0.5 0.5
vt 0.5 0.5
vt 0.5 0.5
vt 0.5 0.5
vt 0.5 0.5
vt 0.5 0.5
vt 0.5 0.5
vt 0.5 0.5
vt 0.5 0.5
vt 0.5 0.5
vt 0.5 0.5
vt 0.5 0.5
vt 0.5 0.5
vt 0.5 0.5
vt 0.5 0.5
vt 0.5 0.5
vt 0.5 0.5
vt 0.5 0.5
vt 0.5 0.5
vt 0.5 0.5
vt 0.5 0.5
vt 0.5 0.5
vt 0.5 0.5
vt 0.5 0.5
vt 0.5 0.5
vt 0.5 0.5
vt 0.5 0.5
vt 0.5 0.5
vt 0.5 0.5
vt 0.5 0.5
vt 0.5 0.5
vt 0.5 0.5
vt 0.5 0.5
vt 0.5 0.5
vt 0.5 0.5
vt 0.5 0.5
vt 0.5 0.5
vt 0.5 0.5
vt 0.5 0.5
vt 0.5 0.5
vt 0.5 0.5
vt 0.5 0.5
vt 0.5 0.5
vt 0.5 0.5
vt 0.5 0.5
vt 0.5 0.5
vt 0.5 0.5
vt 0.5 0.5
vt 0.5 0.5
vt 0.5 0.5
vt 0.5 0.5
vt 0.5 0.5
vt 0.5 0.5
vt 0.5 0.5
vt 0.5 0.5
vt 0.5 0.5
vt 0.5 0.5
vt 0.5 0.5
vt 0.5 0.5
vt 0.5 0.5
vt 0.5 0.5
vt 0.5 0.5
vt 0.5 0.5
vt 0.5 0.5
vt 0.5 0.5
vt 0.5 0.5
vt 0.5 0.5
vt 0.5 0.5
vt 0.5 0.5
vt 0.5 0.5
vt 0.5 0.5
vt 0.5 0.5
vt 0.5 0.5
vt 0.5 0.5
vt 0.5 0.5
vt 0.5 0.5
vt 0.5 0.5
vt 0.5 0.5
vt 0.5 0.5
vt 0.5 0.5
vt 0.5 0.5
vt 0.5 0.5
vt 0.5 0.5
vt 0.5 0.5
vt 0.5 0.5
vt 0.5 0.5
vt 0.5 0.5
vt 0.5 0.5
vt 0.5 0.5
vt 0.5 0.5
vt 0.5 0.5
vt 0.5 0.5
vt 0.5 0.5
vt 0.5 0.5
vt 0.5 0.5
vt 0.5 0.5
vt 0.5 0.5
vt 0.5 0.5
vt 0.5 0.5
vt 0.5 0.5
vt 0.5 0.5
vt 0.5 0.5
vt 0.5 0.5
vt 0.5 0.5
vt 0.5 0.5
vt 0.5 0.5
vt 0.5 0.5
vt 0.5 0.5
vt 0.5 0.5
vt 0.5 0.5
vt 0.5 0.5
vt 0.5 0.5
vt 0.5 0.5
vt 0.5 0.5
vt 0.5 0.5
vt 0.5 0.5
vt 0.5 0.5
vt 0.5 0.5
vt 0.5 0.5
vt 0.5 0.5
vt 0.5 0.5
vt 0.5 0.5
vt 0.5 0.5
vt 0.5 0.5
vt 0.5 0.5
vt 0.5 0.5
vt 0.5 0.5
vt 0.5 0.5
vt 0.5 0.5
vt 0.5 0.5
vt 0.5 0.5
vt 0.5 0.5
vt 0.5 0.5
vt 0.5 0.5
vt 0.5 0.5
vt 0.5 0.5
vt 0.5 0.5
vt 0.5 0.5
vt 0.5 0.5
vt 0.5 0.5
vt 0.5 0.5
vt 0.5 0.5
vt 0.5 0.5
vt 0.5 0.5
vt 0.5 0.5
vt 0.5 0.5
vt 0.5 0.5
vt 0.5 0.5
vt 0.5 0.5
vt 0.5 0.5
vt 0.5 0.5
vt 0.5 0.5
vt 0.5 0.5
vt 0.5 0.5
vt 0.5 0.5
vt 0.5 0.5
vt 0.5 0.5
vt 0.5 0.5
vt 0.5 0.5
vt 0.5 0.5
vt 0.5 0.5
vt 0.5 0.5
vt 0.5 0.5
vt 0.5 0.5
vt 0.5 0.5
vt 0.5 0.5
vt 0.5 0.5
vt 0.5 0.5
vt 0.5 0.5
vt 0.5 0.5
vt 0.5 0.5
vt 0.5 0.5
vt 0.5 0.5
vt 0.5 0.5
vt 0.5 0.5
vt 0.5 0.5
vt 0.5 0.5
vt 0.5 0.5
vt 0.5 0.5
vt 0.5 0.5
vt 0.5 0.5
vt 0.5 0.5
vt 0.5 0.5
vt 0.5 0.5
vt 0.5 0.5
vt 0.5 0.5
vt 0.5 0.5
vt 0.5 0.5
vt 0.5 0.5
vt 0.5 0.5
vt 0.5 0.5
vt 0.5 0.5
vt 0.5 0.5
vt 0.5 0.5
vt 0.5 0.5
vt 0.5 0.5
vt 0.5 0.5
vt 0.5 0.5
vt 0.5 0.5
vt 0.5 0.5
vt 0.5 0.5
vt 0.5 0.5
vt 0.5 0.5
vt 0.5 0.5
vt 0.5 0.5
vt 0.5 0.5
vt 0.5 0.5
vt 0.5 0.5
vt 0.5 0.5
vt 0.5 0.5
vt 0.5 0.5
vt 0.5 0.5
vt 0.5 0.5
vt 0.5 0.5
vt 0.5 0.5
vt 0.5 0.5
vt 0.5 0.5
vt 0.5 0.5
vt 0.5 0.5
vt 0.5 0.5
vt 0.5 0.5
vt 0.5 0.5
vt 0.5 0.5
vt 0.5 0.5
vt 0.5 0.5
vt 0.5 0.5
vt 0.5 0.5
vt 0.5 0.5
vt 0.5 0.5
vt 0.5 0.5
vt 0.5 0.5
vt 0.5 0.5
vt 0.5 0.5
vt 0.5 0.5
vt 0.5 0.5
vt 0.5 0.5
vt 0.5 0.5
vt 0.5 0.5
vt 0.5 0.5
vt 0.5 0.5
vt 0.5 0.5
vt 0.5 0.5
vt 0.5 0.5
vt 0.5 0.5
vt 0.5 0.5
vt 0.5 0.5
vt 0.5 0.5
vt 0.5 0.5
vt 0.5 0.5
vt 0.5 0.5
vt 0.5 0.5
vt 0.5 0.5
vt 0.5 0.5
vt 0.5 0.5
vt 0.5 0.5
vt 0.5 0.5
vt 0.5 0.5
vt 0.5 0.5
vt 0.5 0.5
vt 0.5 0.5
vt 0.5 0.5
vt 0.5 0.5
vt 0.5 0.5
vt 0.5 0.5
vt 0.5 0.5
vt 0.5 0.5
vt 0.5 0.5
vt 0.5 0.5
vt 0.5 0.5
vt 0.5 0.5
vt 0.5 0.5
vt 0.5 0.5
vt 0.5 0.5
vt 0.5 0.5
vt 0.5 0.5
vt 0.5 0.5
vt 0.5 0.5
vt 0.5 0.5
vt 0.5 0.5
vt 0.5 0.5
vt 0.5 0.5
vt 0.5 0.5
vt 0.5 0.5
vt 0.5 0.5
vt 0.5 0.5
vt 0.5 0.5
vt 0.5 0.5
vt 0.5 0.5
vt 0.5 0.5
vt 0.5 0.5
vt 0.5 0.5
vt 0.5 0.5
vt 0.5 0.5
vt 0.5 0.5
vt 0.5 0.5
vt 0.5 0.5
vt 0.5 0.5
vt 0.5 0.5
vt 0.5 0.5
vt 0.5 0.5
vt 0.5 0.5
vt 0.5 0.5
vt 0.5 0.5
vt 0.5 0.5
vt 0.5 0.5
vt 0.5 0.5
vt 0.5 0.5
vt 0.5 0.5
vt 0.5 0.5
vn -0.995184726672197 0 -0.09801714032956013
vn 0 -1 0
vn 0 1 0
vn -0.9569403357322089 0 -0.2902846772544624
vn 0 -1 0
vn 0 1 0
vn -0.8819212643483552 0 -0.4713967368259977
vn 0 -1 0
vn 0 1 0
vn -0.7730104533627372 0 -0.6343932841636453
vn 0 -1 0
vn 0 1 0
vn -0.6343932841636458 0 -0.7730104533627369
vn 0 -1 0
vn 0 1 0
vn -0.47139673682599736 0 -0.8819212643483552
vn 0 -1 0
vn 0 1 0
vn -0.2902846772544624 0 -0.9569403357322089
vn 0 -1 0
vn 0 1 0
vn -0.09801714032956013 0 -0.995184726672197
vn 0 -1 0
vn 0 1 0
vn 0.09801714032956013 0 -0.995184726672197
vn 0 -1 0
vn 0 1 0
vn 0.2902846772544625 0 -0.9569403357322088
vn 0 -1 0
vn 0 1 0
vn 0.47139673682599664 0 -0.8819212643483558
vn 0 -1 0
vn 0 1 0
vn 0.6343932841636457 0 -0.773010453362737
vn 0 -1 0
vn 0 1 0
vn 0.773010453362737 0 -0.6343932841636457
vn 0 -1 0
vn 0 1 0
vn 0.8819212643483553 0 -0.47139673682599725
vn 0 -1 0
vn 0 1 0
vn 0.9569403357322088 0 -0.2902846772544629
vn 0 -1 0
vn 0 1 0
vn 0.995184726672197 0 -0.09801714032955999
vn 0 -1 0
vn 0 1 0
vn 0.995184726672197 0 0.09801714032955998
vn 0 -1 0
vn 0 1 0
vn 0.9569403357322092 0 0.2902846772544615
vn 0 -1 0
vn 0 1 0
vn 0.8819212643483552 0 0.4713967368259977
vn 0 -1 0
vn 0 1 0
vn 0.7730104533627373 0 0.6343932841636454
vn 0 -1 0
vn 0 1 0
vn 0.6343932841636449 0 0.7730104533627374
vn 0 -1 0
vn 0 1 0
vn 0.4713967368259978 0 0.8819212643483552
vn 0 -1 0
vn 0 1 0
vn 0.2902846772544628 0 0.9569403357322087
vn 0 -1 0
vn 0 1 0
vn 0.09801714032956071 0 0.995184726672197
vn 0 -1 0
vn 0 1 0
vn -0.09801714032955999 0 0.995184726672197
vn 0 -1 0
vn 0 1 0
vn -0.2902846772544635 0 0.9569403357322086
vn 0 -1 0
vn 0 1 0
vn -0.47139673682599664 0 0.8819212643483556
vn 0 -1 0
vn 0 1 0
vn -0.6343932841636452 0 0.7730104533627374
vn 0 -1 0
vn 0 1 0
vn -0.773010453362737 0 0.6343932841636454
vn 0 -1 0
vn 0 1 0
vn -0.8819212643483549 0 0.47139673682599786
vn 0 -1 0
vn 0 1 0
vn -0.9569403357322087 0 0.2902846772544629
vn 0 -1 0
vn 0 1 0
vn -0.995184726672197 0 0.09801714032956056
vn 0 -1 0
vn 0 1 0
usemtl m_3be25f79-071f-aaae-ced0-88ed625c361a
f 336/1601/481 338/1602/481 337/1603/481 335/1604/481
f 335/1605/482 337/1606/482 333/1607/482
f 338/1608/483 336/1609/483 334/1610/483
f 338/1611/484 340/1612/484 339/1613/484 337/1614/484
f 337/1615/485 339/1616/485 333/1617/485
f 340/1618/486 338/1619/486 334/1620/486
f 340/1621/487 342/1622/487 341/1623/487 339/1624/487
f 339/1625/488 341/1626/488 333/1627/488
f 342/1628/489 340/1629/489 334/1630/489
f 342/1631/490 344/1632/490 343/1633/490 341/1634/490
f 341/1635/491 343/1636/491 333/1637/491
f 344/1638/492 342/1639/492 334/1640/492
f 344/1641/493 346/1642/493 345/1643/493 343/1644/493
f 343/1645/494 345/1646/494 333/1647/494
f 346/1648/495 344/1649/495 334/1650/495
f 346/1651/496 348/1652/496 347/1653/496 345/1654/496
f 345/1655/497 347/1656/497 333/1657/497
f 348/1658/498 346/1659/498 334/1660/498
f 348/1661/499 350/1662/499 349/1663/499 347/1664/499
f 347/1665/500 349/1666/500 333/1667/500
f 350/1668/501 348/1669/501 334/1670/501
f 350/1671/502 352/1672/502 351/1673/502 349/1674/502
f 349/1675/503 351/1676/503 333/1677/503
f 352/1678/504 350/1679/504 334/1680/504
f 352/1681/505 354/1682/505 353/1683/505 351/1684/505
f 351/1685/506 353/1686/506 333/1687/506
f 354/1688/507 352/1689/507 334/1690/507
f 354/1691/508 356/1692/508 355/1693/508 353/1694/508
f 353/1695/509 355/1696/509 333/1697/509
f 356/1698/510 354/1699/510 334/1700/510
f 356/1701/511 358/1702/511 357/1703/511 355/1704/511
f 355/1705/512 357/1706/512 333/1707/512
f 358/1708/513 356/1709/513 334/1710/513
f 358/1711/514 360/1712/514 359/1713/514 357/1714/514
f 357/1715/515 359/1716/515 333/1717/515
f 360/1718/516 358/1719/516 334/1720/516
f 360/1721/517 362/1722/517 361/1723/517 359/1724/517
f 359/1725/518 361/1726/518 333/1727/518
f 362/1728/519 360/1729/519 334/1730/519
f 362/1731/520 364/1732/520 363/1733/520 361/1734/520
f 361/1735/521 363/1736/521 333/1737/521
f 364/1738/522 362/1739/522 334/1740/522
f 364/1741/523 366/1742/523 365/1743/523 363/1744/523
f 363/1745/524 365/1746/524 333/1747/524
f 366/1748/525 364/1749/525 334/1750/525
f 366/1751/526 368/1752/526 367/1753/526 365/1754/526
f 365/1755/527 367/1756/527 333/1757/527
f 368/1758/528 366/1759/528 334/1760/528
f 368/1761/529 370/1762/529 369/1763/529 367/1764/529
f 367/1765/530 369/1766/530 333/1767/530
f 370/1768/531 368/1769/531 334/1770/531
f 370/1771/532 372/1772/532 371/1773/532 369/1774/532
f 369/1775/533 371/1776/533 333/1777/533
f 372/1778/534 370/1779/534 334/1780/534
f 372/1781/535 374/1782/535 373/1783/535 371/1784/535
f 371/1785/536 373/1786/536 333/1787/536
f 374/1788/537 372/1789/537 334/1790/537
f 374/1791/538 376/1792/538 375/1793/538 373/1794/538
f 373/1795/539 375/1796/539 333/1797/539
f 376/1798/540 374/1799/540 334/1800/540
f 376/1801/541 378/1802/541 377/1803/541 375/1804/541
f 375/1805/542 377/1806/542 333/1807/542
f 378/1808/543 376/1809/543 334/1810/543
f 378/1811/544 380/1812/544 379/1813/544 377/1814/544
f 377/1815/545 379/1816/545 333/1817/545
f 380/1818/546 378/1819/546 334/1820/546
f 380/1821/547 382/1822/547 381/1823/547 379/1824/547
f 379/1825/548 381/1826/548 333/1827/548
f 382/1828/549 380/1829/549 334/1830/549
f 382/1831/550 384/1832/550 383/1833/550 381/1834/550
f 381/1835/551 383/1836/551 333/1837/551
f 384/1838/552 382/1839/552 334/1840/552
f 384/1841/553 386/1842/553 385/1843/553 383/1844/553
f 383/1845/554 385/1846/554 333/1847/554
f 386/1848/555 384/1849/555 334/1850/555
f 386/1851/556 388/1852/556 387/1853/556 385/1854/556
f 385/1855/557 387/1856/557 333/1857/557
f 388/1858/558 386/1859/558 334/1860/558
f 388/1861/559 390/1862/559 389/1863/559 387/1864/559
f 387/1865/560 389/1866/560 333/1867/560
f 390/1868/561 388/1869/561 334/1870/561
f 390/1871/562 392/1872/562 391/1873/562 389/1874/562
f 389/1875/563 391/1876/563 333/1877/563
f 392/1878/564 390/1879/564 334/1880/564
f 392/1881/565 394/1882/565 393/1883/565 391/1884/565
f 391/1885/566 393/1886/566 333/1887/566
f 394/1888/567 392/1889/567 334/1890/567
f 394/1891/568 396/1892/568 395/1893/568 393/1894/568
f 393/1895/569 395/1896/569 333/1897/569
f 396/1898/570 394/1899/570 334/1900/570
f 396/1901/571 398/1902/571 397/1903/571 395/1904/571
f 395/1905/572 397/1906/572 333/1907/572
f 398/1908/573 396/1909/573 334/1910/573
f 398/1911/574 336/1912/574 335/1913/574 397/1914/574
f 397/1915/575 335/1916/575 333/1917/575
f 336/1918/576 398/1919/576 334/1920/576
o blade_socket_recess
v 0 2.421875 0
v 0 2.359375 0
v 0.05824665 2.421875 0
v 0.05824665 2.359375 0
v 0.056261943529820155 2.421875 0.01507534233342074
v 0.056261943529820155 2.359375 0.01507534233342074
v 0.05044307858534087 2.421875 0.02912332499999999
v 0.05044307858534087 2.359375 0.02912332499999999
v 0.041186601196399414 2.421875 0.04118660119639941
v 0.041186601196399414 2.359375 0.04118660119639941
v 0.029123325000000002 2.421875 0.05044307858534087
v 0.029123325000000002 2.359375 0.05044307858534087
v 0.01507534233342074 2.421875 0.056261943529820155
v 0.01507534233342074 2.359375 0.056261943529820155
v 3.566578674177808e-18 2.421875 0.05824665
v 3.566578674177808e-18 2.359375 0.05824665
v -0.015075342333420744 2.421875 0.056261943529820155
v -0.015075342333420744 2.359375 0.056261943529820155
v -0.029123324999999985 2.421875 0.05044307858534087
v -0.029123324999999985 2.359375 0.05044307858534087
v -0.04118660119639941 2.421875 0.041186601196399414
v -0.04118660119639941 2.359375 0.041186601196399414
v -0.05044307858534087 2.421875 0.02912332499999999
v -0.05044307858534087 2.359375 0.02912332499999999
v -0.05626194352982015 2.421875 0.015075342333420757
v -0.05626194352982015 2.359375 0.015075342333420757
v -0.05824665 2.421875 7.133157348355616e-18
v -0.05824665 2.359375 7.133157348355616e-18
v -0.056261943529820155 2.421875 -0.015075342333420717
v -0.056261943529820155 2.359375 -0.015075342333420717
v -0.05044307858534087 2.421875 -0.029123325000000002
v -0.05044307858534087 2.359375 -0.029123325000000002
v -0.04118660119639943 2.421875 -0.04118660119639941
v -0.04118660119639943 2.359375 -0.04118660119639941
v -0.02912332500000002 2.421875 -0.05044307858534085
v -0.02912332500000002 2.359375 -0.05044307858534085
v -0.015075342333420732 2.421875 -0.056261943529820155
v -0.015075342333420732 2.359375 -0.056261943529820155
v -1.0699736022533425e-17 2.421875 -0.05824665
v -1.0699736022533425e-17 2.359375 -0.05824665
v 0.015075342333420713 2.421875 -0.056261943529820155
v 0.015075342333420713 2.359375 -0.056261943529820155
v 0.029123325000000002 2.421875 -0.05044307858534087
v 0.029123325000000002 2.359375 -0.05044307858534087
v 0.04118660119639941 2.421875 -0.04118660119639943
v 0.04118660119639941 2.359375 -0.04118660119639943
v 0.05044307858534085 2.421875 -0.02912332500000002
v 0.05044307858534085 2.359375 -0.02912332500000002
v 0.056261943529820155 2.421875 -0.015075342333420736
v 0.056261943529820155 2.359375 -0.015075342333420736
vt 0.5 0.5
vt 0.5 0.5
vt 0.5 0.5
vt 0.5 0.5
vt 0.5 0.5
vt 0.5 0.5
vt 0.5 0.5
vt 0.5 0.5
vt 0.5 0.5
vt 0.5 0.5
vt 0.5 0.5
vt 0.5 0.5
vt 0.5 0.5
vt 0.5 0.5
vt 0.5 0.5
vt 0.5 0.5
vt 0.5 0.5
vt 0.5 0.5
vt 0.5 0.5
vt 0.5 0.5
vt 0.5 0.5
vt 0.5 0.5
vt 0.5 0.5
vt 0.5 0.5
vt 0.5 0.5
vt 0.5 0.5
vt 0.5 0.5
vt 0.5 0.5
vt 0.5 0.5
vt 0.5 0.5
vt 0.5 0.5
vt 0.5 0.5
vt 0.5 0.5
vt 0.5 0.5
vt 0.5 0.5
vt 0.5 0.5
vt 0.5 0.5
vt 0.5 0.5
vt 0.5 0.5
vt 0.5 0.5
vt 0.5 0.5
vt 0.5 0.5
vt 0.5 0.5
vt 0.5 0.5
vt 0.5 0.5
vt 0.5 0.5
vt 0.5 0.5
vt 0.5 0.5
vt 0.5 0.5
vt 0.5 0.5
vt 0.5 0.5
vt 0.5 0.5
vt 0.5 0.5
vt 0.5 0.5
vt 0.5 0.5
vt 0.5 0.5
vt 0.5 0.5
vt 0.5 0.5
vt 0.5 0.5
vt 0.5 0.5
vt 0.5 0.5
vt 0.5 0.5
vt 0.5 0.5
vt 0.5 0.5
vt 0.5 0.5
vt 0.5 0.5
vt 0.5 0.5
vt 0.5 0.5
vt 0.5 0.5
vt 0.5 0.5
vt 0.5 0.5
vt 0.5 0.5
vt 0.5 0.5
vt 0.5 0.5
vt 0.5 0.5
vt 0.5 0.5
vt 0.5 0.5
vt 0.5 0.5
vt 0.5 0.5
vt 0.5 0.5
vt 0.5 0.5
vt 0.5 0.5
vt 0.5 0.5
vt 0.5 0.5
vt 0.5 0.5
vt 0.5 0.5
vt 0.5 0.5
vt 0.5 0.5
vt 0.5 0.5
vt 0.5 0.5
vt 0.5 0.5
vt 0.5 0.5
vt 0.5 0.5
vt 0.5 0.5
vt 0.5 0.5
vt 0.5 0.5
vt 0.5 0.5
vt 0.5 0.5
vt 0.5 0.5
vt 0.5 0.5
vt 0.5 0.5
vt 0.5 0.5
vt 0.5 0.5
vt 0.5 0.5
vt 0.5 0.5
vt 0.5 0.5
vt 0.5 0.5
vt 0.5 0.5
vt 0.5 0.5
vt 0.5 0.5
vt 0.5 0.5
vt 0.5 0.5
vt 0.5 0.5
vt 0.5 0.5
vt 0.5 0.5
vt 0.5 0.5
vt 0.5 0.5
vt 0.5 0.5
vt 0.5 0.5
vt 0.5 0.5
vt 0.5 0.5
vt 0.5 0.5
vt 0.5 0.5
vt 0.5 0.5
vt 0.5 0.5
vt 0.5 0.5
vt 0.5 0.5
vt 0.5 0.5
vt 0.5 0.5
vt 0.5 0.5
vt 0.5 0.5
vt 0.5 0.5
vt 0.5 0.5
vt 0.5 0.5
vt 0.5 0.5
vt 0.5 0.5
vt 0.5 0.5
vt 0.5 0.5
vt 0.5 0.5
vt 0.5 0.5
vt 0.5 0.5
vt 0.5 0.5
vt 0.5 0.5
vt 0.5 0.5
vt 0.5 0.5
vt 0.5 0.5
vt 0.5 0.5
vt 0.5 0.5
vt 0.5 0.5
vt 0.5 0.5
vt 0.5 0.5
vt 0.5 0.5
vt 0.5 0.5
vt 0.5 0.5
vt 0.5 0.5
vt 0.5 0.5
vt 0.5 0.5
vt 0.5 0.5
vt 0.5 0.5
vt 0.5 0.5
vt 0.5 0.5
vt 0.5 0.5
vt 0.5 0.5
vt 0.5 0.5
vt 0.5 0.5
vt 0.5 0.5
vt 0.5 0.5
vt 0.5 0.5
vt 0.5 0.5
vt 0.5 0.5
vt 0.5 0.5
vt 0.5 0.5
vt 0.5 0.5
vt 0.5 0.5
vt 0.5 0.5
vt 0.5 0.5
vt 0.5 0.5
vt 0.5 0.5
vt 0.5 0.5
vt 0.5 0.5
vt 0.5 0.5
vt 0.5 0.5
vt 0.5 0.5
vt 0.5 0.5
vt 0.5 0.5
vt 0.5 0.5
vt 0.5 0.5
vt 0.5 0.5
vt 0.5 0.5
vt 0.5 0.5
vt 0.5 0.5
vt 0.5 0.5
vt 0.5 0.5
vt 0.5 0.5
vt 0.5 0.5
vt 0.5 0.5
vt 0.5 0.5
vt 0.5 0.5
vt 0.5 0.5
vt 0.5 0.5
vt 0.5 0.5
vt 0.5 0.5
vt 0.5 0.5
vt 0.5 0.5
vt 0.5 0.5
vt 0.5 0.5
vt 0.5 0.5
vt 0.5 0.5
vt 0.5 0.5
vt 0.5 0.5
vt 0.5 0.5
vt 0.5 0.5
vt 0.5 0.5
vt 0.5 0.5
vt 0.5 0.5
vt 0.5 0.5
vt 0.5 0.5
vt 0.5 0.5
vt 0.5 0.5
vt 0.5 0.5
vt 0.5 0.5
vt 0.5 0.5
vt 0.5 0.5
vt 0.5 0.5
vt 0.5 0.5
vt 0.5 0.5
vt 0.5 0.5
vt 0.5 0.5
vt 0.5 0.5
vt 0.5 0.5
vt 0.5 0.5
vt 0.5 0.5
vt 0.5 0.5
vt 0.5 0.5
vt 0.5 0.5
vt 0.5 0.5
vt 0.5 0.5
vt 0.5 0.5
vt 0.5 0.5
vt 0.5 0.5
vn -0.9914448613738104 0 -0.1305261922200517
vn 0 -1 0
vn 0 1 0
vn -0.9238795325112867 0 -0.38268343236508995
vn 0 -1 0
vn 0 1 0
vn -0.7933533402912353 0 -0.6087614290087208
vn 0 -1 0
vn 0 1 0
vn -0.6087614290087212 0 -0.7933533402912349
vn 0 -1 0
vn 0 1 0
vn -0.3826834323650897 0 -0.9238795325112868
vn 0 -1 0
vn 0 1 0
vn -0.13052619222005174 0 -0.9914448613738104
vn 0 -1 0
vn 0 1 0
vn 0.13052619222005163 0 -0.9914448613738104
vn 0 -1 0
vn 0 1 0
vn 0.3826834323650902 0 -0.9238795325112866
vn 0 -1 0
vn 0 1 0
vn 0.6087614290087204 0 -0.7933533402912353
vn 0 -1 0
vn 0 1 0
vn 0.793353340291235 0 -0.6087614290087208
vn 0 -1 0
vn 0 1 0
vn 0.9238795325112867 0 -0.38268343236509
vn 0 -1 0
vn 0 1 0
vn 0.9914448613738104 0 -0.13052619222005207
vn 0 -1 0
vn 0 1 0
vn 0.9914448613738104 0 0.13052619222005185
vn 0 -1 0
vn 0 1 0
vn 0.923879532511287 0 0.38268343236508917
vn 0 -1 0
vn 0 1 0
vn 0.7933533402912353 0 0.6087614290087204
vn 0 -1 0
vn 0 1 0
vn 0.6087614290087204 0 0.7933533402912355
vn 0 -1 0
vn 0 1 0
vn 0.38268343236509034 0 0.9238795325112866
vn 0 -1 0
vn 0 1 0
vn 0.13052619222005185 0 0.9914448613738104
vn 0 -1 0
vn 0 1 0
vn -0.13052619222005185 0 0.9914448613738104
vn 0 -1 0
vn 0 1 0
vn -0.3826834323650891 0 0.9238795325112871
vn 0 -1 0
vn 0 1 0
vn -0.6087614290087204 0 0.7933533402912353
vn 0 -1 0
vn 0 1 0
vn -0.7933533402912355 0 0.6087614290087204
vn 0 -1 0
vn 0 1 0
vn -0.9238795325112865 0 0.3826834323650904
vn 0 -1 0
vn 0 1 0
vn -0.9914448613738104 0 0.13052619222005174
vn 0 -1 0
vn 0 1 0
usemtl m_74f865cf-804f-74ba-3be0-4405179d6612
f 402/1921/577 404/1922/577 403/1923/577 401/1924/577
f 401/1925/578 403/1926/578 399/1927/578
f 404/1928/579 402/1929/579 400/1930/579
f 404/1931/580 406/1932/580 405/1933/580 403/1934/580
f 403/1935/581 405/1936/581 399/1937/581
f 406/1938/582 404/1939/582 400/1940/582
f 406/1941/583 408/1942/583 407/1943/583 405/1944/583
f 405/1945/584 407/1946/584 399/1947/584
f 408/1948/585 406/1949/585 400/1950/585
f 408/1951/586 410/1952/586 409/1953/586 407/1954/586
f 407/1955/587 409/1956/587 399/1957/587
f 410/1958/588 408/1959/588 400/1960/588
f 410/1961/589 412/1962/589 411/1963/589 409/1964/589
f 409/1965/590 411/1966/590 399/1967/590
f 412/1968/591 410/1969/591 400/1970/591
f 412/1971/592 414/1972/592 413/1973/592 411/1974/592
f 411/1975/593 413/1976/593 399/1977/593
f 414/1978/594 412/1979/594 400/1980/594
f 414/1981/595 416/1982/595 415/1983/595 413/1984/595
f 413/1985/596 415/1986/596 399/1987/596
f 416/1988/597 414/1989/597 400/1990/597
f 416/1991/598 418/1992/598 417/1993/598 415/1994/598
f 415/1995/599 417/1996/599 399/1997/599
f 418/1998/600 416/1999/600 400/2000/600
f 418/2001/601 420/2002/601 419/2003/601 417/2004/601
f 417/2005/602 419/2006/602 399/2007/602
f 420/2008/603 418/2009/603 400/2010/603
f 420/2011/604 422/2012/604 421/2013/604 419/2014/604
f 419/2015/605 421/2016/605 399/2017/605
f 422/2018/606 420/2019/606 400/2020/606
f 422/2021/607 424/2022/607 423/2023/607 421/2024/607
f 421/2025/608 423/2026/608 399/2027/608
f 424/2028/609 422/2029/609 400/2030/609
f 424/2031/610 426/2032/610 425/2033/610 423/2034/610
f 423/2035/611 425/2036/611 399/2037/611
f 426/2038/612 424/2039/612 400/2040/612
f 426/2041/613 428/2042/613 427/2043/613 425/2044/613
f 425/2045/614 427/2046/614 399/2047/614
f 428/2048/615 426/2049/615 400/2050/615
f 428/2051/616 430/2052/616 429/2053/616 427/2054/616
f 427/2055/617 429/2056/617 399/2057/617
f 430/2058/618 428/2059/618 400/2060/618
f 430/2061/619 432/2062/619 431/2063/619 429/2064/619
f 429/2065/620 431/2066/620 399/2067/620
f 432/2068/621 430/2069/621 400/2070/621
f 432/2071/622 434/2072/622 433/2073/622 431/2074/622
f 431/2075/623 433/2076/623 399/2077/623
f 434/2078/624 432/2079/624 400/2080/624
f 434/2081/625 436/2082/625 435/2083/625 433/2084/625
f 433/2085/626 435/2086/626 399/2087/626
f 436/2088/627 434/2089/627 400/2090/627
f 436/2091/628 438/2092/628 437/2093/628 435/2094/628
f 435/2095/629 437/2096/629 399/2097/629
f 438/2098/630 436/2099/630 400/2100/630
f 438/2101/631 440/2102/631 439/2103/631 437/2104/631
f 437/2105/632 439/2106/632 399/2107/632
f 440/2108/633 438/2109/633 400/2110/633
f 440/2111/634 442/2112/634 441/2113/634 439/2114/634
f 439/2115/635 441/2116/635 399/2117/635
f 442/2118/636 440/2119/636 400/2120/636
f 442/2121/637 444/2122/637 443/2123/637 441/2124/637
f 441/2125/638 443/2126/638 399/2127/638
f 444/2128/639 442/2129/639 400/2130/639
f 444/2131/640 446/2132/640 445/2133/640 443/2134/640
f 443/2135/641 445/2136/641 399/2137/641
f 446/2138/642 444/2139/642 400/2140/642
f 446/2141/643 448/2142/643 447/2143/643 445/2144/643
f 445/2145/644 447/2146/644 399/2147/644
f 448/2148/645 446/2149/645 400/2150/645
f 448/2151/646 402/2152/646 401/2153/646 447/2154/646
f 447/2155/647 401/2156/647 399/2157/647
f 402/2158/648 448/2159/648 400/2160/648
o head_rail_R
v 0.0240383 2.38125 0
v 0.0240383 1.86875 0
v 0.04252929999999999 2.38125 0
v 0.04252929999999999 1.86875 0
v 0.04005197574137805 2.38125 0.009245499999999999
v 0.04005197574137805 1.86875 0.009245499999999999
v 0.0332838 2.38125 0.01601367574137805
v 0.0332838 1.86875 0.01601367574137805
v 0.0240383 2.38125 0.018490999999999997
v 0.0240383 1.86875 0.018490999999999997
v 0.014792800000000004 2.38125 0.016013675741378054
v 0.014792800000000004 1.86875 0.016013675741378054
v 0.008024624258621944 2.38125 0.009245499999999999
v 0.008024624258621944 1.86875 0.009245499999999999
v 0.0055473000000000015 2.38125 2.264494396303371e-18
v 0.0055473000000000015 1.86875 2.264494396303371e-18
v 0.008024624258621948 2.38125 -0.009245500000000002
v 0.008024624258621948 1.86875 -0.009245500000000002
v 0.01479279999999999 2.38125 -0.016013675741378047
v 0.01479279999999999 1.86875 -0.016013675741378047
v 0.024038299999999995 2.38125 -0.018490999999999997
v 0.024038299999999995 1.86875 -0.018490999999999997
v 0.0332838 2.38125 -0.01601367574137805
v 0.0332838 1.86875 -0.01601367574137805
v 0.040051975741378046 2.38125 -0.009245500000000009
v 0.040051975741378046 1.86875 -0.009245500000000009
vt 0.5 0.5
vt 0.5 0.5
vt 0.5 0.5
vt 0.5 0.5
vt 0.5 0.5
vt 0.5 0.5
vt 0.5 0.5
vt 0.5 0.5
vt 0.5 0.5
vt 0.5 0.5
vt 0.5 0.5
vt 0.5 0.5
vt 0.5 0.5
vt 0.5 0.5
vt 0.5 0.5
vt 0.5 0.5
vt 0.5 0.5
vt 0.5 0.5
vt 0.5 0.5
vt 0.5 0.5
vt 0.5 0.5
vt 0.5 0.5
vt 0.5 0.5
vt 0.5 0.5
vt 0.5 0.5
vt 0.5 0.5
vt 0.5 0.5
vt 0.5 0.5
vt 0.5 0.5
vt 0.5 0.5
vt 0.5 0.5
vt 0.5 0.5
vt 0.5 0.5
vt 0.5 0.5
vt 0.5 0.5
vt 0.5 0.5
vt 0.5 0.5
vt 0.5 0.5
vt 0.5 0.5
vt 0.5 0.5
vt 0.5 0.5
vt 0.5 0.5
vt 0.5 0.5
vt 0.5 0.5
vt 0.5 0.5
vt 0.5 0.5
vt 0.5 0.5
vt 0.5 0.5
vt 0.5 0.5
vt 0.5 0.5
vt 0.5 0.5
vt 0.5 0.5
vt 0.5 0.5
vt 0.5 0.5
vt 0.5 0.5
vt 0.5 0.5
vt 0.5 0.5
vt 0.5 0.5
vt 0.5 0.5
vt 0.5 0.5
vt 0.5 0.5
vt 0.5 0.5
vt 0.5 0.5
vt 0.5 0.5
vt 0.5 0.5
vt 0.5 0.5
vt 0.5 0.5
vt 0.5 0.5
vt 0.5 0.5
vt 0.5 0.5
vt 0.5 0.5
vt 0.5 0.5
vt 0.5 0.5
vt 0.5 0.5
vt 0.5 0.5
vt 0.5 0.5
vt 0.5 0.5
vt 0.5 0.5
vt 0.5 0.5
vt 0.5 0.5
vt 0.5 0.5
vt 0.5 0.5
vt 0.5 0.5
vt 0.5 0.5
vt 0.5 0.5
vt 0.5 0.5
vt 0.5 0.5
vt 0.5 0.5
vt 0.5 0.5
vt 0.5 0.5
vt 0.5 0.5
vt 0.5 0.5
vt 0.5 0.5
vt 0.5 0.5
vt 0.5 0.5
vt 0.5 0.5
vt 0.5 0.5
vt 0.5 0.5
vt 0.5 0.5
vt 0.5 0.5
vt 0.5 0.5
vt 0.5 0.5
vt 0.5 0.5
vt 0.5 0.5
vt 0.5 0.5
vt 0.5 0.5
vt 0.5 0.5
vt 0.5 0.5
vt 0.5 0.5
vt 0.5 0.5
vt 0.5 0.5
vt 0.5 0.5
vt 0.5 0.5
vt 0.5 0.5
vt 0.5 0.5
vt 0.5 0.5
vt 0.5 0.5
vt 0.5 0.5
vt 0.5 0.5
vt 0.5 0.5
vn -0.9659258262890683 0 -0.2588190451025206
vn 0 -1 0
vn 0 1 0
vn -0.7071067811865476 0 -0.7071067811865476
vn 0 -1 0
vn 0 1 0
vn -0.2588190451025209 0 -0.9659258262890684
vn 0 -1 0
vn 0 1 0
vn 0.25881904510252063 0 -0.9659258262890683
vn 0 -1 0
vn 0 1 0
vn 0.7071067811865474 0 -0.7071067811865477
vn 0 -1 0
vn 0 1 0
vn 0.9659258262890683 0 -0.25881904510252063
vn 0 -1 0
vn 0 1 0
vn 0.9659258262890684 0 0.2588190451025208
vn 0 -1 0
vn 0 1 0
vn 0.7071067811865477 0 0.7071067811865474
vn 0 -1 0
vn 0 1 0
vn 0.2588190451025211 0 0.9659258262890682
vn 0 -1 0
vn 0 1 0
vn -0.25881904510252074 0 0.9659258262890683
vn 0 -1 0
vn 0 1 0
vn -0.7071067811865474 0 0.7071067811865477
vn 0 -1 0
vn 0 1 0
vn -0.9659258262890682 0 0.25881904510252096
vn 0 -1 0
vn 0 1 0
usemtl m_3be25f79-071f-aaae-ced0-88ed625c361a
f 452/2161/649 454/2162/649 453/2163/649 451/2164/649
f 451/2165/650 453/2166/650 449/2167/650
f 454/2168/651 452/2169/651 450/2170/651
f 454/2171/652 456/2172/652 455/2173/652 453/2174/652
f 453/2175/653 455/2176/653 449/2177/653
f 456/2178/654 454/2179/654 450/2180/654
f 456/2181/655 458/2182/655 457/2183/655 455/2184/655
f 455/2185/656 457/2186/656 449/2187/656
f 458/2188/657 456/2189/657 450/2190/657
f 458/2191/658 460/2192/658 459/2193/658 457/2194/658
f 457/2195/659 459/2196/659 449/2197/659
f 460/2198/660 458/2199/660 450/2200/660
f 460/2201/661 462/2202/661 461/2203/661 459/2204/661
f 459/2205/662 461/2206/662 449/2207/662
f 462/2208/663 460/2209/663 450/2210/663
f 462/2211/664 464/2212/664 463/2213/664 461/2214/664
f 461/2215/665 463/2216/665 449/2217/665
f 464/2218/666 462/2219/666 450/2220/666
f 464/2221/667 466/2222/667 465/2223/667 463/2224/667
f 463/2225/668 465/2226/668 449/2227/668
f 466/2228/669 464/2229/669 450/2230/669
f 466/2231/670 468/2232/670 467/2233/670 465/2234/670
f 465/2235/671 467/2236/671 449/2237/671
f 468/2238/672 466/2239/672 450/2240/672
f 468/2241/673 470/2242/673 469/2243/673 467/2244/673
f 467/2245/674 469/2246/674 449/2247/674
f 470/2248/675 468/2249/675 450/2250/675
f 470/2251/676 472/2252/676 471/2253/676 469/2254/676
f 469/2255/677 471/2256/677 449/2257/677
f 472/2258/678 470/2259/678 450/2260/678
f 472/2261/679 474/2262/679 473/2263/679 471/2264/679
f 471/2265/680 473/2266/680 449/2267/680
f 474/2268/681 472/2269/681 450/2270/681
f 474/2271/682 452/2272/682 451/2273/682 473/2274/682
f 473/2275/683 451/2276/683 449/2277/683
f 452/2278/684 474/2279/684 450/2280/684
o head_rail_L
v -0.0240383 2.38125 0
v -0.0240383 1.86875 0
v -0.0055473000000000015 2.38125 0
v -0.0055473000000000015 1.86875 0
v -0.008024624258621944 2.38125 0.009245499999999999
v -0.008024624258621944 1.86875 0.009245499999999999
v -0.014792799999999997 2.38125 0.01601367574137805
v -0.014792799999999997 1.86875 0.01601367574137805
v -0.0240383 2.38125 0.018490999999999997
v -0.0240383 1.86875 0.018490999999999997
v -0.033283799999999995 2.38125 0.016013675741378054
v -0.033283799999999995 1.86875 0.016013675741378054
v -0.04005197574137805 2.38125 0.009245499999999999
v -0.04005197574137805 1.86875 0.009245499999999999
v -0.04252929999999999 2.38125 2.264494396303371e-18
v -0.04252929999999999 1.86875 2.264494396303371e-18
v -0.040051975741378046 2.38125 -0.009245500000000002
v -0.040051975741378046 1.86875 -0.009245500000000002
v -0.03328380000000001 2.38125 -0.016013675741378047
v -0.03328380000000001 1.86875 -0.016013675741378047
v -0.024038300000000002 2.38125 -0.018490999999999997
v -0.024038300000000002 1.86875 -0.018490999999999997
v -0.014792799999999997 2.38125 -0.01601367574137805
v -0.014792799999999997 1.86875 -0.01601367574137805
v -0.008024624258621951 2.38125 -0.009245500000000009
v -0.008024624258621951 1.86875 -0.009245500000000009
vt 0.5 0.5
vt 0.5 0.5
vt 0.5 0.5
vt 0.5 0.5
vt 0.5 0.5
vt 0.5 0.5
vt 0.5 0.5
vt 0.5 0.5
vt 0.5 0.5
vt 0.5 0.5
vt 0.5 0.5
vt 0.5 0.5
vt 0.5 0.5
vt 0.5 0.5
vt 0.5 0.5
vt 0.5 0.5
vt 0.5 0.5
vt 0.5 0.5
vt 0.5 0.5
vt 0.5 0.5
vt 0.5 0.5
vt 0.5 0.5
vt 0.5 0.5
vt 0.5 0.5
vt 0.5 0.5
vt 0.5 0.5
vt 0.5 0.5
vt 0.5 0.5
vt 0.5 0.5
vt 0.5 0.5
vt 0.5 0.5
vt 0.5 0.5
vt 0.5 0.5
vt 0.5 0.5
vt 0.5 0.5
vt 0.5 0.5
vt 0.5 0.5
vt 0.5 0.5
vt 0.5 0.5
vt 0.5 0.5
vt 0.5 0.5
vt 0.5 0.5
vt 0.5 0.5
vt 0.5 0.5
vt 0.5 0.5
vt 0.5 0.5
vt 0.5 0.5
vt 0.5 0.5
vt 0.5 0.5
vt 0.5 0.5
vt 0.5 0.5
vt 0.5 0.5
vt 0.5 0.5
vt 0.5 0.5
vt 0.5 0.5
vt 0.5 0.5
vt 0.5 0.5
vt 0.5 0.5
vt 0.5 0.5
vt 0.5 0.5
vt 0.5 0.5
vt 0.5 0.5
vt 0.5 0.5
vt 0.5 0.5
vt 0.5 0.5
vt 0.5 0.5
vt 0.5 0.5
vt 0.5 0.5
vt 0.5 0.5
vt 0.5 0.5
vt 0.5 0.5
vt 0.5 0.5
vt 0.5 0.5
vt 0.5 0.5
vt 0.5 0.5
vt 0.5 0.5
vt 0.5 0.5
vt 0.5 0.5
vt 0.5 0.5
vt 0.5 0.5
vt 0.5 0.5
vt 0.5 0.5
vt 0.5 0.5
vt 0.5 0.5
vt 0.5 0.5
vt 0.5 0.5
vt 0.5 0.5
vt 0.5 0.5
vt 0.5 0.5
vt 0.5 0.5
vt 0.5 0.5
vt 0.5 0.5
vt 0.5 0.5
vt 0.5 0.5
vt 0.5 0.5
vt 0.5 0.5
vt 0.5 0.5
vt 0.5 0.5
vt 0.5 0.5
vt 0.5 0.5
vt 0.5 0.5
vt 0.5 0.5
vt 0.5 0.5
vt 0.5 0.5
vt 0.5 0.5
vt 0.5 0.5
vt 0.5 0.5
vt 0.5 0.5
vt 0.5 0.5
vt 0.5 0.5
vt 0.5 0.5
vt 0.5 0.5
vt 0.5 0.5
vt 0.5 0.5
vt 0.5 0.5
vt 0.5 0.5
vt 0.5 0.5
vt 0.5 0.5
vt 0.5 0.5
vt 0.5 0.5
vn -0.9659258262890683 0 -0.2588190451025206
vn 0 -1 0
vn 0 1 0
vn -0.7071067811865476 0 -0.7071067811865476
vn 0 -1 0
vn 0 1 0
vn -0.2588190451025209 0 -0.9659258262890684
vn 0 -1 0
vn 0 1 0
vn 0.25881904510252063 0 -0.9659258262890683
vn 0 -1 0
vn 0 1 0
vn 0.7071067811865474 0 -0.7071067811865477
vn 0 -1 0
vn 0 1 0
vn 0.9659258262890683 0 -0.25881904510252063
vn 0 -1 0
vn 0 1 0
vn 0.9659258262890684 0 0.2588190451025208
vn 0 -1 0
vn 0 1 0
vn 0.7071067811865477 0 0.7071067811865474
vn 0 -1 0
vn 0 1 0
vn 0.2588190451025211 0 0.9659258262890682
vn 0 -1 0
vn 0 1 0
vn -0.25881904510252074 0 0.9659258262890683
vn 0 -1 0
vn 0 1 0
vn -0.7071067811865474 0 0.7071067811865477
vn 0 -1 0
vn 0 1 0
vn -0.9659258262890682 0 0.25881904510252096
vn 0 -1 0
vn 0 1 0
usemtl m_3be25f79-071f-aaae-ced0-88ed625c361a
f 478/2281/685 480/2282/685 479/2283/685 477/2284/685
f 477/2285/686 479/2286/686 475/2287/686
f 480/2288/687 478/2289/687 476/2290/687
f 480/2291/688 482/2292/688 481/2293/688 479/2294/688
f 479/2295/689 481/2296/689 475/2297/689
f 482/2298/690 480/2299/690 476/2300/690
f 482/2301/691 484/2302/691 483/2303/691 481/2304/691
f 481/2305/692 483/2306/692 475/2307/692
f 484/2308/693 482/2309/693 476/2310/693
f 484/2311/694 486/2312/694 485/2313/694 483/2314/694
f 483/2315/695 485/2316/695 475/2317/695
f 486/2318/696 484/2319/696 476/2320/696
f 486/2321/697 488/2322/697 487/2323/697 485/2324/697
f 485/2325/698 487/2326/698 475/2327/698
f 488/2328/699 486/2329/699 476/2330/699
f 488/2331/700 490/2332/700 489/2333/700 487/2334/700
f 487/2335/701 489/2336/701 475/2337/701
f 490/2338/702 488/2339/702 476/2340/702
f 490/2341/703 492/2342/703 491/2343/703 489/2344/703
f 489/2345/704 491/2346/704 475/2347/704
f 492/2348/705 490/2349/705 476/2350/705
f 492/2351/706 494/2352/706 493/2353/706 491/2354/706
f 491/2355/707 493/2356/707 475/2357/707
f 494/2358/708 492/2359/708 476/2360/708
f 494/2361/709 496/2362/709 495/2363/709 493/2364/709
f 493/2365/710 495/2366/710 475/2367/710
f 496/2368/711 494/2369/711 476/2370/711
f 496/2371/712 498/2372/712 497/2373/712 495/2374/712
f 495/2375/713 497/2376/713 475/2377/713
f 498/2378/714 496/2379/714 476/2380/714
f 498/2381/715 500/2382/715 499/2383/715 497/2384/715
f 497/2385/716 499/2386/716 475/2387/716
f 500/2388/717 498/2389/717 476/2390/717
f 500/2391/718 478/2392/718 477/2393/718 499/2394/718
f 499/2395/719 477/2396/719 475/2397/719
f 478/2398/720 500/2399/720 476/2400/720
o guard_right_edge
v 0.055473 1.84375 -0.0167715625
v 0.055473 1.84375 0.0167715625
v 0.22928839999999998 2.15 -0.0167715625
v 0.22928839999999998 2.15 0.0167715625
v 0.073964 2.6875 -0.0167715625
v 0.073964 2.6875 0.0167715625
vt 0.5 0.5
vt 0.5 0.5
vt 0.5 0.5
vt 0.5 0.5
vt 0.5 0.5
vt 0.5 0.5
vt 0.5 0.5
vt 0.5 0.5
vt 0.5 0.5
vt 0.5 0.5
vt 0.5 0.5
vt 0.5 0.5
vt 0.5 0.5
vt 0.5 0.5
vt 0.5 0.5
vt 0.5 0.5
vt 0.5 0.5
vt 0.5 0.5
vn 0 0 1
vn 0 0 -1
vn -0.8696885576492057 0.49360086374928913 0
vn -0.9606919611006366 -0.27761656268424123 0
vn 0.9997599471715151 -0.021909998439287093 0
usemtl m_3be25f79-071f-aaae-ced0-88ed625c361a
f 502/2401/721 504/2402/721 506/2403/721
f 501/2404/722 505/2405/722 503/2406/722
f 501/2407/723 502/2408/723 504/2409/723 503/2410/723
f 503/2411/724 504/2412/724 506/2413/724 505/2414/724
f 505/2415/725 506/2416/725 502/2417/725 501/2418/725
o guard_right_core
v 0.06149999999999999 1.878125 -0.018462812500000002
v 0.06149999999999999 1.878125 0.018462812500000002
v 0.21371249999999997 2.15125 -0.018462812500000002
v 0.21371249999999997 2.15125 0.018462812500000002
v 0.0773875 2.646875 -0.018462812500000002
v 0.0773875 2.646875 0.018462812500000002
vt 0.5 0.5
vt 0.5 0.5
vt 0.5 0.5
vt 0.5 0.5
vt 0.5 0.5
vt 0.5 0.5
vt 0.5 0.5
vt 0.5 0.5
vt 0.5 0.5
vt 0.5 0.5
vt 0.5 0.5
vt 0.5 0.5
vt 0.5 0.5
vt 0.5 0.5
vt 0.5 0.5
vt 0.5 0.5
vt 0.5 0.5
vt 0.5 0.5
vn 0 0 1
vn 0 0 -1
vn -0.8735096940576957 0.4868067526105518 0
vn -0.9641914028576349 -0.2652073503042967 0
vn 0.9997865128290682 -0.020662254598467412 0
usemtl m_fd6528dc-6890-b3c9-f9b5-33bf351960de
f 508/2419/726 510/2420/726 512/2421/726
f 507/2422/727 511/2423/727 509/2424/727
f 507/2425/728 508/2426/728 510/2427/728 509/2428/728
f 509/2429/729 510/2430/729 512/2431/729 511/2432/729
f 511/2433/730 512/2434/730 508/2435/730 507/2436/730
o guard_right_inset
v 0.0722625 1.934375 -0.019900374999999998
v 0.0722625 1.934375 0.019900374999999998
v 0.19679999999999997 2.151875 -0.019900374999999998
v 0.19679999999999997 2.151875 0.019900374999999998
v 0.08456249999999998 2.58125 -0.019900374999999998
v 0.08456249999999998 2.58125 0.019900374999999998
vt 0.5 0.5
vt 0.5 0.5
vt 0.5 0.5
vt 0.5 0.5
vt 0.5 0.5
vt 0.5 0.5
vt 0.5 0.5
vt 0.5 0.5
vt 0.5 0.5
vt 0.5 0.5
vt 0.5 0.5
vt 0.5 0.5
vt 0.5 0.5
vt 0.5 0.5
vt 0.5 0.5
vt 0.5 0.5
vt 0.5 0.5
vt 0.5 0.5
vn 0 0 1
vn 0 0 -1
vn -0.8678100577535747 0.49689606927579666 0
vn -0.9674924274983357 -0.25289998563340776 0
vn 0.9998192735375511 -0.019011056331612555 0
usemtl m_74f865cf-804f-74ba-3be0-4405179d6612
f 514/2437/731 516/2438/731 518/2439/731
f 513/2440/732 517/2441/732 515/2442/732
f 513/2443/733 514/2444/733 516/2445/733 515/2446/733
f 515/2447/734 516/2448/734 518/2449/734 517/2450/734
f 517/2451/735 518/2452/735 514/2453/735 513/2454/735
o guard_right_trim
v 0.101475 1.946875 -0.021027874999999998
v 0.101475 1.946875 0.021027874999999998
v 0.1204375 1.971875 -0.021027874999999998
v 0.1204375 1.971875 0.021027874999999998
v 0.205 2.140625 -0.021027874999999998
v 0.205 2.140625 0.021027874999999998
v 0.1886 2.165625 -0.021027874999999998
v 0.1886 2.165625 0.021027874999999998
vt 0.5 0.5
vt 0.5 0.5
vt 0.5 0.5
vt 0.5 0.5
vt 0.5 0.5
vt 0.5 0.5
vt 0.5 0.5
vt 0.5 0.5
vt 0.5 0.5
vt 0.5 0.5
vt 0.5 0.5
vt 0.5 0.5
vt 0.5 0.5
vt 0.5 0.5
vt 0.5 0.5
vt 0.5 0.5
vt 0.5 0.5
vt 0.5 0.5
vt 0.5 0.5
vt 0.5 0.5
vt 0.5 0.5
vt 0.5 0.5
vt 0.5 0.5
vt 0.5 0.5
vt 0.5 0.5
vt 0.5 0.5
vt 0.5 0.5
vt 0.5 0.5
vn 0 0 1
vn 0 0 -1
vn 0 0 1
vn 0 0 -1
vn -0.7967375695403183 0.6043254464963284 0
vn -0.8940294915193807 0.44800811186137857 0
vn -0.8361437835000369 -0.548510321976026 0
vn 0.9290248530487953 -0.37001732718572017 0
usemtl m_3be25f79-071f-aaae-ced0-88ed625c361a
f 520/2455/736 522/2456/736 524/2457/736
f 519/2458/737 523/2459/737 521/2460/737
f 520/2461/738 524/2462/738 526/2463/738
f 519/2464/739 525/2465/739 523/2466/739
f 519/2467/740 520/2468/740 522/2469/740 521/2470/740
f 521/2471/741 522/2472/741 524/2473/741 523/2474/741
f 523/2475/742 524/2476/742 526/2477/742 525/2478/742
f 525/2479/743 526/2480/743 520/2481/743 519/2482/743
o guard_right_support_edge
v 0.0574 1.728125 -0.011275000000000002
v 0.0574 1.728125 0.011275000000000002
v 0.080975 1.728125 -0.011275000000000002
v 0.080975 1.728125 0.011275000000000002
v 0.1716875 2.0625 -0.011275000000000002
v 0.1716875 2.0625 0.011275000000000002
v 0.144525 2.075 -0.011275000000000002
v 0.144525 2.075 0.011275000000000002
v 0.0681625 1.8125 -0.011275000000000002
v 0.0681625 1.8125 0.011275000000000002
vt 0.5 0.5
vt 0.5 0.5
vt 0.5 0.5
vt 0.5 0.5
vt 0.5 0.5
vt 0.5 0.5
vt 0.5 0.5
vt 0.5 0.5
vt 0.5 0.5
vt 0.5 0.5
vt 0.5 0.5
vt 0.5 0.5
vt 0.5 0.5
vt 0.5 0.5
vt 0.5 0.5
vt 0.5 0.5
vt 0.5 0.5
vt 0.5 0.5
vt 0.5 0.5
vt 0.5 0.5
vt 0.5 0.5
vt 0.5 0.5
vt 0.5 0.5
vt 0.5 0.5
vt 0.5 0.5
vt 0.5 0.5
vt 0.5 0.5
vt 0.5 0.5
vt 0.5 0.5
vt 0.5 0.5
vt 0.5 0.5
vt 0.5 0.5
vt 0.5 0.5
vt 0.5 0.5
vt 0.5 0.5
vt 0.5 0.5
vt 0.5 0.5
vt 0.5 0.5
vn 0 0 1
vn 0 0 -1
vn 0 0 1
vn 0 0 -1
vn 0 0 1
vn 0 0 -1
vn 0 1 0
vn -0.96511514422534 0.26182581688386125 0
vn -0.41805051973473406 -0.9084237793835643 0
vn 0.9601964114667265 -0.27932570845953464 0
vn 0.9919627354652967 -0.12653035781268437 0
usemtl m_3be25f79-071f-aaae-ced0-88ed625c361a
f 528/2483/744 530/2484/744 532/2485/744
f 527/2486/745 531/2487/745 529/2488/745
f 528/2489/746 532/2490/746 534/2491/746
f 527/2492/747 533/2493/747 531/2494/747
f 528/2495/748 534/2496/748 536/2497/748
f 527/2498/749 535/2499/749 533/2500/749
f 527/2501/750 528/2502/750 530/2503/750 529/2504/750
f 529/2505/751 530/2506/751 532/2507/751 531/2508/751
f 531/2509/752 532/2510/752 534/2511/752 533/2512/752
f 533/2513/753 534/2514/753 536/2515/753 535/2516/753
f 535/2517/754 536/2518/754 528/2519/754 527/2520/754
o guard_right_support_core
v 0.0702125 1.759375 -0.013529999999999999
v 0.0702125 1.759375 0.013529999999999999
v 0.083025 1.759375 -0.013529999999999999
v 0.083025 1.759375 0.013529999999999999
v 0.152725 2.053125 -0.013529999999999999
v 0.152725 2.053125 0.013529999999999999
v 0.1394 2.065625 -0.013529999999999999
v 0.1394 2.065625 0.013529999999999999
vt 0.5 0.5
vt 0.5 0.5
vt 0.5 0.5
vt 0.5 0.5
vt 0.5 0.5
vt 0.5 0.5
vt 0.5 0.5
vt 0.5 0.5
vt 0.5 0.5
vt 0.5 0.5
vt 0.5 0.5
vt 0.5 0.5
vt 0.5 0.5
vt 0.5 0.5
vt 0.5 0.5
vt 0.5 0.5
vt 0.5 0.5
vt 0.5 0.5
vt 0.5 0.5
vt 0.5 0.5
vt 0.5 0.5
vt 0.5 0.5
vt 0.5 0.5
vt 0.5 0.5
vt 0.5 0.5
vt 0.5 0.5
vt 0.5 0.5
vt 0.5 0.5
vn 0 0 1
vn 0 0 -1
vn 0 0 1
vn 0 0 -1
vn 0 1 0
vn -0.9729853976198672 0.23086666285652666 0
vn -0.6841686776988717 -0.729323810427013 0
vn 0.9754175423675197 -0.22036473865323358 0
usemtl m_fd6528dc-6890-b3c9-f9b5-33bf351960de
f 538/2521/755 540/2522/755 542/2523/755
f 537/2524/756 541/2525/756 539/2526/756
f 538/2527/757 542/2528/757 544/2529/757
f 537/2530/758 543/2531/758 541/2532/758
f 537/2533/759 538/2534/759 540/2535/759 539/2536/759
f 539/2537/760 540/2538/760 542/2539/760 541/2540/760
f 541/2541/761 542/2542/761 544/2543/761 543/2544/761
f 543/2545/762 544/2546/762 538/2547/762 537/2548/762
o guard_back_edge
v -0.016771562499999997 1.84375 -0.055473
v 0.016771562500000003 1.84375 -0.055473
v -0.016771562499999993 2.15 -0.22928839999999998
v 0.016771562500000003 2.15 -0.22928839999999998
v -0.016771562499999997 2.6875 -0.073964
v 0.016771562500000003 2.6875 -0.073964
vt 0.5 0.5
vt 0.5 0.5
vt 0.5 0.5
vt 0.5 0.5
vt 0.5 0.5
vt 0.5 0.5
vt 0.5 0.5
vt 0.5 0.5
vt 0.5 0.5
vt 0.5 0.5
vt 0.5 0.5
vt 0.5 0.5
vt 0.5 0.5
vt 0.5 0.5
vt 0.5 0.5
vt 0.5 0.5
vt 0.5 0.5
vt 0.5 0.5
vn 1 0 0
vn -1 -4.550094363217855e-19 -2.0762220101482153e-17
vn 0 0.49360086374928913 0.8696885576492057
vn 0 -0.27761656268424123 0.9606919611006366
vn 0 -0.021909998439287093 -0.9997599471715151
usemtl m_3be25f79-071f-aaae-ced0-88ed625c361a
f 546/2549/763 548/2550/763 550/2551/763
f 545/2552/764 549/2553/764 547/2554/764
f 545/2555/765 546/2556/765 548/2557/765 547/2558/765
f 547/2559/766 548/2560/766 550/2561/766 549/2562/766
f 549/2563/767 550/2564/767 546/2565/767 545/2566/767
o guard_back_core
v -0.0184628125 1.878125 -0.06149999999999999
v 0.018462812500000005 1.878125 -0.06149999999999999
v -0.018462812499999995 2.15125 -0.21371249999999997
v 0.018462812500000005 2.15125 -0.21371249999999997
v -0.0184628125 2.646875 -0.0773875
v 0.018462812500000005 2.646875 -0.0773875
vt 0.5 0.5
vt 0.5 0.5
vt 0.5 0.5
vt 0.5 0.5
vt 0.5 0.5
vt 0.5 0.5
vt 0.5 0.5
vt 0.5 0.5
vt 0.5 0.5
vt 0.5 0.5
vt 0.5 0.5
vt 0.5 0.5
vt 0.5 0.5
vt 0.5 0.5
vt 0.5 0.5
vt 0.5 0.5
vt 0.5 0.5
vt 0.5 0.5
vn 1 0 0
vn -1 -4.892059961306315e-19 -2.3671257877288616e-17
vn 0 0.4868067526105518 0.8735096940576957
vn 0 -0.2652073503042967 0.9641914028576349
vn 0 -0.020662254598467412 -0.9997865128290682
usemtl m_fd6528dc-6890-b3c9-f9b5-33bf351960de
f 552/2567/768 554/2568/768 556/2569/768
f 551/2570/769 555/2571/769 553/2572/769
f 551/2573/770 552/2574/770 554/2575/770 553/2576/770
f 553/2577/771 554/2578/771 556/2579/771 555/2580/771
f 555/2581/772 556/2582/772 552/2583/772 551/2584/772
o guard_back_inset
v -0.019900374999999998 1.934375 -0.0722625
v 0.019900375 1.934375 -0.0722625
v -0.019900374999999994 2.151875 -0.19679999999999997
v 0.019900375000000005 2.151875 -0.19679999999999997
v -0.019900374999999998 2.58125 -0.08456249999999998
v 0.019900375 2.58125 -0.08456249999999998
vt 0.5 0.5
vt 0.5 0.5
vt 0.5 0.5
vt 0.5 0.5
vt 0.5 0.5
vt 0.5 0.5
vt 0.5 0.5
vt 0.5 0.5
vt 0.5 0.5
vt 0.5 0.5
vt 0.5 0.5
vt 0.5 0.5
vt 0.5 0.5
vt 0.5 0.5
vt 0.5 0.5
vt 0.5 0.5
vt 0.5 0.5
vt 0.5 0.5
vn 1 5.479133013165322e-19 2.881556234057983e-17
vn -1 -5.479133013165322e-19 -2.881556234057983e-17
vn 0 0.49689606927579666 0.8678100577535747
vn 0 -0.25289998563340776 0.9674924274983357
vn 0 -0.019011056331612555 -0.9998192735375511
usemtl m_74f865cf-804f-74ba-3be0-4405179d6612
f 558/2585/773 560/2586/773 562/2587/773
f 557/2588/774 561/2589/774 559/2590/774
f 557/2591/775 558/2592/775 560/2593/775 559/2594/775
f 559/2595/776 560/2596/776 562/2597/776 561/2598/776
f 561/2599/777 562/2600/777 558/2601/777 557/2602/777
o guard_back_trim
v -0.021027874999999994 1.946875 -0.101475
v 0.021027875 1.946875 -0.101475
v -0.021027874999999994 1.971875 -0.1204375
v 0.021027875 1.971875 -0.1204375
v -0.021027874999999994 2.140625 -0.205
v 0.02102787500000001 2.140625 -0.205
v -0.021027874999999994 2.165625 -0.1886
v 0.02102787500000001 2.165625 -0.1886
vt 0.5 0.5
vt 0.5 0.5
vt 0.5 0.5
vt 0.5 0.5
vt 0.5 0.5
vt 0.5 0.5
vt 0.5 0.5
vt 0.5 0.5
vt 0.5 0.5
vt 0.5 0.5
vt 0.5 0.5
vt 0.5 0.5
vt 0.5 0.5
vt 0.5 0.5
vt 0.5 0.5
vt 0.5 0.5
vt 0.5 0.5
vt 0.5 0.5
vt 0.5 0.5
vt 0.5 0.5
vt 0.5 0.5
vt 0.5 0.5
vt 0.5 0.5
vt 0.5 0.5
vt 0.5 0.5
vt 0.5 0.5
vt 0.5 0.5
vt 0.5 0.5
vn 1 -1.2117478439861712e-16 -1.5975581331393238e-16
vn -1 0 0
vn 1 -1.973729821555836e-17 3.008734484079008e-17
vn -1 0 0
vn 0 0.6043254464963284 0.7967375695403183
vn 0 0.44800811186137857 0.8940294915193807
vn 0 -0.548510321976026 0.8361437835000368
vn 0 -0.37001732718572017 -0.9290248530487955
usemtl m_3be25f79-071f-aaae-ced0-88ed625c361a
f 564/2603/778 566/2604/778 568/2605/778
f 563/2606/779 567/2607/779 565/2608/779
f 564/2609/780 568/2610/780 570/2611/780
f 563/2612/781 569/2613/781 567/2614/781
f 563/2615/782 564/2616/782 566/2617/782 565/2618/782
f 565/2619/783 566/2620/783 568/2621/783 567/2622/783
f 567/2623/784 568/2624/784 570/2625/784 569/2626/784
f 569/2627/785 570/2628/785 564/2629/785 563/2630/785
o guard_back_support_edge
v -0.011275 1.728125 -0.0574
v 0.011275000000000004 1.728125 -0.0574
v -0.011274999999999997 1.728125 -0.080975
v 0.011275000000000004 1.728125 -0.080975
v -0.011274999999999993 2.0625 -0.1716875
v 0.011275000000000007 2.0625 -0.1716875
v -0.011274999999999995 2.075 -0.144525
v 0.011275000000000006 2.075 -0.144525
v -0.011275 1.8125 -0.0681625
v 0.011275000000000004 1.8125 -0.0681625
vt 0.5 0.5
vt 0.5 0.5
vt 0.5 0.5
vt 0.5 0.5
vt 0.5 0.5
vt 0.5 0.5
vt 0.5 0.5
vt 0.5 0.5
vt 0.5 0.5
vt 0.5 0.5
vt 0.5 0.5
vt 0.5 0.5
vt 0.5 0.5
vt 0.5 0.5
vt 0.5 0.5
vt 0.5 0.5
vt 0.5 0.5
vt 0.5 0.5
vt 0.5 0.5
vt 0.5 0.5
vt 0.5 0.5
vt 0.5 0.5
vt 0.5 0.5
vt 0.5 0.5
vt 0.5 0.5
vt 0.5 0.5
vt 0.5 0.5
vt 0.5 0.5
vt 0.5 0.5
vt 0.5 0.5
vt 0.5 0.5
vt 0.5 0.5
vt 0.5 0.5
vt 0.5 0.5
vt 0.5 0.5
vt 0.5 0.5
vt 0.5 0.5
vt 0.5 0.5
vn 1 -1.0375916117992115e-17 0
vn -1 -2.9548804596890574e-17 -1.4716636063429963e-16
vn 1 9.896091260181548e-18 5.931053235985408e-17
vn -1 -9.304017424102252e-19 -6.343648243706137e-17
vn 1 5.160399184844682e-18 4.045609117038518e-17
vn -1 -1.5481197554534048e-17 -1.2136827351115553e-16
vn 0 1 0
vn 0 0.2618258168838613 0.9651151442253401
vn 0 -0.9084237793835644 0.41805051973473417
vn 0 -0.27932570845953464 -0.9601964114667265
vn 0 -0.12653035781268437 -0.9919627354652967
usemtl m_3be25f79-071f-aaae-ced0-88ed625c361a
f 572/2631/786 574/2632/786 576/2633/786
f 571/2634/787 575/2635/787 573/2636/787
f 572/2637/788 576/2638/788 578/2639/788
f 571/2640/789 577/2641/789 575/2642/789
f 572/2643/790 578/2644/790 580/2645/790
f 571/2646/791 579/2647/791 577/2648/791
f 571/2649/792 572/2650/792 574/2651/792 573/2652/792
f 573/2653/793 574/2654/793 576/2655/793 575/2656/793
f 575/2657/794 576/2658/794 578/2659/794 577/2660/794
f 577/2661/795 578/2662/795 580/2663/795 579/2664/795
f 579/2665/796 580/2666/796 572/2667/796 571/2668/796
o guard_back_support_core
v -0.013529999999999997 1.759375 -0.0702125
v 0.013530000000000004 1.759375 -0.0702125
v -0.013529999999999997 1.759375 -0.083025
v 0.013530000000000004 1.759375 -0.083025
v -0.013529999999999995 2.053125 -0.152725
v 0.013530000000000006 2.053125 -0.152725
v -0.013529999999999995 2.065625 -0.1394
v 0.013530000000000006 2.065625 -0.1394
vt 0.5 0.5
vt 0.5 0.5
vt 0.5 0.5
vt 0.5 0.5
vt 0.5 0.5
vt 0.5 0.5
vt 0.5 0.5
vt 0.5 0.5
vt 0.5 0.5
vt 0.5 0.5
vt 0.5 0.5
vt 0.5 0.5
vt 0.5 0.5
vt 0.5 0.5
vt 0.5 0.5
vt 0.5 0.5
vt 0.5 0.5
vt 0.5 0.5
vt 0.5 0.5
vt 0.5 0.5
vt 0.5 0.5
vt 0.5 0.5
vt 0.5 0.5
vt 0.5 0.5
vt 0.5 0.5
vt 0.5 0.5
vt 0.5 0.5
vt 0.5 0.5
vn 1 -5.9054416203465735e-18 0
vn -1 5.9054416203465735e-18 0
vn 1 -4.673866360144784e-18 4.3844900188974514e-18
vn -1 4.673866360144784e-18 -4.3844900188974514e-18
vn 0 1 0
vn 0 0.23086666285652668 0.9729853976198672
vn 0 -0.729323810427013 0.6841686776988717
vn 0 -0.22036473865323358 -0.9754175423675197
usemtl m_fd6528dc-6890-b3c9-f9b5-33bf351960de
f 582/2669/797 584/2670/797 586/2671/797
f 581/2672/798 585/2673/798 583/2674/798
f 582/2675/799 586/2676/799 588/2677/799
f 581/2678/800 587/2679/800 585/2680/800
f 581/2681/801 582/2682/801 584/2683/801 583/2684/801
f 583/2685/802 584/2686/802 586/2687/802 585/2688/802
f 585/2689/803 586/2690/803 588/2691/803 587/2692/803
f 587/2693/804 588/2694/804 582/2695/804 581/2696/804
o guard_left_edge
v -0.055473 1.84375 0.016771562499999997
v -0.055473 1.84375 -0.016771562500000003
v -0.22928839999999998 2.15 0.016771562499999983
v -0.22928839999999998 2.15 -0.016771562500000014
v -0.073964 2.6875 0.016771562499999993
v -0.073964 2.6875 -0.016771562500000003
vt 0.5 0.5
vt 0.5 0.5
vt 0.5 0.5
vt 0.5 0.5
vt 0.5 0.5
vt 0.5 0.5
vt 0.5 0.5
vt 0.5 0.5
vt 0.5 0.5
vt 0.5 0.5
vt 0.5 0.5
vt 0.5 0.5
vt 0.5 0.5
vt 0.5 0.5
vt 0.5 0.5
vt 0.5 0.5
vt 0.5 0.5
vt 0.5 0.5
vn 6.228666030444646e-17 1.3650283089653566e-18 -1
vn -7.551296348020547e-17 2.457050956137641e-18 1
vn 0.8696885576492057 0.49360086374928913 0
vn 0.9606919611006366 -0.27761656268424123 0
vn -0.9997599471715151 -0.021909998439287093 0
usemtl m_3be25f79-071f-aaae-ced0-88ed625c361a
f 590/2697/805 592/2698/805 594/2699/805
f 589/2700/806 593/2701/806 591/2702/806
f 589/2703/807 590/2704/807 592/2705/807 591/2706/807
f 591/2707/808 592/2708/808 594/2709/808 593/2710/808
f 593/2711/809 594/2712/809 590/2713/809 589/2714/809
o guard_left_core
v -0.06149999999999999 1.878125 0.0184628125
v -0.06149999999999999 1.878125 -0.018462812500000005
v -0.21371249999999997 2.15125 0.018462812499999988
v -0.21371249999999997 2.15125 -0.01846281250000002
v -0.0773875 2.646875 0.018462812499999995
v -0.0773875 2.646875 -0.018462812500000005
vt 0.5 0.5
vt 0.5 0.5
vt 0.5 0.5
vt 0.5 0.5
vt 0.5 0.5
vt 0.5 0.5
vt 0.5 0.5
vt 0.5 0.5
vt 0.5 0.5
vt 0.5 0.5
vt 0.5 0.5
vt 0.5 0.5
vt 0.5 0.5
vt 0.5 0.5
vt 0.5 0.5
vt 0.5 0.5
vt 0.5 0.5
vt 0.5 0.5
vn 9.468503150915446e-17 1.956823984522526e-18 -1
vn -6.260374136164217e-17 3.21929107131125e-18 1
vn 0.8735096940576957 0.4868067526105518 0
vn 0.9641914028576349 -0.2652073503042967 0
vn -0.9997865128290682 -0.020662254598467412 0
usemtl m_fd6528dc-6890-b3c9-f9b5-33bf351960de
f 596/2715/810 598/2716/810 600/2717/810
f 595/2718/811 599/2719/811 597/2720/811
f 595/2721/812 596/2722/812 598/2723/812 597/2724/812
f 597/2725/813 598/2726/813 600/2727/813 599/2728/813
f 599/2729/814 600/2730/814 596/2731/814 595/2732/814
o guard_left_inset
v -0.0722625 1.934375 0.019900374999999994
v -0.0722625 1.934375 -0.019900375000000005
v -0.19679999999999997 2.151875 0.019900374999999988
v -0.19679999999999997 2.151875 -0.019900375000000012
v -0.08456249999999998 2.58125 0.019900374999999994
v -0.08456249999999998 2.58125 -0.019900375000000005
vt 0.5 0.5
vt 0.5 0.5
vt 0.5 0.5
vt 0.5 0.5
vt 0.5 0.5
vt 0.5 0.5
vt 0.5 0.5
vt 0.5 0.5
vt 0.5 0.5
vt 0.5 0.5
vt 0.5 0.5
vt 0.5 0.5
vt 0.5 0.5
vt 0.5 0.5
vt 0.5 0.5
vt 0.5 0.5
vt 0.5 0.5
vt 0.5 0.5
vn 5.763112468115966e-17 1.0958266026330644e-18 -1
vn -5.763112468115966e-17 -1.0958266026330644e-18 1
vn 0.8678100577535747 0.49689606927579666 0
vn 0.9674924274983357 -0.25289998563340776 0
vn -0.9998192735375511 -0.019011056331612555 0
usemtl m_74f865cf-804f-74ba-3be0-4405179d6612
f 602/2733/815 604/2734/815 606/2735/815
f 601/2736/816 605/2737/816 603/2738/816
f 601/2739/817 602/2740/817 604/2741/817 603/2742/817
f 603/2743/818 604/2744/818 606/2745/818 605/2746/818
f 605/2747/819 606/2748/819 602/2749/819 601/2750/819
o guard_left_trim
v -0.101475 1.946875 0.021027874999999994
v -0.101475 1.946875 -0.02102787500000001
v -0.1204375 1.971875 0.02102787499999999
v -0.1204375 1.971875 -0.021027875000000012
v -0.205 2.140625 0.021027874999999988
v -0.205 2.140625 -0.021027875000000015
v -0.1886 2.165625 0.021027874999999988
v -0.1886 2.165625 -0.021027875000000015
vt 0.5 0.5
vt 0.5 0.5
vt 0.5 0.5
vt 0.5 0.5
vt 0.5 0.5
vt 0.5 0.5
vt 0.5 0.5
vt 0.5 0.5
vt 0.5 0.5
vt 0.5 0.5
vt 0.5 0.5
vt 0.5 0.5
vt 0.5 0.5
vt 0.5 0.5
vt 0.5 0.5
vt 0.5 0.5
vt 0.5 0.5
vt 0.5 0.5
vt 0.5 0.5
vt 0.5 0.5
vt 0.5 0.5
vt 0.5 0.5
vt 0.5 0.5
vt 0.5 0.5
vt 0.5 0.5
vt 0.5 0.5
vt 0.5 0.5
vt 0.5 0.5
vn 4.592979632775525e-16 2.095996270678781e-16 -1
vn -4.592979632775525e-16 -2.095996270678781e-16 1
vn 3.008734484079008e-17 -1.973729821555836e-17 -1
vn -3.008734484079008e-17 1.973729821555836e-17 1
vn 0.7967375695403183 0.6043254464963284 0
vn 0.8940294915193808 0.4480081118613787 0
vn 0.8361437835000368 -0.548510321976026 0
vn -0.9290248530487955 -0.37001732718572017 0
usemtl m_3be25f79-071f-aaae-ced0-88ed625c361a
f 608/2751/820 610/2752/820 612/2753/820
f 607/2754/821 611/2755/821 609/2756/821
f 608/2757/822 612/2758/822 614/2759/822
f 607/2760/823 613/2761/823 611/2762/823
f 607/2763/824 608/2764/824 610/2765/824 609/2766/824
f 609/2767/825 610/2768/825 612/2769/825 611/2770/825
f 611/2771/826 612/2772/826 614/2773/826 613/2774/826
f 613/2775/827 614/2776/827 608/2777/827 607/2778/827
o guard_left_support_edge
v -0.0574 1.728125 0.011274999999999997
v -0.0574 1.728125 -0.011275000000000004
v -0.080975 1.728125 0.011274999999999995
v -0.080975 1.728125 -0.011275000000000006
v -0.1716875 2.0625 0.01127499999999999
v -0.1716875 2.0625 -0.01127500000000001
v -0.144525 2.075 0.011274999999999992
v -0.144525 2.075 -0.01127500000000001
v -0.0681625 1.8125 0.011274999999999995
v -0.0681625 1.8125 -0.011275000000000006
vt 0.5 0.5
vt 0.5 0.5
vt 0.5 0.5
vt 0.5 0.5
vt 0.5 0.5
vt 0.5 0.5
vt 0.5 0.5
vt 0.5 0.5
vt 0.5 0.5
vt 0.5 0.5
vt 0.5 0.5
vt 0.5 0.5
vt 0.5 0.5
vt 0.5 0.5
vt 0.5 0.5
vt 0.5 0.5
vt 0.5 0.5
vt 0.5 0.5
vt 0.5 0.5
vt 0.5 0.5
vt 0.5 0.5
vt 0.5 0.5
vt 0.5 0.5
vt 0.5 0.5
vt 0.5 0.5
vt 0.5 0.5
vt 0.5 0.5
vt 0.5 0.5
vt 0.5 0.5
vt 0.5 0.5
vt 0.5 0.5
vt 0.5 0.5
vt 0.5 0.5
vt 0.5 0.5
vt 0.5 0.5
vt 0.5 0.5
vt 0.5 0.5
vt 0.5 0.5
vn 7.358318031714982e-17 4.39848618045317e-18 -1
vn -7.358318031714982e-17 -4.39848618045317e-18 1
vn 8.251900154414587e-18 -1.7931379035542645e-17 -1
vn -6.343648243706137e-17 -9.304017424102252e-19 1
vn -4.495121241153861e-18 -2.1133063328411542e-17 -1
vn 4.4951212411539036e-17 2.6293462513256225e-17 1
vn 0 1 0
vn 0.9651151442253401 0.2618258168838613 0
vn 0.41805051973473417 -0.9084237793835644 0
vn -0.9601964114667265 -0.27932570845953464 0
vn -0.9919627354652967 -0.12653035781268437 0
usemtl m_3be25f79-071f-aaae-ced0-88ed625c361a
f 616/2779/828 618/2780/828 620/2781/828
f 615/2782/829 619/2783/829 617/2784/829
f 616/2785/830 620/2786/830 622/2787/830
f 615/2788/831 621/2789/831 619/2790/831
f 616/2791/832 622/2792/832 624/2793/832
f 615/2794/833 623/2795/833 621/2796/833
f 615/2797/834 616/2798/834 618/2799/834 617/2800/834
f 617/2801/835 618/2802/835 620/2803/835 619/2804/835
f 619/2805/836 620/2806/836 622/2807/836 621/2808/836
f 621/2809/837 622/2810/837 624/2811/837 623/2812/837
f 623/2813/838 624/2814/838 616/2815/838 615/2816/838
o guard_left_support_core
v -0.0702125 1.759375 0.013529999999999995
v -0.0702125 1.759375 -0.013530000000000006
v -0.083025 1.759375 0.013529999999999993
v -0.083025 1.759375 -0.013530000000000006
v -0.152725 2.053125 0.013529999999999988
v -0.152725 2.053125 -0.01353000000000001
v -0.1394 2.065625 0.01352999999999999
v -0.1394 2.065625 -0.013530000000000009
vt 0.5 0.5
vt 0.5 0.5
vt 0.5 0.5
vt 0.5 0.5
vt 0.5 0.5
vt 0.5 0.5
vt 0.5 0.5
vt 0.5 0.5
vt 0.5 0.5
vt 0.5 0.5
vt 0.5 0.5
vt 0.5 0.5
vt 0.5 0.5
vt 0.5 0.5
vt 0.5 0.5
vt 0.5 0.5
vt 0.5 0.5
vt 0.5 0.5
vt 0.5 0.5
vt 0.5 0.5
vt 0.5 0.5
vt 0.5 0.5
vt 0.5 0.5
vt 0.5 0.5
vt 0.5 0.5
vt 0.5 0.5
vt 0.5 0.5
vt 0.5 0.5
vn 0 -1.771632486103972e-17 -1
vn -1.3539305178355562e-16 -1.440927755364563e-17 1
vn 1.1618898550078474e-16 1.492041953430834e-17 -1
vn -1.2057347551968218e-16 -1.0246553174163554e-17 1
vn 0 1 0
vn 0.9729853976198672 0.23086666285652668 0
vn 0.6841686776988717 -0.729323810427013 0
vn -0.9754175423675197 -0.22036473865323358 0
usemtl m_fd6528dc-6890-b3c9-f9b5-33bf351960de
f 626/2817/839 628/2818/839 630/2819/839
f 625/2820/840 629/2821/840 627/2822/840
f 626/2823/841 630/2824/841 632/2825/841
f 625/2826/842 631/2827/842 629/2828/842
f 625/2829/843 626/2830/843 628/2831/843 627/2832/843
f 627/2833/844 628/2834/844 630/2835/844 629/2836/844
f 629/2837/845 630/2838/845 632/2839/845 631/2840/845
f 631/2841/846 632/2842/846 626/2843/846 625/2844/846
o guard_front_edge
v 0.016771562499999993 1.84375 0.055473
v -0.016771562500000003 1.84375 0.055473
v 0.01677156249999998 2.15 0.22928839999999998
v -0.01677156250000002 2.15 0.22928839999999998
v 0.016771562499999993 2.6875 0.073964
v -0.016771562500000003 2.6875 0.073964
vt 0.5 0.5
vt 0.5 0.5
vt 0.5 0.5
vt 0.5 0.5
vt 0.5 0.5
vt 0.5 0.5
vt 0.5 0.5
vt 0.5 0.5
vt 0.5 0.5
vt 0.5 0.5
vt 0.5 0.5
vt 0.5 0.5
vt 0.5 0.5
vt 0.5 0.5
vt 0.5 0.5
vt 0.5 0.5
vt 0.5 0.5
vt 0.5 0.5
vn -1 2.2750471816089276e-18 -1.0381110050741077e-16
vn 1 -1.820037745287142e-18 8.304888040592861e-17
vn 0 0.49360086374928913 -0.8696885576492058
vn 0 -0.27761656268424123 -0.9606919611006366
vn 0 -0.021909998439287093 0.9997599471715151
usemtl m_3be25f79-071f-aaae-ced0-88ed625c361a
f 634/2845/847 636/2846/847 638/2847/847
f 633/2848/848 637/2849/848 635/2850/848
f 633/2851/849 634/2852/849 636/2853/849 635/2854/849
f 635/2855/850 636/2856/850 638/2857/850 637/2858/850
f 637/2859/851 638/2860/851 634/2861/851 633/2862/851
o guard_front_core
v 0.018462812499999995 1.878125 0.061500000000000006
v -0.018462812500000005 1.878125 0.061499999999999985
v 0.01846281249999998 2.15125 0.21371249999999997
v -0.018462812500000023 2.15125 0.21371249999999997
v 0.018462812499999995 2.646875 0.07738750000000001
v -0.018462812500000005 2.646875 0.07738749999999998
vt 0.5 0.5
vt 0.5 0.5
vt 0.5 0.5
vt 0.5 0.5
vt 0.5 0.5
vt 0.5 0.5
vt 0.5 0.5
vt 0.5 0.5
vt 0.5 0.5
vt 0.5 0.5
vt 0.5 0.5
vt 0.5 0.5
vt 0.5 0.5
vt 0.5 0.5
vt 0.5 0.5
vt 0.5 0.5
vt 0.5 0.5
vt 0.5 0.5
vn -1 2.4460299806531566e-18 -1.1835628938644309e-16
vn 1 -1.956823984522526e-18 9.468503150915446e-17
vn 4.924377928146764e-16 0.48680675261055184 -0.8735096940576956
vn 0 -0.2652073503042967 -0.9641914028576349
vn -7.515011636583848e-16 -0.020662254598467406 0.9997865128290682
usemtl m_fd6528dc-6890-b3c9-f9b5-33bf351960de
f 640/2863/852 642/2864/852 644/2865/852
f 639/2866/853 643/2867/853 641/2868/853
f 639/2869/854 640/2870/854 642/2871/854 641/2872/854
f 641/2873/855 642/2874/855 644/2875/855 643/2876/855
f 643/2877/856 644/2878/856 640/2879/856 639/2880/856
o guard_front_inset
v 0.019900374999999994 1.934375 0.07226250000000001
v -0.019900375000000005 1.934375 0.07226249999999998
v 0.01990037499999998 2.151875 0.19679999999999997
v -0.019900375000000015 2.151875 0.19679999999999997
v 0.01990037499999999 2.58125 0.0845625
v -0.01990037500000001 2.58125 0.08456249999999998
vt 0.5 0.5
vt 0.5 0.5
vt 0.5 0.5
vt 0.5 0.5
vt 0.5 0.5
vt 0.5 0.5
vt 0.5 0.5
vt 0.5 0.5
vt 0.5 0.5
vt 0.5 0.5
vt 0.5 0.5
vt 0.5 0.5
vt 0.5 0.5
vt 0.5 0.5
vt 0.5 0.5
vt 0.5 0.5
vt 0.5 0.5
vt 0.5 0.5
vn -1 -3.903882271880293e-18 -7.67579762057764e-17
vn 1 3.3559689705637626e-18 1.0557353854635626e-16
vn 6.051787385409229e-16 0.49689606927579666 -0.8678100577535747
vn 0 -0.25289998563340776 -0.9674924274983357
vn -3.486185492564169e-16 -0.01901105633161258 0.9998192735375511
usemtl m_74f865cf-804f-74ba-3be0-4405179d6612
f 646/2881/857 648/2882/857 650/2883/857
f 645/2884/858 649/2885/858 647/2886/858
f 645/2887/859 646/2888/859 648/2889/859 647/2890/859
f 647/2891/860 648/2892/860 650/2893/860 649/2894/860
f 649/2895/861 650/2896/861 646/2897/861 645/2898/861
o guard_front_trim
v 0.02102787499999999 1.946875 0.10147500000000001
v -0.021027875000000012 1.946875 0.10147499999999998
v 0.021027874999999988 1.971875 0.1204375
v -0.021027875000000015 1.971875 0.1204375
v 0.02102787499999998 2.140625 0.205
v -0.021027875000000022 2.140625 0.205
v 0.02102787499999998 2.165625 0.1886
v -0.02102787500000002 2.165625 0.1886
vt 0.5 0.5
vt 0.5 0.5
vt 0.5 0.5
vt 0.5 0.5
vt 0.5 0.5
vt 0.5 0.5
vt 0.5 0.5
vt 0.5 0.5
vt 0.5 0.5
vt 0.5 0.5
vt 0.5 0.5
vt 0.5 0.5
vt 0.5 0.5
vt 0.5 0.5
vt 0.5 0.5
vt 0.5 0.5
vt 0.5 0.5
vt 0.5 0.5
vt 0.5 0.5
vt 0.5 0.5
vt 0.5 0.5
vt 0.5 0.5
vt 0.5 0.5
vt 0.5 0.5
vt 0.5 0.5
vt 0.5 0.5
vt 0.5 0.5
vt 0.5 0.5
vn -1 1.4901223486856916e-16 -3.7942005662058565e-16
vn 1 -1.4901223486856998e-16 3.794200566205873e-16
vn -1 3.268990016951854e-17 -1.6171947851924715e-16
vn 1 2.9605947323337557e-17 4.513101726118512e-17
vn 5.258236949094641e-16 0.6043254464963287 -0.796737569540318
vn 0 0.4480081118613787 -0.8940294915193808
vn 0 -0.548510321976026 -0.8361437835000368
vn 0 -0.3700173271857202 0.9290248530487955
usemtl m_3be25f79-071f-aaae-ced0-88ed625c361a
f 652/2899/862 654/2900/862 656/2901/862
f 651/2902/863 655/2903/863 653/2904/863
f 652/2905/864 656/2906/864 658/2907/864
f 651/2908/865 657/2909/865 655/2910/865
f 651/2911/866 652/2912/866 654/2913/866 653/2914/866
f 653/2915/867 654/2916/867 656/2917/867 655/2918/867
f 655/2919/868 656/2920/868 658/2921/868 657/2922/868
f 657/2923/869 658/2924/869 652/2925/869 651/2926/869
o guard_front_support_edge
v 0.011274999999999993 1.728125 0.0574
v -0.011275000000000007 1.728125 0.0574
v 0.011274999999999993 1.728125 0.080975
v -0.011275000000000009 1.728125 0.080975
v 0.011274999999999985 2.0625 0.1716875
v -0.01127500000000002 2.0625 0.1716875
v 0.011274999999999986 2.075 0.144525
v -0.011275000000000014 2.075 0.144525
v 0.011274999999999993 1.8125 0.0681625
v -0.011275000000000007 1.8125 0.0681625
vt 0.5 0.5
vt 0.5 0.5
vt 0.5 0.5
vt 0.5 0.5
vt 0.5 0.5
vt 0.5 0.5
vt 0.5 0.5
vt 0.5 0.5
vt 0.5 0.5
vt 0.5 0.5
vt 0.5 0.5
vt 0.5 0.5
vt 0.5 0.5
vt 0.5 0.5
vt 0.5 0.5
vt 0.5 0.5
vt 0.5 0.5
vt 0.5 0.5
vt 0.5 0.5
vt 0.5 0.5
vt 0.5 0.5
vt 0.5 0.5
vt 0.5 0.5
vt 0.5 0.5
vt 0.5 0.5
vt 0.5 0.5
vt 0.5 0.5
vt 0.5 0.5
vt 0.5 0.5
vt 0.5 0.5
vt 0.5 0.5
vt 0.5 0.5
vt 0.5 0.5
vt 0.5 0.5
vt 0.5 0.5
vt 0.5 0.5
vt 0.5 0.5
vt 0.5 0.5
vn -1 -1.1165387996535001e-17 -7.358318031714982e-17
vn 1 2.593979029498029e-17 0
vn -1 2.5205429021658977e-17 -1.7999457211816586e-16
vn 1 3.552443016475432e-18 6.549945747566501e-17
vn -1 2.0641596739378728e-17 -1.618243646815407e-16
vn 1 -2.0641596739378728e-17 1.618243646815407e-16
vn 0 1 0
vn 0 0.2618258168838613 -0.9651151442253401
vn 0 -0.9084237793835643 -0.41805051973473406
vn 0 -0.27932570845953464 0.9601964114667265
vn 0 -0.12653035781268437 0.9919627354652967
usemtl m_3be25f79-071f-aaae-ced0-88ed625c361a
f 660/2927/870 662/2928/870 664/2929/870
f 659/2930/871 663/2931/871 661/2932/871
f 660/2933/872 664/2934/872 666/2935/872
f 659/2936/873 665/2937/873 663/2938/873
f 660/2939/874 666/2940/874 668/2941/874
f 659/2942/875 667/2943/875 665/2944/875
f 659/2945/876 660/2946/876 662/2947/876 661/2948/876
f 661/2949/877 662/2950/877 664/2951/877 663/2952/877
f 663/2953/878 664/2954/878 666/2955/878 665/2956/878
f 665/2957/879 666/2958/879 668/2959/879 667/2960/879
f 667/2961/880 668/2962/880 660/2963/880 659/2964/880
o guard_front_support_core
v 0.013529999999999992 1.759375 0.0702125
v -0.013530000000000007 1.759375 0.0702125
v 0.013529999999999992 1.759375 0.083025
v -0.013530000000000007 1.759375 0.083025
v 0.013529999999999985 2.053125 0.152725
v -0.013530000000000014 2.053125 0.152725
v 0.013529999999999986 2.065625 0.1394
v -0.013530000000000014 2.065625 0.1394
vt 0.5 0.5
vt 0.5 0.5
vt 0.5 0.5
vt 0.5 0.5
vt 0.5 0.5
vt 0.5 0.5
vt 0.5 0.5
vt 0.5 0.5
vt 0.5 0.5
vt 0.5 0.5
vt 0.5 0.5
vt 0.5 0.5
vt 0.5 0.5
vt 0.5 0.5
vt 0.5 0.5
vt 0.5 0.5
vt 0.5 0.5
vt 0.5 0.5
vt 0.5 0.5
vt 0.5 0.5
vt 0.5 0.5
vt 0.5 0.5
vt 0.5 0.5
vt 0.5 0.5
vt 0.5 0.5
vt 0.5 0.5
vt 0.5 0.5
vt 0.5 0.5
vn -1 -2.3621766481386294e-17 0
vn 1 2.3621766481386294e-17 0
vn -1 -1.8695465440579137e-17 -1.7537960075589806e-17
vn 1 -1.0246553174163554e-17 1.2057347551968218e-16
vn 0 1 0
vn 0 0.23086666285652668 -0.9729853976198672
vn 0 -0.729323810427013 -0.6841686776988717
vn 0 -0.22036473865323358 0.9754175423675197
usemtl m_fd6528dc-6890-b3c9-f9b5-33bf351960de
f 670/2965/881 672/2966/881 674/2967/881
f 669/2968/882 673/2969/882 671/2970/882
f 670/2971/883 674/2972/883 676/2973/883
f 669/2974/884 675/2975/884 673/2976/884
f 669/2977/885 670/2978/885 672/2979/885 671/2980/885
f 671/2981/886 672/2982/886 674/2983/886 673/2984/886
f 673/2985/887 674/2986/887 676/2987/887 675/2988/887
f 675/2989/888 676/2990/888 670/2991/888 669/2992/888
o guard_right_rivet_low
v 0.14862499999999998 2.04625 0
v 0.14862499999999998 2.0974999999999997 0
v 0.15053810699754 2.095549413020602 0.005289811098767413
v 0.15215996079706268 2.089994611267905 0.009774296410004506
v 0.153243648859732 2.0816812629543553 0.012770733697036013
v 0.15362418950166326 2.071875 0.013822942545683028
v 0.153243648859732 2.0620687370456445 0.012770733697036013
v 0.15215996079706268 2.0537553887320947 0.009774296410004508
v 0.15053810699754 2.048200586979398 0.0052898110987674146
v 0.15407306779460272 2.095549413020602 0.004484485311237095
v 0.15869171665433474 2.089994611267905 0.008286248385798918
v 0.16177779915845797 2.0816812629543553 0.010826505258651524
v 0.16286148722112728 2.071875 0.011718524848388997
v 0.16177779915845797 2.0620687370456445 0.010826505258651524
v 0.15869171665433474 2.0537553887320947 0.00828624838579892
v 0.15407306779460272 2.048200586979398 0.004484485311237096
v 0.1567786096567947 2.095549413020602 0.002996437287031506
v 0.16369090615599802 2.089994611267905 0.005536694159884111
v 0.16830955501573003 2.0816812629543553 0.007234039537151902
v 0.1699314088152527 2.071875 0.00783006797162002
v 0.16830955501573003 2.0620687370456445 0.007234039537151902
v 0.16369090615599802 2.0537553887320947 0.005536694159884112
v 0.1567786096567947 2.048200586979398 0.0029964372870315064
v 0.15824283836139527 2.095549413020602 0.0010522088486470166
v 0.16639644801818998 2.089994611267905 0.0019442284383844894
v 0.17184451581279273 2.0816812629543553 0.002540256872852606
v 0.17375762281033275 2.071875 0.002749554225914809
v 0.17184451581279273 2.0620687370456445 0.002540256872852606
v 0.16639644801818998 2.0537553887320947 0.0019442284383844898
v 0.15824283836139527 2.048200586979398 0.0010522088486470168
v 0.15824283836139527 2.095549413020602 -0.0010522088486470157
v 0.16639644801818998 2.089994611267905 -0.001944228438384488
v 0.17184451581279273 2.0816812629543553 -0.0025402568728526047
v 0.17375762281033275 2.071875 -0.002749554225914807
v 0.17184451581279273 2.0620687370456445 -0.0025402568728526047
v 0.16639644801818998 2.0537553887320947 -0.0019442284383844888
v 0.15824283836139527 2.048200586979398 -0.001052208848647016
v 0.1567786096567947 2.095549413020602 -0.002996437287031504
v 0.16369090615599802 2.089994611267905 -0.005536694159884107
v 0.16830955501573003 2.0816812629543553 -0.0072340395371519
v 0.1699314088152527 2.071875 -0.007830067971620015
v 0.16830955501573003 2.0620687370456445 -0.0072340395371519
v 0.16369090615599802 2.0537553887320947 -0.0055366941598841085
v 0.1567786096567947 2.048200586979398 -0.0029964372870315047
v 0.15407306779460272 2.095549413020602 -0.004484485311237096
v 0.15869171665433474 2.089994611267905 -0.00828624838579892
v 0.16177779915845797 2.0816812629543553 -0.010826505258651526
v 0.16286148722112728 2.071875 -0.011718524848388997
v 0.16177779915845797 2.0620687370456445 -0.010826505258651526
v 0.15869171665433474 2.0537553887320947 -0.00828624838579892
v 0.15407306779460272 2.048200586979398 -0.004484485311237097
v 0.15053810699754 2.095549413020602 -0.005289811098767413
v 0.1521599607970627 2.089994611267905 -0.009774296410004506
v 0.153243648859732 2.0816812629543553 -0.012770733697036013
v 0.1536241895016633 2.071875 -0.013822942545683028
v 0.153243648859732 2.0620687370456445 -0.012770733697036013
v 0.1521599607970627 2.0537553887320947 -0.009774296410004508
v 0.15053810699754 2.048200586979398 -0.0052898110987674146
v 0.14671189300245996 2.095549413020602 -0.005289811098767413
v 0.14509003920293728 2.089994611267905 -0.009774296410004506
v 0.14400635114026797 2.0816812629543553 -0.012770733697036013
v 0.1436258104983367 2.071875 -0.013822942545683028
v 0.14400635114026797 2.0620687370456445 -0.012770733697036013
v 0.14509003920293728 2.0537553887320947 -0.009774296410004508
v 0.14671189300245996 2.048200586979398 -0.0052898110987674146
v 0.14317693220539723 2.095549413020602 -0.004484485311237096
v 0.13855828334566525 2.089994611267905 -0.00828624838579892
v 0.135472200841542 2.0816812629543553 -0.010826505258651527
v 0.13438851277887268 2.071875 -0.011718524848389
v 0.135472200841542 2.0620687370456445 -0.010826505258651527
v 0.13855828334566522 2.0537553887320947 -0.008286248385798922
v 0.14317693220539723 2.048200586979398 -0.004484485311237098
v 0.14047139034320527 2.095549413020602 -0.002996437287031505
v 0.13355909384400194 2.089994611267905 -0.005536694159884109
v 0.12894044498426993 2.0816812629543553 -0.007234039537151901
v 0.12731859118474725 2.071875 -0.007830067971620018
v 0.12894044498426993 2.0620687370456445 -0.007234039537151901
v 0.13355909384400194 2.0537553887320947 -0.005536694159884111
v 0.14047139034320527 2.048200586979398 -0.002996437287031506
v 0.1390071616386047 2.095549413020602 -0.0010522088486470183
v 0.13085355198180998 2.089994611267905 -0.0019442284383844929
v 0.12540548418720723 2.0816812629543553 -0.002540256872852611
v 0.1234923771896672 2.071875 -0.0027495542259148137
v 0.12540548418720723 2.0620687370456445 -0.002540256872852611
v 0.13085355198180998 2.0537553887320947 -0.0019442284383844933
v 0.1390071616386047 2.048200586979398 -0.0010522088486470186
v 0.1390071616386047 2.095549413020602 0.0010522088486470164
v 0.13085355198180998 2.089994611267905 0.0019442284383844894
v 0.12540548418720723 2.0816812629543553 0.002540256872852606
v 0.1234923771896672 2.071875 0.0027495542259148085
v 0.12540548418720723 2.0620687370456445 0.002540256872852606
v 0.13085355198180998 2.0537553887320947 0.0019442284383844894
v 0.1390071616386047 2.048200586979398 0.0010522088486470166
v 0.14047139034320527 2.095549413020602 0.002996437287031503
v 0.13355909384400194 2.089994611267905 0.005536694159884107
v 0.12894044498426993 2.0816812629543553 0.007234039537151898
v 0.12731859118474725 2.071875 0.007830067971620013
v 0.12894044498426993 2.0620687370456445 0.007234039537151898
v 0.13355909384400194 2.0537553887320947 0.005536694159884107
v 0.14047139034320527 2.048200586979398 0.0029964372870315043
v 0.14317693220539723 2.095549413020602 0.004484485311237095
v 0.13855828334566522 2.089994611267905 0.008286248385798918
v 0.135472200841542 2.0816812629543553 0.010826505258651524
v 0.13438851277887268 2.071875 0.011718524848388997
v 0.135472200841542 2.0620687370456445 0.010826505258651524
v 0.13855828334566522 2.0537553887320947 0.00828624838579892
v 0.14317693220539723 2.048200586979398 0.004484485311237096
v 0.14671189300245996 2.095549413020602 0.005289811098767412
v 0.14509003920293725 2.089994611267905 0.009774296410004504
v 0.14400635114026797 2.0816812629543553 0.012770733697036012
v 0.14362581049833667 2.071875 0.013822942545683028
v 0.14400635114026797 2.0620687370456445 0.012770733697036012
v 0.14509003920293725 2.0537553887320947 0.009774296410004506
v 0.14671189300245996 2.048200586979398 0.005289811098767414
vt 0.5 0.5
vt 0.5 0.5
vt 0.5 0.5
vt 0.5 0.5
vt 0.5 0.5
vt 0.5 0.5
vt 0.5 0.5
vt 0.5 0.5
vt 0.5 0.5
vt 0.5 0.5
vt 0.5 0.5
vt 0.5 0.5
vt 0.5 0.5
vt 0.5 0.5
vt 0.5 0.5
vt 0.5 0.5
vt 0.5 0.5
vt 0.5 0.5
vt 0.5 0.5
vt 0.5 0.5
vt 0.5 0.5
vt 0.5 0.5
vt 0.5 0.5
vt 0.5 0.5
vt 0.5 0.5
vt 0.5 0.5
vt 0.5 0.5
vt 0.5 0.5
vt 0.5 0.5
vt 0.5 0.5
vt 0.5 0.5
vt 0.5 0.5
vt 0.5 0.5
vt 0.5 0.5
vt 0.5 0.5
vt 0.5 0.5
vt 0.5 0.5
vt 0.5 0.5
vt 0.5 0.5
vt 0.5 0.5
vt 0.5 0.5
vt 0.5 0.5
vt 0.5 0.5
vt 0.5 0.5
vt 0.5 0.5
vt 0.5 0.5
vt 0.5 0.5
vt 0.5 0.5
vt 0.5 0.5
vt 0.5 0.5
vt 0.5 0.5
vt 0.5 0.5
vt 0.5 0.5
vt 0.5 0.5
vt 0.5 0.5
vt 0.5 0.5
vt 0.5 0.5
vt 0.5 0.5
vt 0.5 0.5
vt 0.5 0.5
vt 0.5 0.5
vt 0.5 0.5
vt 0.5 0.5
vt 0.5 0.5
vt 0.5 0.5
vt 0.5 0.5
vt 0.5 0.5
vt 0.5 0.5
vt 0.5 0.5
vt 0.5 0.5
vt 0.5 0.5
vt 0.5 0.5
vt 0.5 0.5
vt 0.5 0.5
vt 0.5 0.5
vt 0.5 0.5
vt 0.5 0.5
vt 0.5 0.5
vt 0.5 0.5
vt 0.5 0.5
vt 0.5 0.5
vt 0.5 0.5
vt 0.5 0.5
vt 0.5 0.5
vt 0.5 0.5
vt 0.5 0.5
vt 0.5 0.5
vt 0.5 0.5
vt 0.5 0.5
vt 0.5 0.5
vt 0.5 0.5
vt 0.5 0.5
vt 0.5 0.5
vt 0.5 0.5
vt 0.5 0.5
vt 0.5 0.5
vt 0.5 0.5
vt 0.5 0.5
vt 0.5 0.5
vt 0.5 0.5
vt 0.5 0.5
vt 0.5 0.5
vt 0.5 0.5
vt 0.5 0.5
vt 0.5 0.5
vt 0.5 0.5
vt 0.5 0.5
vt 0.5 0.5
vt 0.5 0.5
vt 0.5 0.5
vt 0.5 0.5
vt 0.5 0.5
vt 0.5 0.5
vt 0.5 0.5
vt 0.5 0.5
vt 0.5 0.5
vt 0.5 0.5
vt 0.5 0.5
vt 0.5 0.5
vt 0.5 0.5
vt 0.5 0.5
vt 0.5 0.5
vt 0.5 0.5
vt 0.5 0.5
vt 0.5 0.5
vt 0.5 0.5
vt 0.5 0.5
vt 0.5 0.5
vt 0.5 0.5
vt 0.5 0.5
vt 0.5 0.5
vt 0.5 0.5
vt 0.5 0.5
vt 0.5 0.5
vt 0.5 0.5
vt 0.5 0.5
vt 0.5 0.5
vt 0.5 0.5
vt 0.5 0.5
vt 0.5 0.5
vt 0.5 0.5
vt 0.5 0.5
vt 0.5 0.5
vt 0.5 0.5
vt 0.5 0.5
vt 0.5 0.5
vt 0.5 0.5
vt 0.5 0.5
vt 0.5 0.5
vt 0.5 0.5
vt 0.5 0.5
vt 0.5 0.5
vt 0.5 0.5
vt 0.5 0.5
vt 0.5 0.5
vt 0.5 0.5
vt 0.5 0.5
vt 0.5 0.5
vt 0.5 0.5
vt 0.5 0.5
vt 0.5 0.5
vt 0.5 0.5
vt 0.5 0.5
vt 0.5 0.5
vt 0.5 0.5
vt 0.5 0.5
vt 0.5 0.5
vt 0.5 0.5
vt 0.5 0.5
vt 0.5 0.5
vt 0.5 0.5
vt 0.5 0.5
vt 0.5 0.5
vt 0.5 0.5
vt 0.5 0.5
vt 0.5 0.5
vt 0.5 0.5
vt 0.5 0.5
vt 0.5 0.5
vt 0.5 0.5
vt 0.5 0.5
vt 0.5 0.5
vt 0.5 0.5
vt 0.5 0.5
vt 0.5 0.5
vt 0.5 0.5
vt 0.5 0.5
vt 0.5 0.5
vt 0.5 0.5
vt 0.5 0.5
vt 0.5 0.5
vt 0.5 0.5
vt 0.5 0.5
vt 0.5 0.5
vt 0.5 0.5
vt 0.5 0.5
vt 0.5 0.5
vt 0.5 0.5
vt 0.5 0.5
vt 0.5 0.5
vt 0.5 0.5
vt 0.5 0.5
vt 0.5 0.5
vt 0.5 0.5
vt 0.5 0.5
vt 0.5 0.5
vt 0.5 0.5
vt 0.5 0.5
vt 0.5 0.5
vt 0.5 0.5
vt 0.5 0.5
vt 0.5 0.5
vt 0.5 0.5
vt 0.5 0.5
vt 0.5 0.5
vt 0.5 0.5
vt 0.5 0.5
vt 0.5 0.5
vt 0.5 0.5
vt 0.5 0.5
vt 0.5 0.5
vt 0.5 0.5
vt 0.5 0.5
vt 0.5 0.5
vt 0.5 0.5
vt 0.5 0.5
vt 0.5 0.5
vt 0.5 0.5
vt 0.5 0.5
vt 0.5 0.5
vt 0.5 0.5
vt 0.5 0.5
vt 0.5 0.5
vt 0.5 0.5
vt 0.5 0.5
vt 0.5 0.5
vt 0.5 0.5
vt 0.5 0.5
vt 0.5 0.5
vt 0.5 0.5
vt 0.5 0.5
vt 0.5 0.5
vt 0.5 0.5
vt 0.5 0.5
vt 0.5 0.5
vt 0.5 0.5
vt 0.5 0.5
vt 0.5 0.5
vt 0.5 0.5
vt 0.5 0.5
vt 0.5 0.5
vt 0.5 0.5
vt 0.5 0.5
vt 0.5 0.5
vt 0.5 0.5
vt 0.5 0.5
vt 0.5 0.5
vt 0.5 0.5
vt 0.5 0.5
vt 0.5 0.5
vt 0.5 0.5
vt 0.5 0.5
vt 0.5 0.5
vt 0.5 0.5
vt 0.5 0.5
vt 0.5 0.5
vt 0.5 0.5
vt 0.5 0.5
vt 0.5 0.5
vt 0.5 0.5
vt 0.5 0.5
vt 0.5 0.5
vt 0.5 0.5
vt 0.5 0.5
vt 0.5 0.5
vt 0.5 0.5
vt 0.5 0.5
vt 0.5 0.5
vt 0.5 0.5
vt 0.5 0.5
vt 0.5 0.5
vt 0.5 0.5
vt 0.5 0.5
vt 0.5 0.5
vt 0.5 0.5
vt 0.5 0.5
vt 0.5 0.5
vt 0.5 0.5
vt 0.5 0.5
vt 0.5 0.5
vt 0.5 0.5
vt 0.5 0.5
vt 0.5 0.5
vt 0.5 0.5
vt 0.5 0.5
vt 0.5 0.5
vt 0.5 0.5
vt 0.5 0.5
vt 0.5 0.5
vt 0.5 0.5
vt 0.5 0.5
vt 0.5 0.5
vt 0.5 0.5
vt 0.5 0.5
vt 0.5 0.5
vt 0.5 0.5
vt 0.5 0.5
vt 0.5 0.5
vt 0.5 0.5
vt 0.5 0.5
vt 0.5 0.5
vt 0.5 0.5
vt 0.5 0.5
vt 0.5 0.5
vt 0.5 0.5
vt 0.5 0.5
vt 0.5 0.5
vt 0.5 0.5
vt 0.5 0.5
vt 0.5 0.5
vt 0.5 0.5
vt 0.5 0.5
vt 0.5 0.5
vt 0.5 0.5
vt 0.5 0.5
vt 0.5 0.5
vt 0.5 0.5
vt 0.5 0.5
vt 0.5 0.5
vt 0.5 0.5
vt 0.5 0.5
vt 0.5 0.5
vt 0.5 0.5
vt 0.5 0.5
vt 0.5 0.5
vt 0.5 0.5
vt 0.5 0.5
vt 0.5 0.5
vt 0.5 0.5
vt 0.5 0.5
vt 0.5 0.5
vt 0.5 0.5
vt 0.5 0.5
vt 0.5 0.5
vt 0.5 0.5
vt 0.5 0.5
vt 0.5 0.5
vt 0.5 0.5
vt 0.5 0.5
vt 0.5 0.5
vt 0.5 0.5
vt 0.5 0.5
vt 0.5 0.5
vt 0.5 0.5
vt 0.5 0.5
vt 0.5 0.5
vt 0.5 0.5
vt 0.5 0.5
vt 0.5 0.5
vt 0.5 0.5
vt 0.5 0.5
vt 0.5 0.5
vt 0.5 0.5
vt 0.5 0.5
vt 0.5 0.5
vt 0.5 0.5
vt 0.5 0.5
vt 0.5 0.5
vt 0.5 0.5
vt 0.5 0.5
vt 0.5 0.5
vt 0.5 0.5
vt 0.5 0.5
vt 0.5 0.5
vt 0.5 0.5
vt 0.5 0.5
vt 0.5 0.5
vt 0.5 0.5
vt 0.5 0.5
vt 0.5 0.5
vt 0.5 0.5
vt 0.5 0.5
vt 0.5 0.5
vt 0.5 0.5
vt 0.5 0.5
vt 0.5 0.5
vt 0.5 0.5
vt 0.5 0.5
vt 0.5 0.5
vt 0.5 0.5
vt 0.5 0.5
vt 0.5 0.5
vt 0.5 0.5
vt 0.5 0.5
vt 0.5 0.5
vt 0.5 0.5
vt 0.5 0.5
vt 0.5 0.5
vt 0.5 0.5
vt 0.5 0.5
vt 0.5 0.5
vt 0.5 0.5
vt 0.5 0.5
vt 0.5 0.5
vt 0.5 0.5
vt 0.5 0.5
vt 0.5 0.5
vt 0.5 0.5
vt 0.5 0.5
vt 0.5 0.5
vt 0.5 0.5
vt 0.5 0.5
vt 0.5 0.5
vt 0.5 0.5
vt 0.5 0.5
vt 0.5 0.5
vt 0.5 0.5
vt 0.5 0.5
vt 0.5 0.5
vt 0.5 0.5
vt 0.5 0.5
vt 0.5 0.5
vt 0.5 0.5
vt 0.5 0.5
vt 0.5 0.5
vt 0.5 0.5
vt 0.5 0.5
vt 0.5 0.5
vt 0.5 0.5
vt 0.5 0.5
vt 0.5 0.5
vt 0.5 0.5
vt 0.5 0.5
vt 0.5 0.5
vt 0.5 0.5
vt 0.5 0.5
vt 0.5 0.5
vt 0.5 0.5
vt 0.5 0.5
vt 0.5 0.5
vt 0.5 0.5
vt 0.5 0.5
vt 0.5 0.5
vt 0.5 0.5
vt 0.5 0.5
vt 0.5 0.5
vt 0.5 0.5
vt 0.5 0.5
vt 0.5 0.5
vt 0.5 0.5
vt 0.5 0.5
vt 0.5 0.5
vt 0.5 0.5
vt 0.5 0.5
vt 0.5 0.5
vt 0.5 0.5
vt 0.5 0.5
vt 0.5 0.5
vt 0.5 0.5
vt 0.5 0.5
vt 0.5 0.5
vt 0.5 0.5
vt 0.5 0.5
vt 0.5 0.5
vt 0.5 0.5
vt 0.5 0.5
vt 0.5 0.5
vt 0.5 0.5
vt 0.5 0.5
vt 0.5 0.5
vt 0.5 0.5
vt 0.5 0.5
vt 0.5 0.5
vt 0.5 0.5
vt 0.5 0.5
vt 0.5 0.5
vt 0.5 0.5
vt 0.5 0.5
vt 0.5 0.5
vt 0.5 0.5
vn 0.07326810913662143 0.9440336526418578 0.3216088413946613
vn 0.169079352429024 0.6485332808362152 0.7421703013662004
vn 0.2076131010953105 0.3555343947112815 0.9113133898011545
vn 0.22071549546856237 0.11251978382965709 0.9688260774292745
vn 0.2207154954685626 -0.11251978382965705 0.9688260774292744
vn 0.20761310109531025 -0.35553439471128145 0.9113133898011546
vn 0.16907935242902414 -0.648533280836215 0.7421703013662007
vn 0.07326810913662148 -0.9440336526418578 0.3216088413946612
vn 0.13745111657988066 0.9584631563729057 0.24991112105432853
vn 0.3407012461874497 0.7072453038673454 0.6194568112499087
vn 0.44002401093650995 0.40781002672366734 0.8000436562482001
vn 0.47771457505372983 0.13180115473173906 0.8685719546431456
vn 0.47771457505372994 -0.13180115473173903 0.8685719546431455
vn 0.44002401093650995 -0.4078100267236671 0.8000436562482001
vn 0.34070124618744996 -0.7072453038673453 0.6194568112499088
vn 0.13745111657988066 -0.9584631563729058 0.24991112105432844
vn 0.18242010541346976 0.9735752157355124 0.13738342129416142
vn 0.4943816965823793 0.7854678074921524 0.37232655220625793
vn 0.694991188069977 0.49298133709683745 0.523408683324318
vn 0.7876767172859693 0.16632915765784592 0.593211598300666
vn 0.787676717285969 -0.1663291576578459 0.5932115983006664
vn 0.6949911880699773 -0.49298133709683734 0.5234086833243178
vn 0.4943816965823794 -0.7854678074921522 0.3723265522062582
vn 0.18242010541346965 -0.9735752157355124 0.1373834212941615
vn 0.19876276563765308 0.9800476330240646 0
vn 0.563026971025441 0.8264385215476814 0
vn 0.8363969573183947 0.5481241919387719 0
vn 0.9814964267653061 0.1914804539553227 0
vn 0.981496426765306 -0.1914804539553226 0
vn 0.8363969573183947 -0.5481241919387718 0
vn 0.5630269710254412 -0.8264385215476812 0
vn 0.19876276563765302 -0.9800476330240646 0
vn 0.18242010541346976 0.9735752157355124 -0.13738342129416134
vn 0.4943816965823794 0.7854678074921525 -0.37232655220625765
vn 0.6949911880699772 0.4929813370968378 -0.5234086833243173
vn 0.7876767172859694 0.16632915765784556 -0.5932115983006659
vn 0.7876767172859697 -0.16632915765784553 -0.5932115983006657
vn 0.6949911880699773 -0.49298133709683756 -0.5234086833243176
vn 0.4943816965823796 -0.7854678074921524 -0.37232655220625754
vn 0.18242010541346967 -0.9735752157355124 -0.13738342129416126
vn 0.13745111657988077 0.9584631563729058 -0.24991112105432842
vn 0.3407012461874501 0.7072453038673456 -0.6194568112499085
vn 0.44002401093650995 0.4078100267236676 -0.8000436562481998
vn 0.4777145750537301 0.13180115473173884 -0.8685719546431454
vn 0.47771457505373005 -0.1318011547317388 -0.8685719546431455
vn 0.44002401093651 -0.40781002672366745 -0.8000436562481998
vn 0.34070124618745 -0.7072453038673453 -0.6194568112499088
vn 0.13745111657988068 -0.9584631563729058 -0.24991112105432842
vn 0.07326810913662143 0.9440336526418579 -0.3216088413946613
vn 0.1690793524290239 0.6485332808362152 -0.7421703013662005
vn 0.2076131010953106 0.35553439471128134 -0.9113133898011546
vn 0.22071549546856253 0.1125197838296571 -0.9688260774292744
vn 0.2207154954685626 -0.1125197838296571 -0.9688260774292743
vn 0.20761310109531048 -0.35553439471128134 -0.9113133898011546
vn 0.16907935242902403 -0.6485332808362149 -0.7421703013662007
vn 0.07326810913662145 -0.9440336526418578 -0.32160884139466117
vn 0 0.9382447370383332 -0.3459722726171404
vn 0 0.6281603132460976 -0.778083942041323
vn 0 0.33908328231257817 -0.9407563593492889
vn 0 0.10668727764975125 -0.9942926253310365
vn 0 -0.10668727764975125 -0.9942926253310366
vn 0 -0.3390832823125781 -0.940756359349289
vn 0 -0.6281603132460973 -0.7780839420413231
vn 0 -0.9382447370383332 -0.34597227261714036
vn -0.07326810913662145 0.9440336526418579 -0.32160884139466134
vn -0.16907935242902397 0.6485332808362152 -0.7421703013662004
vn -0.20761310109531034 0.3555343947112815 -0.9113133898011546
vn -0.22071549546856215 0.11251978382965708 -0.9688260774292744
vn -0.22071549546856242 -0.11251978382965709 -0.9688260774292745
vn -0.2076131010953102 -0.3555343947112814 -0.9113133898011547
vn -0.16907935242902394 -0.6485332808362149 -0.7421703013662007
vn -0.07326810913662138 -0.9440336526418578 -0.32160884139466117
vn -0.13745111657988068 0.9584631563729056 -0.24991112105432853
vn -0.3407012461874498 0.7072453038673453 -0.6194568112499088
vn -0.44002401093651017 0.40781002672366756 -0.8000436562481998
vn -0.47771457505373005 0.131801154731739 -0.8685719546431456
vn -0.4777145750537303 -0.13180115473173898 -0.8685719546431455
vn -0.44002401093650995 -0.40781002672366734 -0.8000436562482
vn -0.34070124618745007 -0.7072453038673453 -0.6194568112499087
vn -0.1374511165798807 -0.9584631563729058 -0.24991112105432844
vn -0.18242010541346973 0.9735752157355124 -0.13738342129416145
vn -0.49438169658237935 0.7854678074921524 -0.37232655220625804
vn -0.6949911880699768 0.4929813370968375 -0.5234086833243181
vn -0.787676717285969 0.16632915765784584 -0.5932115983006664
vn -0.7876767172859689 -0.1663291576578458 -0.5932115983006665
vn -0.6949911880699773 -0.4929813370968374 -0.5234086833243179
vn -0.4943816965823793 -0.7854678074921523 -0.37232655220625827
vn -0.18242010541346965 -0.9735752157355125 -0.1373834212941615
vn -0.19876276563765305 0.9800476330240645 -1.638450561146069e-16
vn -0.563026971025441 0.8264385215476813 -5.29901189046091e-16
vn -0.8363969573183946 0.5481241919387719 -5.367587321254049e-16
vn -0.9814964267653059 0.19148045395532295 0
vn -0.9814964267653059 -0.19148045395532293 -6.674793776340735e-16
vn -0.8363969573183948 -0.5481241919387718 -7.01309080469054e-16
vn -0.5630269710254413 -0.8264385215476813 -3.2637657520871826e-16
vn -0.19876276563765308 -0.9800476330240647 -1.638450561146069e-16
vn -0.18242010541346976 0.9735752157355124 0.13738342129416145
vn -0.49438169658237935 0.7854678074921525 0.37232655220625777
vn -0.6949911880699772 0.49298133709683767 0.5234086833243177
vn -0.7876767172859693 0.16632915765784556 0.5932115983006662
vn -0.7876767172859694 -0.16632915765784556 0.5932115983006659
vn -0.6949911880699772 -0.4929813370968375 0.5234086833243178
vn -0.49438169658237957 -0.7854678074921524 0.3723265522062577
vn -0.18242010541346967 -0.9735752157355124 0.13738342129416134
vn -0.13745111657988077 0.9584631563729056 0.2499111210543284
vn -0.34070124618745 0.7072453038673454 0.6194568112499086
vn -0.44002401093650995 0.4078100267236675 0.8000436562481998
vn -0.4777145750537303 0.13180115473173887 0.8685719546431454
vn -0.47771457505373005 -0.1318011547317388 0.8685719546431455
vn -0.4400240109365102 -0.4078100267236675 0.8000436562481997
vn -0.34070124618745007 -0.7072453038673452 0.6194568112499089
vn -0.13745111657988068 -0.9584631563729058 0.24991112105432844
vn -0.07326810913662145 0.9440336526418579 0.32160884139466134
vn -0.16907935242902394 0.6485332808362152 0.7421703013662005
vn -0.20761310109531067 0.3555343947112814 0.9113133898011547
vn -0.22071549546856253 0.11251978382965727 0.9688260774292743
vn -0.22071549546856264 -0.11251978382965729 0.9688260774292744
vn -0.20761310109531034 -0.3555343947112811 0.9113133898011547
vn -0.16907935242902408 -0.648533280836215 0.7421703013662007
vn -0.07326810913662148 -0.9440336526418578 0.3216088413946611
vn -7.84282092059834e-17 0.9382447370383332 0.3459722726171405
vn -2.0138394340411177e-16 0.6281603132460974 0.7780839420413229
vn -2.075327035548805e-16 0.33908328231257817 0.9407563593492889
vn 0 0.10668727764975144 0.9942926253310365
vn -1.8594993957906834e-16 -0.10668727764975144 0.9942926253310366
vn -2.7115454446547485e-16 -0.3390832823125781 0.940756359349289
vn -2.4807267131662677e-16 -0.6281603132460972 0.7780839420413233
vn -7.842820920598335e-17 -0.9382447370383332 0.34597227261714036
usemtl m_3be25f79-071f-aaae-ced0-88ed625c361a
f 679/2993/889 686/2994/889 678/2995/889
f 679/2996/890 680/2997/890 687/2998/890 686/2999/890
f 680/3000/891 681/3001/891 688/3002/891 687/3003/891
f 681/3004/892 682/3005/892 689/3006/892 688/3007/892
f 682/3008/893 683/3009/893 690/3010/893 689/3011/893
f 683/3012/894 684/3013/894 691/3014/894 690/3015/894
f 684/3016/895 685/3017/895 692/3018/895 691/3019/895
f 692/3020/896 685/3021/896 677/3022/896
f 686/3023/897 693/3024/897 678/3025/897
f 686/3026/898 687/3027/898 694/3028/898 693/3029/898
f 687/3030/899 688/3031/899 695/3032/899 694/3033/899
f 688/3034/900 689/3035/900 696/3036/900 695/3037/900
f 689/3038/901 690/3039/901 697/3040/901 696/3041/901
f 690/3042/902 691/3043/902 698/3044/902 697/3045/902
f 691/3046/903 692/3047/903 699/3048/903 698/3049/903
f 699/3050/904 692/3051/904 677/3052/904
f 693/3053/905 700/3054/905 678/3055/905
f 693/3056/906 694/3057/906 701/3058/906 700/3059/906
f 694/3060/907 695/3061/907 702/3062/907 701/3063/907
f 695/3064/908 696/3065/908 703/3066/908 702/3067/908
f 696/3068/909 697/3069/909 704/3070/909 703/3071/909
f 697/3072/910 698/3073/910 705/3074/910 704/3075/910
f 698/3076/911 699/3077/911 706/3078/911 705/3079/911
f 706/3080/912 699/3081/912 677/3082/912
f 700/3083/913 707/3084/913 678/3085/913
f 700/3086/914 701/3087/914 708/3088/914 707/3089/914
f 701/3090/915 702/3091/915 709/3092/915 708/3093/915
f 702/3094/916 703/3095/916 710/3096/916 709/3097/916
f 703/3098/917 704/3099/917 711/3100/917 710/3101/917
f 704/3102/918 705/3103/918 712/3104/918 711/3105/918
f 705/3106/919 706/3107/919 713/3108/919 712/3109/919
f 713/3110/920 706/3111/920 677/3112/920
f 707/3113/921 714/3114/921 678/3115/921
f 707/3116/922 708/3117/922 715/3118/922 714/3119/922
f 708/3120/923 709/3121/923 716/3122/923 715/3123/923
f 709/3124/924 710/3125/924 717/3126/924 716/3127/924
f 710/3128/925 711/3129/925 718/3130/925 717/3131/925
f 711/3132/926 712/3133/926 719/3134/926 718/3135/926
f 712/3136/927 713/3137/927 720/3138/927 719/3139/927
f 720/3140/928 713/3141/928 677/3142/928
f 714/3143/929 721/3144/929 678/3145/929
f 714/3146/930 715/3147/930 722/3148/930 721/3149/930
f 715/3150/931 716/3151/931 723/3152/931 722/3153/931
f 716/3154/932 717/3155/932 724/3156/932 723/3157/932
f 717/3158/933 718/3159/933 725/3160/933 724/3161/933
f 718/3162/934 719/3163/934 726/3164/934 725/3165/934
f 719/3166/935 720/3167/935 727/3168/935 726/3169/935
f 727/3170/936 720/3171/936 677/3172/936
f 721/3173/937 728/3174/937 678/3175/937
f 721/3176/938 722/3177/938 729/3178/938 728/3179/938
f 722/3180/939 723/3181/939 730/3182/939 729/3183/939
f 723/3184/940 724/3185/940 731/3186/940 730/3187/940
f 724/3188/941 725/3189/941 732/3190/941 731/3191/941
f 725/3192/942 726/3193/942 733/3194/942 732/3195/942
f 726/3196/943 727/3197/943 734/3198/943 733/3199/943
f 734/3200/944 727/3201/944 677/3202/944
f 728/3203/945 735/3204/945 678/3205/945
f 728/3206/946 729/3207/946 736/3208/946 735/3209/946
f 729/3210/947 730/3211/947 737/3212/947 736/3213/947
f 730/3214/948 731/3215/948 738/3216/948 737/3217/948
f 731/3218/949 732/3219/949 739/3220/949 738/3221/949
f 732/3222/950 733/3223/950 740/3224/950 739/3225/950
f 733/3226/951 734/3227/951 741/3228/951 740/3229/951
f 741/3230/952 734/3231/952 677/3232/952
f 735/3233/953 742/3234/953 678/3235/953
f 735/3236/954 736/3237/954 743/3238/954 742/3239/954
f 736/3240/955 737/3241/955 744/3242/955 743/3243/955
f 737/3244/956 738/3245/956 745/3246/956 744/3247/956
f 738/3248/957 739/3249/957 746/3250/957 745/3251/957
f 739/3252/958 740/3253/958 747/3254/958 746/3255/958
f 740/3256/959 741/3257/959 748/3258/959 747/3259/959
f 748/3260/960 741/3261/960 677/3262/960
f 742/3263/961 749/3264/961 678/3265/961
f 742/3266/962 743/3267/962 750/3268/962 749/3269/962
f 743/3270/963 744/3271/963 751/3272/963 750/3273/963
f 744/3274/964 745/3275/964 752/3276/964 751/3277/964
f 745/3278/965 746/3279/965 753/3280/965 752/3281/965
f 746/3282/966 747/3283/966 754/3284/966 753/3285/966
f 747/3286/967 748/3287/967 755/3288/967 754/3289/967
f 755/3290/968 748/3291/968 677/3292/968
f 749/3293/969 756/3294/969 678/3295/969
f 749/3296/970 750/3297/970 757/3298/970 756/3299/970
f 750/3300/971 751/3301/971 758/3302/971 757/3303/971
f 751/3304/972 752/3305/972 759/3306/972 758/3307/972
f 752/3308/973 753/3309/973 760/3310/973 759/3311/973
f 753/3312/974 754/3313/974 761/3314/974 760/3315/974
f 754/3316/975 755/3317/975 762/3318/975 761/3319/975
f 762/3320/976 755/3321/976 677/3322/976
f 756/3323/977 763/3324/977 678/3325/977
f 756/3326/978 757/3327/978 764/3328/978 763/3329/978
f 757/3330/979 758/3331/979 765/3332/979 764/3333/979
f 758/3334/980 759/3335/980 766/3336/980 765/3337/980
f 759/3338/981 760/3339/981 767/3340/981 766/3341/981
f 760/3342/982 761/3343/982 768/3344/982 767/3345/982
f 761/3346/983 762/3347/983 769/3348/983 768/3349/983
f 769/3350/984 762/3351/984 677/3352/984
f 763/3353/985 770/3354/985 678/3355/985
f 763/3356/986 764/3357/986 771/3358/986 770/3359/986
f 764/3360/987 765/3361/987 772/3362/987 771/3363/987
f 765/3364/988 766/3365/988 773/3366/988 772/3367/988
f 766/3368/989 767/3369/989 774/3370/989 773/3371/989
f 767/3372/990 768/3373/990 775/3374/990 774/3375/990
f 768/3376/991 769/3377/991 776/3378/991 775/3379/991
f 776/3380/992 769/3381/992 677/3382/992
f 770/3383/993 777/3384/993 678/3385/993
f 770/3386/994 771/3387/994 778/3388/994 777/3389/994
f 771/3390/995 772/3391/995 779/3392/995 778/3393/995
f 772/3394/996 773/3395/996 780/3396/996 779/3397/996
f 773/3398/997 774/3399/997 781/3400/997 780/3401/997
f 774/3402/998 775/3403/998 782/3404/998 781/3405/998
f 775/3406/999 776/3407/999 783/3408/999 782/3409/999
f 783/3410/1000 776/3411/1000 677/3412/1000
f 777/3413/1001 784/3414/1001 678/3415/1001
f 777/3416/1002 778/3417/1002 785/3418/1002 784/3419/1002
f 778/3420/1003 779/3421/1003 786/3422/1003 785/3423/1003
f 779/3424/1004 780/3425/1004 787/3426/1004 786/3427/1004
f 780/3428/1005 781/3429/1005 788/3430/1005 787/3431/1005
f 781/3432/1006 782/3433/1006 789/3434/1006 788/3435/1006
f 782/3436/1007 783/3437/1007 790/3438/1007 789/3439/1007
f 790/3440/1008 783/3441/1008 677/3442/1008
f 784/3443/1009 679/3444/1009 678/3445/1009
f 784/3446/1010 785/3447/1010 680/3448/1010 679/3449/1010
f 785/3450/1011 786/3451/1011 681/3452/1011 680/3453/1011
f 786/3454/1012 787/3455/1012 682/3456/1012 681/3457/1012
f 787/3458/1013 788/3459/1013 683/3460/1013 682/3461/1013
f 788/3462/1014 789/3463/1014 684/3464/1014 683/3465/1014
f 789/3466/1015 790/3467/1015 685/3468/1015 684/3469/1015
f 685/3470/1016 790/3471/1016 677/3472/1016
o guard_right_rivet_high
v 0.13068749999999998 2.286875 0
v 0.13068749999999998 2.338125 0
v 0.13260060699754 2.336174413020602 0.005289811098767413
v 0.13422246079706268 2.330619611267905 0.009774296410004506
v 0.135306148859732 2.3223062629543554 0.012770733697036013
v 0.13568668950166327 2.3125 0.013822942545683028
v 0.135306148859732 2.3026937370456446 0.012770733697036013
v 0.13422246079706268 2.294380388732095 0.009774296410004508
v 0.13260060699754 2.288825586979398 0.0052898110987674146
v 0.13613556779460273 2.336174413020602 0.004484485311237095
v 0.14075421665433474 2.330619611267905 0.008286248385798918
v 0.14384029915845797 2.3223062629543554 0.010826505258651524
v 0.1449239872211273 2.3125 0.011718524848388997
v 0.14384029915845797 2.3026937370456446 0.010826505258651524
v 0.14075421665433474 2.294380388732095 0.00828624838579892
v 0.13613556779460273 2.288825586979398 0.004484485311237096
v 0.1388411096567947 2.336174413020602 0.002996437287031506
v 0.14575340615599802 2.330619611267905 0.005536694159884111
v 0.15037205501573003 2.3223062629543554 0.007234039537151902
v 0.1519939088152527 2.3125 0.00783006797162002
v 0.15037205501573003 2.3026937370456446 0.007234039537151902
v 0.14575340615599802 2.294380388732095 0.005536694159884112
v 0.1388411096567947 2.288825586979398 0.0029964372870315064
v 0.14030533836139528 2.336174413020602 0.0010522088486470166
v 0.14845894801818998 2.330619611267905 0.0019442284383844894
v 0.15390701581279273 2.3223062629543554 0.002540256872852606
v 0.15582012281033275 2.3125 0.002749554225914809
v 0.15390701581279273 2.3026937370456446 0.002540256872852606
v 0.14845894801818998 2.294380388732095 0.0019442284383844898
v 0.14030533836139528 2.288825586979398 0.0010522088486470168
v 0.14030533836139528 2.336174413020602 -0.0010522088486470157
v 0.14845894801818998 2.330619611267905 -0.001944228438384488
v 0.15390701581279273 2.3223062629543554 -0.0025402568728526047
v 0.15582012281033275 2.3125 -0.002749554225914807
v 0.15390701581279273 2.3026937370456446 -0.0025402568728526047
v 0.14845894801818998 2.294380388732095 -0.0019442284383844888
v 0.14030533836139528 2.288825586979398 -0.001052208848647016
v 0.1388411096567947 2.336174413020602 -0.002996437287031504
v 0.14575340615599802 2.330619611267905 -0.005536694159884107
v 0.15037205501573003 2.3223062629543554 -0.0072340395371519
v 0.1519939088152527 2.3125 -0.007830067971620015
v 0.15037205501573003 2.3026937370456446 -0.0072340395371519
v 0.14575340615599802 2.294380388732095 -0.0055366941598841085
v 0.1388411096567947 2.288825586979398 -0.0029964372870315047
v 0.13613556779460273 2.336174413020602 -0.004484485311237096
v 0.14075421665433474 2.330619611267905 -0.00828624838579892
v 0.14384029915845797 2.3223062629543554 -0.010826505258651526
v 0.1449239872211273 2.3125 -0.011718524848388997
v 0.14384029915845797 2.3026937370456446 -0.010826505258651526
v 0.14075421665433474 2.294380388732095 -0.00828624838579892
v 0.13613556779460273 2.288825586979398 -0.004484485311237097
v 0.13260060699754 2.336174413020602 -0.005289811098767413
v 0.1342224607970627 2.330619611267905 -0.009774296410004506
v 0.135306148859732 2.3223062629543554 -0.012770733697036013
v 0.1356866895016633 2.3125 -0.013822942545683028
v 0.135306148859732 2.3026937370456446 -0.012770733697036013
v 0.1342224607970627 2.294380388732095 -0.009774296410004508
v 0.13260060699754 2.288825586979398 -0.0052898110987674146
v 0.12877439300245996 2.336174413020602 -0.005289811098767413
v 0.1271525392029373 2.330619611267905 -0.009774296410004506
v 0.12606885114026797 2.3223062629543554 -0.012770733697036013
v 0.1256883104983367 2.3125 -0.013822942545683028
v 0.12606885114026797 2.3026937370456446 -0.012770733697036013
v 0.1271525392029373 2.294380388732095 -0.009774296410004508
v 0.12877439300245996 2.288825586979398 -0.0052898110987674146
v 0.12523943220539724 2.336174413020602 -0.004484485311237096
v 0.12062078334566524 2.330619611267905 -0.00828624838579892
v 0.11753470084154198 2.3223062629543554 -0.010826505258651527
v 0.11645101277887268 2.3125 -0.011718524848389
v 0.11753470084154198 2.3026937370456446 -0.010826505258651527
v 0.12062078334566524 2.294380388732095 -0.008286248385798922
v 0.12523943220539724 2.288825586979398 -0.004484485311237098
v 0.12253389034320526 2.336174413020602 -0.002996437287031505
v 0.11562159384400195 2.330619611267905 -0.005536694159884109
v 0.11100294498426994 2.3223062629543554 -0.007234039537151901
v 0.10938109118474726 2.3125 -0.007830067971620018
v 0.11100294498426994 2.3026937370456446 -0.007234039537151901
v 0.11562159384400195 2.294380388732095 -0.005536694159884111
v 0.12253389034320526 2.288825586979398 -0.002996437287031506
v 0.12106966163860469 2.336174413020602 -0.0010522088486470183
v 0.11291605198180998 2.330619611267905 -0.0019442284383844929
v 0.10746798418720724 2.3223062629543554 -0.002540256872852611
v 0.1055548771896672 2.3125 -0.0027495542259148137
v 0.10746798418720724 2.3026937370456446 -0.002540256872852611
v 0.11291605198180997 2.294380388732095 -0.0019442284383844933
v 0.12106966163860469 2.288825586979398 -0.0010522088486470186
v 0.12106966163860469 2.336174413020602 0.0010522088486470164
v 0.11291605198180997 2.330619611267905 0.0019442284383844894
v 0.10746798418720724 2.3223062629543554 0.002540256872852606
v 0.1055548771896672 2.3125 0.0027495542259148085
v 0.10746798418720724 2.3026937370456446 0.002540256872852606
v 0.11291605198180997 2.294380388732095 0.0019442284383844894
v 0.12106966163860469 2.288825586979398 0.0010522088486470166
v 0.12253389034320526 2.336174413020602 0.002996437287031503
v 0.11562159384400195 2.330619611267905 0.005536694159884107
v 0.11100294498426994 2.3223062629543554 0.007234039537151898
v 0.10938109118474726 2.3125 0.007830067971620013
v 0.11100294498426994 2.3026937370456446 0.007234039537151898
v 0.11562159384400195 2.294380388732095 0.005536694159884107
v 0.12253389034320526 2.288825586979398 0.0029964372870315043
v 0.12523943220539724 2.336174413020602 0.004484485311237095
v 0.12062078334566524 2.330619611267905 0.008286248385798918
v 0.11753470084154198 2.3223062629543554 0.010826505258651524
v 0.11645101277887268 2.3125 0.011718524848388997
v 0.11753470084154198 2.3026937370456446 0.010826505258651524
v 0.12062078334566524 2.294380388732095 0.00828624838579892
v 0.12523943220539724 2.288825586979398 0.004484485311237096
v 0.12877439300245996 2.336174413020602 0.005289811098767412
v 0.12715253920293726 2.330619611267905 0.009774296410004504
v 0.12606885114026797 2.3223062629543554 0.012770733697036012
v 0.12568831049833668 2.3125 0.013822942545683028
v 0.12606885114026797 2.3026937370456446 0.012770733697036012
v 0.12715253920293726 2.294380388732095 0.009774296410004506
v 0.12877439300245996 2.288825586979398 0.005289811098767414
vt 0.5 0.5
vt 0.5 0.5
vt 0.5 0.5
vt 0.5 0.5
vt 0.5 0.5
vt 0.5 0.5
vt 0.5 0.5
vt 0.5 0.5
vt 0.5 0.5
vt 0.5 0.5
vt 0.5 0.5
vt 0.5 0.5
vt 0.5 0.5
vt 0.5 0.5
vt 0.5 0.5
vt 0.5 0.5
vt 0.5 0.5
vt 0.5 0.5
vt 0.5 0.5
vt 0.5 0.5
vt 0.5 0.5
vt 0.5 0.5
vt 0.5 0.5
vt 0.5 0.5
vt 0.5 0.5
vt 0.5 0.5
vt 0.5 0.5
vt 0.5 0.5
vt 0.5 0.5
vt 0.5 0.5
vt 0.5 0.5
vt 0.5 0.5
vt 0.5 0.5
vt 0.5 0.5
vt 0.5 0.5
vt 0.5 0.5
vt 0.5 0.5
vt 0.5 0.5
vt 0.5 0.5
vt 0.5 0.5
vt 0.5 0.5
vt 0.5 0.5
vt 0.5 0.5
vt 0.5 0.5
vt 0.5 0.5
vt 0.5 0.5
vt 0.5 0.5
vt 0.5 0.5
vt 0.5 0.5
vt 0.5 0.5
vt 0.5 0.5
vt 0.5 0.5
vt 0.5 0.5
vt 0.5 0.5
vt 0.5 0.5
vt 0.5 0.5
vt 0.5 0.5
vt 0.5 0.5
vt 0.5 0.5
vt 0.5 0.5
vt 0.5 0.5
vt 0.5 0.5
vt 0.5 0.5
vt 0.5 0.5
vt 0.5 0.5
vt 0.5 0.5
vt 0.5 0.5
vt 0.5 0.5
vt 0.5 0.5
vt 0.5 0.5
vt 0.5 0.5
vt 0.5 0.5
vt 0.5 0.5
vt 0.5 0.5
vt 0.5 0.5
vt 0.5 0.5
vt 0.5 0.5
vt 0.5 0.5
vt 0.5 0.5
vt 0.5 0.5
vt 0.5 0.5
vt 0.5 0.5
vt 0.5 0.5
vt 0.5 0.5
vt 0.5 0.5
vt 0.5 0.5
vt 0.5 0.5
vt 0.5 0.5
vt 0.5 0.5
vt 0.5 0.5
vt 0.5 0.5
vt 0.5 0.5
vt 0.5 0.5
vt 0.5 0.5
vt 0.5 0.5
vt 0.5 0.5
vt 0.5 0.5
vt 0.5 0.5
vt 0.5 0.5
vt 0.5 0.5
vt 0.5 0.5
vt 0.5 0.5
vt 0.5 0.5
vt 0.5 0.5
vt 0.5 0.5
vt 0.5 0.5
vt 0.5 0.5
vt 0.5 0.5
vt 0.5 0.5
vt 0.5 0.5
vt 0.5 0.5
vt 0.5 0.5
vt 0.5 0.5
vt 0.5 0.5
vt 0.5 0.5
vt 0.5 0.5
vt 0.5 0.5
vt 0.5 0.5
vt 0.5 0.5
vt 0.5 0.5
vt 0.5 0.5
vt 0.5 0.5
vt 0.5 0.5
vt 0.5 0.5
vt 0.5 0.5
vt 0.5 0.5
vt 0.5 0.5
vt 0.5 0.5
vt 0.5 0.5
vt 0.5 0.5
vt 0.5 0.5
vt 0.5 0.5
vt 0.5 0.5
vt 0.5 0.5
vt 0.5 0.5
vt 0.5 0.5
vt 0.5 0.5
vt 0.5 0.5
vt 0.5 0.5
vt 0.5 0.5
vt 0.5 0.5
vt 0.5 0.5
vt 0.5 0.5
vt 0.5 0.5
vt 0.5 0.5
vt 0.5 0.5
vt 0.5 0.5
vt 0.5 0.5
vt 0.5 0.5
vt 0.5 0.5
vt 0.5 0.5
vt 0.5 0.5
vt 0.5 0.5
vt 0.5 0.5
vt 0.5 0.5
vt 0.5 0.5
vt 0.5 0.5
vt 0.5 0.5
vt 0.5 0.5
vt 0.5 0.5
vt 0.5 0.5
vt 0.5 0.5
vt 0.5 0.5
vt 0.5 0.5
vt 0.5 0.5
vt 0.5 0.5
vt 0.5 0.5
vt 0.5 0.5
vt 0.5 0.5
vt 0.5 0.5
vt 0.5 0.5
vt 0.5 0.5
vt 0.5 0.5
vt 0.5 0.5
vt 0.5 0.5
vt 0.5 0.5
vt 0.5 0.5
vt 0.5 0.5
vt 0.5 0.5
vt 0.5 0.5
vt 0.5 0.5
vt 0.5 0.5
vt 0.5 0.5
vt 0.5 0.5
vt 0.5 0.5
vt 0.5 0.5
vt 0.5 0.5
vt 0.5 0.5
vt 0.5 0.5
vt 0.5 0.5
vt 0.5 0.5
vt 0.5 0.5
vt 0.5 0.5
vt 0.5 0.5
vt 0.5 0.5
vt 0.5 0.5
vt 0.5 0.5
vt 0.5 0.5
vt 0.5 0.5
vt 0.5 0.5
vt 0.5 0.5
vt 0.5 0.5
vt 0.5 0.5
vt 0.5 0.5
vt 0.5 0.5
vt 0.5 0.5
vt 0.5 0.5
vt 0.5 0.5
vt 0.5 0.5
vt 0.5 0.5
vt 0.5 0.5
vt 0.5 0.5
vt 0.5 0.5
vt 0.5 0.5
vt 0.5 0.5
vt 0.5 0.5
vt 0.5 0.5
vt 0.5 0.5
vt 0.5 0.5
vt 0.5 0.5
vt 0.5 0.5
vt 0.5 0.5
vt 0.5 0.5
vt 0.5 0.5
vt 0.5 0.5
vt 0.5 0.5
vt 0.5 0.5
vt 0.5 0.5
vt 0.5 0.5
vt 0.5 0.5
vt 0.5 0.5
vt 0.5 0.5
vt 0.5 0.5
vt 0.5 0.5
vt 0.5 0.5
vt 0.5 0.5
vt 0.5 0.5
vt 0.5 0.5
vt 0.5 0.5
vt 0.5 0.5
vt 0.5 0.5
vt 0.5 0.5
vt 0.5 0.5
vt 0.5 0.5
vt 0.5 0.5
vt 0.5 0.5
vt 0.5 0.5
vt 0.5 0.5
vt 0.5 0.5
vt 0.5 0.5
vt 0.5 0.5
vt 0.5 0.5
vt 0.5 0.5
vt 0.5 0.5
vt 0.5 0.5
vt 0.5 0.5
vt 0.5 0.5
vt 0.5 0.5
vt 0.5 0.5
vt 0.5 0.5
vt 0.5 0.5
vt 0.5 0.5
vt 0.5 0.5
vt 0.5 0.5
vt 0.5 0.5
vt 0.5 0.5
vt 0.5 0.5
vt 0.5 0.5
vt 0.5 0.5
vt 0.5 0.5
vt 0.5 0.5
vt 0.5 0.5
vt 0.5 0.5
vt 0.5 0.5
vt 0.5 0.5
vt 0.5 0.5
vt 0.5 0.5
vt 0.5 0.5
vt 0.5 0.5
vt 0.5 0.5
vt 0.5 0.5
vt 0.5 0.5
vt 0.5 0.5
vt 0.5 0.5
vt 0.5 0.5
vt 0.5 0.5
vt 0.5 0.5
vt 0.5 0.5
vt 0.5 0.5
vt 0.5 0.5
vt 0.5 0.5
vt 0.5 0.5
vt 0.5 0.5
vt 0.5 0.5
vt 0.5 0.5
vt 0.5 0.5
vt 0.5 0.5
vt 0.5 0.5
vt 0.5 0.5
vt 0.5 0.5
vt 0.5 0.5
vt 0.5 0.5
vt 0.5 0.5
vt 0.5 0.5
vt 0.5 0.5
vt 0.5 0.5
vt 0.5 0.5
vt 0.5 0.5
vt 0.5 0.5
vt 0.5 0.5
vt 0.5 0.5
vt 0.5 0.5
vt 0.5 0.5
vt 0.5 0.5
vt 0.5 0.5
vt 0.5 0.5
vt 0.5 0.5
vt 0.5 0.5
vt 0.5 0.5
vt 0.5 0.5
vt 0.5 0.5
vt 0.5 0.5
vt 0.5 0.5
vt 0.5 0.5
vt 0.5 0.5
vt 0.5 0.5
vt 0.5 0.5
vt 0.5 0.5
vt 0.5 0.5
vt 0.5 0.5
vt 0.5 0.5
vt 0.5 0.5
vt 0.5 0.5
vt 0.5 0.5
vt 0.5 0.5
vt 0.5 0.5
vt 0.5 0.5
vt 0.5 0.5
vt 0.5 0.5
vt 0.5 0.5
vt 0.5 0.5
vt 0.5 0.5
vt 0.5 0.5
vt 0.5 0.5
vt 0.5 0.5
vt 0.5 0.5
vt 0.5 0.5
vt 0.5 0.5
vt 0.5 0.5
vt 0.5 0.5
vt 0.5 0.5
vt 0.5 0.5
vt 0.5 0.5
vt 0.5 0.5
vt 0.5 0.5
vt 0.5 0.5
vt 0.5 0.5
vt 0.5 0.5
vt 0.5 0.5
vt 0.5 0.5
vt 0.5 0.5
vt 0.5 0.5
vt 0.5 0.5
vt 0.5 0.5
vt 0.5 0.5
vt 0.5 0.5
vt 0.5 0.5
vt 0.5 0.5
vt 0.5 0.5
vt 0.5 0.5
vt 0.5 0.5
vt 0.5 0.5
vt 0.5 0.5
vt 0.5 0.5
vt 0.5 0.5
vt 0.5 0.5
vt 0.5 0.5
vt 0.5 0.5
vt 0.5 0.5
vt 0.5 0.5
vt 0.5 0.5
vt 0.5 0.5
vt 0.5 0.5
vt 0.5 0.5
vt 0.5 0.5
vt 0.5 0.5
vt 0.5 0.5
vt 0.5 0.5
vt 0.5 0.5
vt 0.5 0.5
vt 0.5 0.5
vt 0.5 0.5
vt 0.5 0.5
vt 0.5 0.5
vt 0.5 0.5
vt 0.5 0.5
vt 0.5 0.5
vt 0.5 0.5
vt 0.5 0.5
vt 0.5 0.5
vt 0.5 0.5
vt 0.5 0.5
vt 0.5 0.5
vt 0.5 0.5
vt 0.5 0.5
vt 0.5 0.5
vt 0.5 0.5
vt 0.5 0.5
vt 0.5 0.5
vt 0.5 0.5
vt 0.5 0.5
vt 0.5 0.5
vt 0.5 0.5
vt 0.5 0.5
vt 0.5 0.5
vt 0.5 0.5
vt 0.5 0.5
vt 0.5 0.5
vt 0.5 0.5
vt 0.5 0.5
vt 0.5 0.5
vt 0.5 0.5
vt 0.5 0.5
vt 0.5 0.5
vt 0.5 0.5
vt 0.5 0.5
vt 0.5 0.5
vt 0.5 0.5
vt 0.5 0.5
vt 0.5 0.5
vt 0.5 0.5
vt 0.5 0.5
vt 0.5 0.5
vt 0.5 0.5
vt 0.5 0.5
vt 0.5 0.5
vt 0.5 0.5
vt 0.5 0.5
vt 0.5 0.5
vt 0.5 0.5
vt 0.5 0.5
vt 0.5 0.5
vt 0.5 0.5
vt 0.5 0.5
vt 0.5 0.5
vt 0.5 0.5
vt 0.5 0.5
vt 0.5 0.5
vt 0.5 0.5
vt 0.5 0.5
vt 0.5 0.5
vt 0.5 0.5
vt 0.5 0.5
vt 0.5 0.5
vt 0.5 0.5
vt 0.5 0.5
vt 0.5 0.5
vt 0.5 0.5
vt 0.5 0.5
vt 0.5 0.5
vt 0.5 0.5
vt 0.5 0.5
vt 0.5 0.5
vt 0.5 0.5
vt 0.5 0.5
vt 0.5 0.5
vt 0.5 0.5
vt 0.5 0.5
vt 0.5 0.5
vt 0.5 0.5
vt 0.5 0.5
vt 0.5 0.5
vt 0.5 0.5
vt 0.5 0.5
vt 0.5 0.5
vt 0.5 0.5
vt 0.5 0.5
vt 0.5 0.5
vt 0.5 0.5
vt 0.5 0.5
vn 0.07326810913662143 0.9440336526418578 0.3216088413946613
vn 0.169079352429024 0.6485332808362152 0.7421703013662004
vn 0.2076131010953105 0.3555343947112815 0.9113133898011545
vn 0.22071549546856237 0.11251978382965709 0.9688260774292745
vn 0.2207154954685626 -0.11251978382965705 0.9688260774292744
vn 0.20761310109531025 -0.35553439471128145 0.9113133898011546
vn 0.16907935242902414 -0.648533280836215 0.7421703013662007
vn 0.07326810913662148 -0.9440336526418578 0.3216088413946612
vn 0.13745111657988066 0.9584631563729057 0.24991112105432853
vn 0.3407012461874497 0.7072453038673454 0.6194568112499087
vn 0.44002401093650995 0.40781002672366734 0.8000436562482001
vn 0.47771457505372983 0.13180115473173906 0.8685719546431456
vn 0.47771457505372994 -0.13180115473173903 0.8685719546431455
vn 0.44002401093650995 -0.4078100267236671 0.8000436562482001
vn 0.34070124618744996 -0.7072453038673453 0.6194568112499088
vn 0.13745111657988066 -0.9584631563729058 0.24991112105432844
vn 0.18242010541346976 0.9735752157355124 0.13738342129416142
vn 0.4943816965823793 0.7854678074921524 0.37232655220625793
vn 0.694991188069977 0.49298133709683745 0.523408683324318
vn 0.7876767172859693 0.16632915765784592 0.593211598300666
vn 0.787676717285969 -0.1663291576578459 0.5932115983006664
vn 0.6949911880699773 -0.49298133709683734 0.5234086833243178
vn 0.4943816965823794 -0.7854678074921522 0.3723265522062582
vn 0.18242010541346965 -0.9735752157355124 0.1373834212941615
vn 0.19876276563765308 0.9800476330240646 0
vn 0.563026971025441 0.8264385215476814 0
vn 0.8363969573183947 0.5481241919387719 0
vn 0.9814964267653061 0.1914804539553227 0
vn 0.981496426765306 -0.1914804539553226 0
vn 0.8363969573183947 -0.5481241919387718 0
vn 0.5630269710254412 -0.8264385215476812 0
vn 0.19876276563765302 -0.9800476330240646 0
vn 0.18242010541346976 0.9735752157355124 -0.13738342129416134
vn 0.4943816965823794 0.7854678074921525 -0.37232655220625765
vn 0.6949911880699772 0.4929813370968378 -0.5234086833243173
vn 0.7876767172859694 0.16632915765784556 -0.5932115983006659
vn 0.7876767172859697 -0.16632915765784553 -0.5932115983006657
vn 0.6949911880699773 -0.49298133709683756 -0.5234086833243176
vn 0.4943816965823796 -0.7854678074921524 -0.37232655220625754
vn 0.18242010541346967 -0.9735752157355124 -0.13738342129416126
vn 0.13745111657988077 0.9584631563729058 -0.24991112105432842
vn 0.3407012461874501 0.7072453038673456 -0.6194568112499085
vn 0.44002401093650995 0.4078100267236676 -0.8000436562481998
vn 0.4777145750537301 0.13180115473173884 -0.8685719546431454
vn 0.47771457505373005 -0.1318011547317388 -0.8685719546431455
vn 0.44002401093651 -0.40781002672366745 -0.8000436562481998
vn 0.34070124618745 -0.7072453038673453 -0.6194568112499088
vn 0.13745111657988068 -0.9584631563729058 -0.24991112105432842
vn 0.07326810913662143 0.9440336526418579 -0.3216088413946613
vn 0.1690793524290239 0.6485332808362152 -0.7421703013662005
vn 0.2076131010953106 0.35553439471128134 -0.9113133898011546
vn 0.22071549546856253 0.1125197838296571 -0.9688260774292744
vn 0.2207154954685626 -0.1125197838296571 -0.9688260774292743
vn 0.20761310109531048 -0.35553439471128134 -0.9113133898011546
vn 0.16907935242902403 -0.6485332808362149 -0.7421703013662007
vn 0.07326810913662145 -0.9440336526418578 -0.32160884139466117
vn 0 0.9382447370383332 -0.3459722726171404
vn 0 0.6281603132460976 -0.778083942041323
vn 0 0.33908328231257817 -0.9407563593492889
vn 0 0.10668727764975125 -0.9942926253310365
vn 0 -0.10668727764975125 -0.9942926253310366
vn 0 -0.3390832823125781 -0.940756359349289
vn 0 -0.6281603132460973 -0.7780839420413231
vn 0 -0.9382447370383332 -0.34597227261714036
vn -0.07326810913662145 0.9440336526418579 -0.32160884139466134
vn -0.16907935242902397 0.6485332808362152 -0.7421703013662004
vn -0.20761310109531034 0.3555343947112815 -0.9113133898011546
vn -0.22071549546856215 0.11251978382965708 -0.9688260774292744
vn -0.22071549546856242 -0.11251978382965709 -0.9688260774292745
vn -0.2076131010953102 -0.3555343947112814 -0.9113133898011547
vn -0.16907935242902394 -0.6485332808362149 -0.7421703013662007
vn -0.07326810913662138 -0.9440336526418578 -0.32160884139466117
vn -0.13745111657988068 0.9584631563729056 -0.24991112105432853
vn -0.3407012461874498 0.7072453038673453 -0.6194568112499088
vn -0.44002401093651017 0.40781002672366756 -0.8000436562481998
vn -0.47771457505373005 0.131801154731739 -0.8685719546431456
vn -0.4777145750537303 -0.13180115473173898 -0.8685719546431455
vn -0.44002401093650995 -0.40781002672366734 -0.8000436562482
vn -0.34070124618745007 -0.7072453038673453 -0.6194568112499087
vn -0.1374511165798807 -0.9584631563729058 -0.24991112105432844
vn -0.18242010541346973 0.9735752157355124 -0.13738342129416145
vn -0.49438169658237935 0.7854678074921524 -0.37232655220625804
vn -0.6949911880699768 0.4929813370968375 -0.5234086833243181
vn -0.787676717285969 0.16632915765784584 -0.5932115983006664
vn -0.7876767172859689 -0.1663291576578458 -0.5932115983006665
vn -0.6949911880699773 -0.4929813370968374 -0.5234086833243179
vn -0.4943816965823793 -0.7854678074921523 -0.37232655220625827
vn -0.18242010541346965 -0.9735752157355125 -0.1373834212941615
vn -0.19876276563765305 0.9800476330240645 -1.638450561146069e-16
vn -0.563026971025441 0.8264385215476813 -5.29901189046091e-16
vn -0.8363969573183946 0.5481241919387719 -5.367587321254049e-16
vn -0.9814964267653059 0.19148045395532295 0
vn -0.9814964267653059 -0.19148045395532293 -6.674793776340735e-16
vn -0.8363969573183948 -0.5481241919387718 -7.01309080469054e-16
vn -0.5630269710254413 -0.8264385215476813 -3.2637657520871826e-16
vn -0.19876276563765308 -0.9800476330240647 -1.638450561146069e-16
vn -0.18242010541346976 0.9735752157355124 0.13738342129416145
vn -0.49438169658237935 0.7854678074921525 0.37232655220625777
vn -0.6949911880699772 0.49298133709683767 0.5234086833243177
vn -0.7876767172859693 0.16632915765784556 0.5932115983006662
vn -0.7876767172859694 -0.16632915765784556 0.5932115983006659
vn -0.6949911880699772 -0.4929813370968375 0.5234086833243178
vn -0.49438169658237957 -0.7854678074921524 0.3723265522062577
vn -0.18242010541346967 -0.9735752157355124 0.13738342129416134
vn -0.13745111657988077 0.9584631563729056 0.2499111210543284
vn -0.34070124618745 0.7072453038673454 0.6194568112499086
vn -0.44002401093650995 0.4078100267236675 0.8000436562481998
vn -0.4777145750537303 0.13180115473173887 0.8685719546431454
vn -0.47771457505373005 -0.1318011547317388 0.8685719546431455
vn -0.4400240109365102 -0.4078100267236675 0.8000436562481997
vn -0.34070124618745007 -0.7072453038673452 0.6194568112499089
vn -0.13745111657988068 -0.9584631563729058 0.24991112105432844
vn -0.07326810913662145 0.9440336526418579 0.32160884139466134
vn -0.16907935242902394 0.6485332808362152 0.7421703013662005
vn -0.20761310109531067 0.3555343947112814 0.9113133898011547
vn -0.22071549546856253 0.11251978382965727 0.9688260774292743
vn -0.22071549546856264 -0.11251978382965729 0.9688260774292744
vn -0.20761310109531034 -0.3555343947112811 0.9113133898011547
vn -0.16907935242902408 -0.648533280836215 0.7421703013662007
vn -0.07326810913662148 -0.9440336526418578 0.3216088413946611
vn -7.84282092059834e-17 0.9382447370383332 0.3459722726171405
vn -2.0138394340411177e-16 0.6281603132460974 0.7780839420413229
vn -2.075327035548805e-16 0.33908328231257817 0.9407563593492889
vn 0 0.10668727764975144 0.9942926253310365
vn -1.8594993957906834e-16 -0.10668727764975144 0.9942926253310366
vn -2.7115454446547485e-16 -0.3390832823125781 0.940756359349289
vn -2.4807267131662677e-16 -0.6281603132460972 0.7780839420413233
vn -7.842820920598335e-17 -0.9382447370383332 0.34597227261714036
usemtl m_3be25f79-071f-aaae-ced0-88ed625c361a
f 793/3473/1017 800/3474/1017 792/3475/1017
f 793/3476/1018 794/3477/1018 801/3478/1018 800/3479/1018
f 794/3480/1019 795/3481/1019 802/3482/1019 801/3483/1019
f 795/3484/1020 796/3485/1020 803/3486/1020 802/3487/1020
f 796/3488/1021 797/3489/1021 804/3490/1021 803/3491/1021
f 797/3492/1022 798/3493/1022 805/3494/1022 804/3495/1022
f 798/3496/1023 799/3497/1023 806/3498/1023 805/3499/1023
f 806/3500/1024 799/3501/1024 791/3502/1024
f 800/3503/1025 807/3504/1025 792/3505/1025
f 800/3506/1026 801/3507/1026 808/3508/1026 807/3509/1026
f 801/3510/1027 802/3511/1027 809/3512/1027 808/3513/1027
f 802/3514/1028 803/3515/1028 810/3516/1028 809/3517/1028
f 803/3518/1029 804/3519/1029 811/3520/1029 810/3521/1029
f 804/3522/1030 805/3523/1030 812/3524/1030 811/3525/1030
f 805/3526/1031 806/3527/1031 813/3528/1031 812/3529/1031
f 813/3530/1032 806/3531/1032 791/3532/1032
f 807/3533/1033 814/3534/1033 792/3535/1033
f 807/3536/1034 808/3537/1034 815/3538/1034 814/3539/1034
f 808/3540/1035 809/3541/1035 816/3542/1035 815/3543/1035
f 809/3544/1036 810/3545/1036 817/3546/1036 816/3547/1036
f 810/3548/1037 811/3549/1037 818/3550/1037 817/3551/1037
f 811/3552/1038 812/3553/1038 819/3554/1038 818/3555/1038
f 812/3556/1039 813/3557/1039 820/3558/1039 819/3559/1039
f 820/3560/1040 813/3561/1040 791/3562/1040
f 814/3563/1041 821/3564/1041 792/3565/1041
f 814/3566/1042 815/3567/1042 822/3568/1042 821/3569/1042
f 815/3570/1043 816/3571/1043 823/3572/1043 822/3573/1043
f 816/3574/1044 817/3575/1044 824/3576/1044 823/3577/1044
f 817/3578/1045 818/3579/1045 825/3580/1045 824/3581/1045
f 818/3582/1046 819/3583/1046 826/3584/1046 825/3585/1046
f 819/3586/1047 820/3587/1047 827/3588/1047 826/3589/1047
f 827/3590/1048 820/3591/1048 791/3592/1048
f 821/3593/1049 828/3594/1049 792/3595/1049
f 821/3596/1050 822/3597/1050 829/3598/1050 828/3599/1050
f 822/3600/1051 823/3601/1051 830/3602/1051 829/3603/1051
f 823/3604/1052 824/3605/1052 831/3606/1052 830/3607/1052
f 824/3608/1053 825/3609/1053 832/3610/1053 831/3611/1053
f 825/3612/1054 826/3613/1054 833/3614/1054 832/3615/1054
f 826/3616/1055 827/3617/1055 834/3618/1055 833/3619/1055
f 834/3620/1056 827/3621/1056 791/3622/1056
f 828/3623/1057 835/3624/1057 792/3625/1057
f 828/3626/1058 829/3627/1058 836/3628/1058 835/3629/1058
f 829/3630/1059 830/3631/1059 837/3632/1059 836/3633/1059
f 830/3634/1060 831/3635/1060 838/3636/1060 837/3637/1060
f 831/3638/1061 832/3639/1061 839/3640/1061 838/3641/1061
f 832/3642/1062 833/3643/1062 840/3644/1062 839/3645/1062
f 833/3646/1063 834/3647/1063 841/3648/1063 840/3649/1063
f 841/3650/1064 834/3651/1064 791/3652/1064
f 835/3653/1065 842/3654/1065 792/3655/1065
f 835/3656/1066 836/3657/1066 843/3658/1066 842/3659/1066
f 836/3660/1067 837/3661/1067 844/3662/1067 843/3663/1067
f 837/3664/1068 838/3665/1068 845/3666/1068 844/3667/1068
f 838/3668/1069 839/3669/1069 846/3670/1069 845/3671/1069
f 839/3672/1070 840/3673/1070 847/3674/1070 846/3675/1070
f 840/3676/1071 841/3677/1071 848/3678/1071 847/3679/1071
f 848/3680/1072 841/3681/1072 791/3682/1072
f 842/3683/1073 849/3684/1073 792/3685/1073
f 842/3686/1074 843/3687/1074 850/3688/1074 849/3689/1074
f 843/3690/1075 844/3691/1075 851/3692/1075 850/3693/1075
f 844/3694/1076 845/3695/1076 852/3696/1076 851/3697/1076
f 845/3698/1077 846/3699/1077 853/3700/1077 852/3701/1077
f 846/3702/1078 847/3703/1078 854/3704/1078 853/3705/1078
f 847/3706/1079 848/3707/1079 855/3708/1079 854/3709/1079
f 855/3710/1080 848/3711/1080 791/3712/1080
f 849/3713/1081 856/3714/1081 792/3715/1081
f 849/3716/1082 850/3717/1082 857/3718/1082 856/3719/1082
f 850/3720/1083 851/3721/1083 858/3722/1083 857/3723/1083
f 851/3724/1084 852/3725/1084 859/3726/1084 858/3727/1084
f 852/3728/1085 853/3729/1085 860/3730/1085 859/3731/1085
f 853/3732/1086 854/3733/1086 861/3734/1086 860/3735/1086
f 854/3736/1087 855/3737/1087 862/3738/1087 861/3739/1087
f 862/3740/1088 855/3741/1088 791/3742/1088
f 856/3743/1089 863/3744/1089 792/3745/1089
f 856/3746/1090 857/3747/1090 864/3748/1090 863/3749/1090
f 857/3750/1091 858/3751/1091 865/3752/1091 864/3753/1091
f 858/3754/1092 859/3755/1092 866/3756/1092 865/3757/1092
f 859/3758/1093 860/3759/1093 867/3760/1093 866/3761/1093
f 860/3762/1094 861/3763/1094 868/3764/1094 867/3765/1094
f 861/3766/1095 862/3767/1095 869/3768/1095 868/3769/1095
f 869/3770/1096 862/3771/1096 791/3772/1096
f 863/3773/1097 870/3774/1097 792/3775/1097
f 863/3776/1098 864/3777/1098 871/3778/1098 870/3779/1098
f 864/3780/1099 865/3781/1099 872/3782/1099 871/3783/1099
f 865/3784/1100 866/3785/1100 873/3786/1100 872/3787/1100
f 866/3788/1101 867/3789/1101 874/3790/1101 873/3791/1101
f 867/3792/1102 868/3793/1102 875/3794/1102 874/3795/1102
f 868/3796/1103 869/3797/1103 876/3798/1103 875/3799/1103
f 876/3800/1104 869/3801/1104 791/3802/1104
f 870/3803/1105 877/3804/1105 792/3805/1105
f 870/3806/1106 871/3807/1106 878/3808/1106 877/3809/1106
f 871/3810/1107 872/3811/1107 879/3812/1107 878/3813/1107
f 872/3814/1108 873/3815/1108 880/3816/1108 879/3817/1108
f 873/3818/1109 874/3819/1109 881/3820/1109 880/3821/1109
f 874/3822/1110 875/3823/1110 882/3824/1110 881/3825/1110
f 875/3826/1111 876/3827/1111 883/3828/1111 882/3829/1111
f 883/3830/1112 876/3831/1112 791/3832/1112
f 877/3833/1113 884/3834/1113 792/3835/1113
f 877/3836/1114 878/3837/1114 885/3838/1114 884/3839/1114
f 878/3840/1115 879/3841/1115 886/3842/1115 885/3843/1115
f 879/3844/1116 880/3845/1116 887/3846/1116 886/3847/1116
f 880/3848/1117 881/3849/1117 888/3850/1117 887/3851/1117
f 881/3852/1118 882/3853/1118 889/3854/1118 888/3855/1118
f 882/3856/1119 883/3857/1119 890/3858/1119 889/3859/1119
f 890/3860/1120 883/3861/1120 791/3862/1120
f 884/3863/1121 891/3864/1121 792/3865/1121
f 884/3866/1122 885/3867/1122 892/3868/1122 891/3869/1122
f 885/3870/1123 886/3871/1123 893/3872/1123 892/3873/1123
f 886/3874/1124 887/3875/1124 894/3876/1124 893/3877/1124
f 887/3878/1125 888/3879/1125 895/3880/1125 894/3881/1125
f 888/3882/1126 889/3883/1126 896/3884/1126 895/3885/1126
f 889/3886/1127 890/3887/1127 897/3888/1127 896/3889/1127
f 897/3890/1128 890/3891/1128 791/3892/1128
f 891/3893/1129 898/3894/1129 792/3895/1129
f 891/3896/1130 892/3897/1130 899/3898/1130 898/3899/1130
f 892/3900/1131 893/3901/1131 900/3902/1131 899/3903/1131
f 893/3904/1132 894/3905/1132 901/3906/1132 900/3907/1132
f 894/3908/1133 895/3909/1133 902/3910/1133 901/3911/1133
f 895/3912/1134 896/3913/1134 903/3914/1134 902/3915/1134
f 896/3916/1135 897/3917/1135 904/3918/1135 903/3919/1135
f 904/3920/1136 897/3921/1136 791/3922/1136
f 898/3923/1137 793/3924/1137 792/3925/1137
f 898/3926/1138 899/3927/1138 794/3928/1138 793/3929/1138
f 899/3930/1139 900/3931/1139 795/3932/1139 794/3933/1139
f 900/3934/1140 901/3935/1140 796/3936/1140 795/3937/1140
f 901/3938/1141 902/3939/1141 797/3940/1141 796/3941/1141
f 902/3942/1142 903/3943/1142 798/3944/1142 797/3945/1142
f 903/3946/1143 904/3947/1143 799/3948/1143 798/3949/1143
f 799/3950/1144 904/3951/1144 791/3952/1144
o guard_back_rivet_low
v 9.100656526163768e-18 2.04625 -0.14862499999999998
v 9.100656526163768e-18 2.0974999999999997 -0.14862499999999998
v 0.001052208848647025 2.095549413020602 -0.1390071616386047
v 0.0019442284383844979 2.089994611267905 -0.13085355198180998
v 0.0025402568728526143 2.0816812629543553 -0.12540548418720723
v 0.0027495542259148163 2.071875 -0.1234923771896672
v 0.0025402568728526143 2.0620687370456445 -0.12540548418720723
v 0.001944228438384498 2.0537553887320947 -0.13085355198180998
v 0.0010522088486470255 2.048200586979398 -0.1390071616386047
v 0.0029964372870315142 2.095549413020602 -0.14047139034320527
v 0.005536694159884118 2.089994611267905 -0.13355909384400194
v 0.00723403953715191 2.0816812629543553 -0.12894044498426993
v 0.007830067971620027 2.071875 -0.12731859118474725
v 0.00723403953715191 2.0620687370456445 -0.12894044498426993
v 0.00553669415988412 2.0537553887320947 -0.13355909384400194
v 0.002996437287031515 2.048200586979398 -0.14047139034320527
v 0.004484485311237104 2.095549413020602 -0.14317693220539723
v 0.008286248385798927 2.089994611267905 -0.13855828334566522
v 0.010826505258651533 2.0816812629543553 -0.135472200841542
v 0.011718524848389006 2.071875 -0.13438851277887268
v 0.010826505258651533 2.0620687370456445 -0.135472200841542
v 0.008286248385798929 2.0537553887320947 -0.13855828334566522
v 0.0044844853112371045 2.048200586979398 -0.14317693220539723
v 0.0052898110987674215 2.095549413020602 -0.14671189300245996
v 0.009774296410004515 2.089994611267905 -0.14509003920293728
v 0.012770733697036022 2.0816812629543553 -0.14400635114026797
v 0.013822942545683036 2.071875 -0.1436258104983367
v 0.012770733697036022 2.0620687370456445 -0.14400635114026797
v 0.009774296410004516 2.0537553887320947 -0.14509003920293728
v 0.005289811098767423 2.048200586979398 -0.14671189300245996
v 0.0052898110987674215 2.095549413020602 -0.15053810699754
v 0.009774296410004515 2.089994611267905 -0.15215996079706268
v 0.012770733697036022 2.0816812629543553 -0.153243648859732
v 0.013822942545683036 2.071875 -0.15362418950166326
v 0.012770733697036022 2.0620687370456445 -0.153243648859732
v 0.009774296410004516 2.0537553887320947 -0.15215996079706268
v 0.005289811098767423 2.048200586979398 -0.15053810699754
v 0.0044844853112371045 2.095549413020602 -0.15407306779460272
v 0.008286248385798929 2.089994611267905 -0.1586917166543347
v 0.010826505258651536 2.0816812629543553 -0.16177779915845797
v 0.01171852484838901 2.071875 -0.16286148722112728
v 0.010826505258651536 2.0620687370456445 -0.16177779915845797
v 0.00828624838579893 2.0537553887320947 -0.15869171665433474
v 0.004484485311237106 2.048200586979398 -0.15407306779460272
v 0.0029964372870315142 2.095549413020602 -0.1567786096567947
v 0.005536694159884118 2.089994611267905 -0.16369090615599802
v 0.00723403953715191 2.0816812629543553 -0.16830955501573003
v 0.007830067971620027 2.071875 -0.1699314088152527
v 0.00723403953715191 2.0620687370456445 -0.16830955501573003
v 0.00553669415988412 2.0537553887320947 -0.16369090615599802
v 0.002996437287031515 2.048200586979398 -0.1567786096567947
v 0.001052208848647027 2.095549413020602 -0.15824283836139527
v 0.0019442284383845013 2.089994611267905 -0.16639644801818998
v 0.002540256872852619 2.0816812629543553 -0.17184451581279273
v 0.002749554225914822 2.071875 -0.17375762281033275
v 0.002540256872852619 2.0620687370456445 -0.17184451581279273
v 0.0019442284383845015 2.0537553887320947 -0.16639644801818998
v 0.0010522088486470274 2.048200586979398 -0.15824283836139527
v -0.0010522088486470075 2.095549413020602 -0.15824283836139527
v -0.0019442284383844807 2.089994611267905 -0.16639644801818998
v -0.0025402568728525973 2.0816812629543553 -0.17184451581279273
v -0.0027495542259148003 2.071875 -0.17375762281033275
v -0.0025402568728525973 2.0620687370456445 -0.17184451581279273
v -0.001944228438384481 2.0537553887320947 -0.16639644801818998
v -0.001052208848647008 2.048200586979398 -0.15824283836139527
v -0.0029964372870314947 2.095549413020602 -0.1567786096567947
v -0.005536694159884098 2.089994611267905 -0.16369090615599802
v -0.007234039537151891 2.0816812629543553 -0.16830955501573003
v -0.007830067971620006 2.071875 -0.1699314088152527
v -0.007234039537151891 2.0620687370456445 -0.16830955501573003
v -0.0055366941598841 2.0537553887320947 -0.16369090615599802
v -0.0029964372870314956 2.048200586979398 -0.1567786096567947
v -0.004484485311237086 2.095549413020602 -0.15407306779460272
v -0.00828624838579891 2.089994611267905 -0.15869171665433474
v -0.010826505258651515 2.0816812629543553 -0.16177779915845797
v -0.011718524848388989 2.071875 -0.16286148722112728
v -0.010826505258651515 2.0620687370456445 -0.16177779915845797
v -0.008286248385798911 2.0537553887320947 -0.15869171665433474
v -0.004484485311237087 2.048200586979398 -0.15407306779460272
v -0.005289811098767403 2.095549413020602 -0.15053810699754
v -0.009774296410004496 2.089994611267905 -0.1521599607970627
v -0.012770733697036003 2.0816812629543553 -0.153243648859732
v -0.013822942545683019 2.071875 -0.1536241895016633
v -0.012770733697036003 2.0620687370456445 -0.153243648859732
v -0.009774296410004497 2.0537553887320947 -0.1521599607970627
v -0.005289811098767405 2.048200586979398 -0.15053810699754
v -0.005289811098767404 2.095549413020602 -0.14671189300245996
v -0.009774296410004497 2.089994611267905 -0.14509003920293728
v -0.012770733697036005 2.0816812629543553 -0.14400635114026797
v -0.013822942545683019 2.071875 -0.1436258104983367
v -0.012770733697036005 2.0620687370456445 -0.14400635114026797
v -0.009774296410004499 2.0537553887320947 -0.14509003920293728
v -0.005289811098767406 2.048200586979398 -0.14671189300245996
v -0.004484485311237087 2.095549413020602 -0.14317693220539723
v -0.008286248385798911 2.089994611267905 -0.13855828334566525
v -0.010826505258651519 2.0816812629543553 -0.135472200841542
v -0.011718524848388992 2.071875 -0.13438851277887268
v -0.010826505258651519 2.0620687370456445 -0.135472200841542
v -0.008286248385798913 2.0537553887320947 -0.13855828334566525
v -0.004484485311237089 2.048200586979398 -0.14317693220539723
v -0.002996437287031496 2.095549413020602 -0.14047139034320527
v -0.005536694159884101 2.089994611267905 -0.13355909384400194
v -0.007234039537151893 2.0816812629543553 -0.12894044498426993
v -0.00783006797162001 2.071875 -0.12731859118474725
v -0.007234039537151893 2.0620687370456445 -0.12894044498426993
v -0.0055366941598841025 2.0537553887320947 -0.13355909384400194
v -0.002996437287031497 2.048200586979398 -0.14047139034320527
v -0.0010522088486470094 2.095549413020602 -0.1390071616386047
v -0.0019442284383844842 2.089994611267905 -0.13085355198180998
v -0.002540256872852602 2.0816812629543553 -0.12540548418720723
v -0.002749554225914805 2.071875 -0.1234923771896672
v -0.002540256872852602 2.0620687370456445 -0.12540548418720723
v -0.0019442284383844846 2.0537553887320947 -0.13085355198180998
v -0.0010522088486470099 2.048200586979398 -0.1390071616386047
vt 0.5 0.5
vt 0.5 0.5
vt 0.5 0.5
vt 0.5 0.5
vt 0.5 0.5
vt 0.5 0.5
vt 0.5 0.5
vt 0.5 0.5
vt 0.5 0.5
vt 0.5 0.5
vt 0.5 0.5
vt 0.5 0.5
vt 0.5 0.5
vt 0.5 0.5
vt 0.5 0.5
vt 0.5 0.5
vt 0.5 0.5
vt 0.5 0.5
vt 0.5 0.5
vt 0.5 0.5
vt 0.5 0.5
vt 0.5 0.5
vt 0.5 0.5
vt 0.5 0.5
vt 0.5 0.5
vt 0.5 0.5
vt 0.5 0.5
vt 0.5 0.5
vt 0.5 0.5
vt 0.5 0.5
vt 0.5 0.5
vt 0.5 0.5
vt 0.5 0.5
vt 0.5 0.5
vt 0.5 0.5
vt 0.5 0.5
vt 0.5 0.5
vt 0.5 0.5
vt 0.5 0.5
vt 0.5 0.5
vt 0.5 0.5
vt 0.5 0.5
vt 0.5 0.5
vt 0.5 0.5
vt 0.5 0.5
vt 0.5 0.5
vt 0.5 0.5
vt 0.5 0.5
vt 0.5 0.5
vt 0.5 0.5
vt 0.5 0.5
vt 0.5 0.5
vt 0.5 0.5
vt 0.5 0.5
vt 0.5 0.5
vt 0.5 0.5
vt 0.5 0.5
vt 0.5 0.5
vt 0.5 0.5
vt 0.5 0.5
vt 0.5 0.5
vt 0.5 0.5
vt 0.5 0.5
vt 0.5 0.5
vt 0.5 0.5
vt 0.5 0.5
vt 0.5 0.5
vt 0.5 0.5
vt 0.5 0.5
vt 0.5 0.5
vt 0.5 0.5
vt 0.5 0.5
vt 0.5 0.5
vt 0.5 0.5
vt 0.5 0.5
vt 0.5 0.5
vt 0.5 0.5
vt 0.5 0.5
vt 0.5 0.5
vt 0.5 0.5
vt 0.5 0.5
vt 0.5 0.5
vt 0.5 0.5
vt 0.5 0.5
vt 0.5 0.5
vt 0.5 0.5
vt 0.5 0.5
vt 0.5 0.5
vt 0.5 0.5
vt 0.5 0.5
vt 0.5 0.5
vt 0.5 0.5
vt 0.5 0.5
vt 0.5 0.5
vt 0.5 0.5
vt 0.5 0.5
vt 0.5 0.5
vt 0.5 0.5
vt 0.5 0.5
vt 0.5 0.5
vt 0.5 0.5
vt 0.5 0.5
vt 0.5 0.5
vt 0.5 0.5
vt 0.5 0.5
vt 0.5 0.5
vt 0.5 0.5
vt 0.5 0.5
vt 0.5 0.5
vt 0.5 0.5
vt 0.5 0.5
vt 0.5 0.5
vt 0.5 0.5
vt 0.5 0.5
vt 0.5 0.5
vt 0.5 0.5
vt 0.5 0.5
vt 0.5 0.5
vt 0.5 0.5
vt 0.5 0.5
vt 0.5 0.5
vt 0.5 0.5
vt 0.5 0.5
vt 0.5 0.5
vt 0.5 0.5
vt 0.5 0.5
vt 0.5 0.5
vt 0.5 0.5
vt 0.5 0.5
vt 0.5 0.5
vt 0.5 0.5
vt 0.5 0.5
vt 0.5 0.5
vt 0.5 0.5
vt 0.5 0.5
vt 0.5 0.5
vt 0.5 0.5
vt 0.5 0.5
vt 0.5 0.5
vt 0.5 0.5
vt 0.5 0.5
vt 0.5 0.5
vt 0.5 0.5
vt 0.5 0.5
vt 0.5 0.5
vt 0.5 0.5
vt 0.5 0.5
vt 0.5 0.5
vt 0.5 0.5
vt 0.5 0.5
vt 0.5 0.5
vt 0.5 0.5
vt 0.5 0.5
vt 0.5 0.5
vt 0.5 0.5
vt 0.5 0.5
vt 0.5 0.5
vt 0.5 0.5
vt 0.5 0.5
vt 0.5 0.5
vt 0.5 0.5
vt 0.5 0.5
vt 0.5 0.5
vt 0.5 0.5
vt 0.5 0.5
vt 0.5 0.5
vt 0.5 0.5
vt 0.5 0.5
vt 0.5 0.5
vt 0.5 0.5
vt 0.5 0.5
vt 0.5 0.5
vt 0.5 0.5
vt 0.5 0.5
vt 0.5 0.5
vt 0.5 0.5
vt 0.5 0.5
vt 0.5 0.5
vt 0.5 0.5
vt 0.5 0.5
vt 0.5 0.5
vt 0.5 0.5
vt 0.5 0.5
vt 0.5 0.5
vt 0.5 0.5
vt 0.5 0.5
vt 0.5 0.5
vt 0.5 0.5
vt 0.5 0.5
vt 0.5 0.5
vt 0.5 0.5
vt 0.5 0.5
vt 0.5 0.5
vt 0.5 0.5
vt 0.5 0.5
vt 0.5 0.5
vt 0.5 0.5
vt 0.5 0.5
vt 0.5 0.5
vt 0.5 0.5
vt 0.5 0.5
vt 0.5 0.5
vt 0.5 0.5
vt 0.5 0.5
vt 0.5 0.5
vt 0.5 0.5
vt 0.5 0.5
vt 0.5 0.5
vt 0.5 0.5
vt 0.5 0.5
vt 0.5 0.5
vt 0.5 0.5
vt 0.5 0.5
vt 0.5 0.5
vt 0.5 0.5
vt 0.5 0.5
vt 0.5 0.5
vt 0.5 0.5
vt 0.5 0.5
vt 0.5 0.5
vt 0.5 0.5
vt 0.5 0.5
vt 0.5 0.5
vt 0.5 0.5
vt 0.5 0.5
vt 0.5 0.5
vt 0.5 0.5
vt 0.5 0.5
vt 0.5 0.5
vt 0.5 0.5
vt 0.5 0.5
vt 0.5 0.5
vt 0.5 0.5
vt 0.5 0.5
vt 0.5 0.5
vt 0.5 0.5
vt 0.5 0.5
vt 0.5 0.5
vt 0.5 0.5
vt 0.5 0.5
vt 0.5 0.5
vt 0.5 0.5
vt 0.5 0.5
vt 0.5 0.5
vt 0.5 0.5
vt 0.5 0.5
vt 0.5 0.5
vt 0.5 0.5
vt 0.5 0.5
vt 0.5 0.5
vt 0.5 0.5
vt 0.5 0.5
vt 0.5 0.5
vt 0.5 0.5
vt 0.5 0.5
vt 0.5 0.5
vt 0.5 0.5
vt 0.5 0.5
vt 0.5 0.5
vt 0.5 0.5
vt 0.5 0.5
vt 0.5 0.5
vt 0.5 0.5
vt 0.5 0.5
vt 0.5 0.5
vt 0.5 0.5
vt 0.5 0.5
vt 0.5 0.5
vt 0.5 0.5
vt 0.5 0.5
vt 0.5 0.5
vt 0.5 0.5
vt 0.5 0.5
vt 0.5 0.5
vt 0.5 0.5
vt 0.5 0.5
vt 0.5 0.5
vt 0.5 0.5
vt 0.5 0.5
vt 0.5 0.5
vt 0.5 0.5
vt 0.5 0.5
vt 0.5 0.5
vt 0.5 0.5
vt 0.5 0.5
vt 0.5 0.5
vt 0.5 0.5
vt 0.5 0.5
vt 0.5 0.5
vt 0.5 0.5
vt 0.5 0.5
vt 0.5 0.5
vt 0.5 0.5
vt 0.5 0.5
vt 0.5 0.5
vt 0.5 0.5
vt 0.5 0.5
vt 0.5 0.5
vt 0.5 0.5
vt 0.5 0.5
vt 0.5 0.5
vt 0.5 0.5
vt 0.5 0.5
vt 0.5 0.5
vt 0.5 0.5
vt 0.5 0.5
vt 0.5 0.5
vt 0.5 0.5
vt 0.5 0.5
vt 0.5 0.5
vt 0.5 0.5
vt 0.5 0.5
vt 0.5 0.5
vt 0.5 0.5
vt 0.5 0.5
vt 0.5 0.5
vt 0.5 0.5
vt 0.5 0.5
vt 0.5 0.5
vt 0.5 0.5
vt 0.5 0.5
vt 0.5 0.5
vt 0.5 0.5
vt 0.5 0.5
vt 0.5 0.5
vt 0.5 0.5
vt 0.5 0.5
vt 0.5 0.5
vt 0.5 0.5
vt 0.5 0.5
vt 0.5 0.5
vt 0.5 0.5
vt 0.5 0.5
vt 0.5 0.5
vt 0.5 0.5
vt 0.5 0.5
vt 0.5 0.5
vt 0.5 0.5
vt 0.5 0.5
vt 0.5 0.5
vt 0.5 0.5
vt 0.5 0.5
vt 0.5 0.5
vt 0.5 0.5
vt 0.5 0.5
vt 0.5 0.5
vt 0.5 0.5
vt 0.5 0.5
vt 0.5 0.5
vt 0.5 0.5
vt 0.5 0.5
vt 0.5 0.5
vt 0.5 0.5
vt 0.5 0.5
vt 0.5 0.5
vt 0.5 0.5
vt 0.5 0.5
vt 0.5 0.5
vt 0.5 0.5
vt 0.5 0.5
vt 0.5 0.5
vt 0.5 0.5
vt 0.5 0.5
vt 0.5 0.5
vt 0.5 0.5
vt 0.5 0.5
vt 0.5 0.5
vt 0.5 0.5
vt 0.5 0.5
vt 0.5 0.5
vt 0.5 0.5
vt 0.5 0.5
vt 0.5 0.5
vt 0.5 0.5
vt 0.5 0.5
vt 0.5 0.5
vt 0.5 0.5
vt 0.5 0.5
vt 0.5 0.5
vt 0.5 0.5
vt 0.5 0.5
vt 0.5 0.5
vt 0.5 0.5
vt 0.5 0.5
vt 0.5 0.5
vt 0.5 0.5
vt 0.5 0.5
vt 0.5 0.5
vt 0.5 0.5
vt 0.5 0.5
vt 0.5 0.5
vt 0.5 0.5
vt 0.5 0.5
vt 0.5 0.5
vt 0.5 0.5
vt 0.5 0.5
vt 0.5 0.5
vt 0.5 0.5
vt 0.5 0.5
vt 0.5 0.5
vt 0.5 0.5
vt 0.5 0.5
vt 0.5 0.5
vt 0.5 0.5
vt 0.5 0.5
vt 0.5 0.5
vt 0.5 0.5
vt 0.5 0.5
vt 0.5 0.5
vt 0.5 0.5
vt 0.5 0.5
vt 0.5 0.5
vt 0.5 0.5
vt 0.5 0.5
vt 0.5 0.5
vt 0.5 0.5
vt 0.5 0.5
vt 0.5 0.5
vt 0.5 0.5
vt 0.5 0.5
vt 0.5 0.5
vt 0.5 0.5
vt 0.5 0.5
vt 0.5 0.5
vt 0.5 0.5
vt 0.5 0.5
vt 0.5 0.5
vt 0.5 0.5
vt 0.5 0.5
vt 0.5 0.5
vt 0.5 0.5
vt 0.5 0.5
vt 0.5 0.5
vt 0.5 0.5
vt 0.5 0.5
vt 0.5 0.5
vt 0.5 0.5
vt 0.5 0.5
vt 0.5 0.5
vt 0.5 0.5
vt 0.5 0.5
vt 0.5 0.5
vt 0.5 0.5
vt 0.5 0.5
vt 0.5 0.5
vt 0.5 0.5
vt 0.5 0.5
vt 0.5 0.5
vt 0.5 0.5
vt 0.5 0.5
vt 0.5 0.5
vt 0.5 0.5
vt 0.5 0.5
vt 0.5 0.5
vt 0.5 0.5
vt 0.5 0.5
vt 0.5 0.5
vt 0.5 0.5
vt 0.5 0.5
vt 0.5 0.5
vt 0.5 0.5
vt 0.5 0.5
vt 0.5 0.5
vt 0.5 0.5
vt 0.5 0.5
vt 0.5 0.5
vt 0.5 0.5
vt 0.5 0.5
vt 0.5 0.5
vt 0.5 0.5
vt 0.5 0.5
vt 0.5 0.5
vt 0.5 0.5
vt 0.5 0.5
vt 0.5 0.5
vt 0.5 0.5
vt 0.5 0.5
vt 0.5 0.5
vt 0.5 0.5
vt 0.5 0.5
vn 0.13738342129416142 0.9735752157355124 0.18242010541346973
vn 0.37232655220625793 0.7854678074921524 0.49438169658237924
vn 0.5234086833243181 0.4929813370968376 0.694991188069977
vn 0.5932115983006662 0.1663291576578456 0.7876767172859694
vn 0.5932115983006664 -0.16632915765784548 0.7876767172859691
vn 0.5234086833243178 -0.4929813370968375 0.6949911880699772
vn 0.3723265522062582 -0.7854678074921521 0.49438169658237935
vn 0.1373834212941615 -0.9735752157355124 0.18242010541346965
vn 0.2499111210543284 0.9584631563729057 0.13745111657988074
vn 0.6194568112499086 0.7072453038673455 0.34070124618744996
vn 0.8000436562481998 0.4078100267236675 0.44002401093651017
vn 0.8685719546431454 0.1318011547317392 0.47771457505373016
vn 0.8685719546431454 -0.13180115473173915 0.47771457505373016
vn 0.8000436562482 -0.4078100267236671 0.4400240109365101
vn 0.6194568112499087 -0.7072453038673453 0.34070124618744996
vn 0.24991112105432836 -0.9584631563729058 0.13745111657988068
vn 0.3216088413946613 0.9440336526418579 0.07326810913662142
vn 0.7421703013662005 0.6485332808362151 0.16907935242902392
vn 0.9113133898011546 0.3555343947112814 0.20761310109531056
vn 0.9688260774292744 0.1125197838296573 0.2207154954685623
vn 0.9688260774292744 -0.11251978382965729 0.2207154954685625
vn 0.911313389801155 -0.3555343947112811 0.20761310109531025
vn 0.7421703013662007 -0.6485332808362151 0.16907935242902405
vn 0.3216088413946612 -0.9440336526418578 0.07326810913662146
vn 0.3459722726171405 0.9382447370383333 0
vn 0.7780839420413229 0.6281603132460974 0
vn 0.940756359349289 0.33908328231257817 0
vn 0.9942926253310365 0.10668727764975126 0
vn 0.9942926253310366 -0.10668727764975126 0
vn 0.940756359349289 -0.339083282312578 0
vn 0.778083942041323 -0.6281603132460973 0
vn 0.3459722726171403 -0.9382447370383334 0
vn 0.3216088413946613 0.9440336526418578 -0.07326810913662139
vn 0.7421703013662004 0.6485332808362152 -0.16907935242902392
vn 0.9113133898011546 0.3555343947112815 -0.20761310109531025
vn 0.9688260774292744 0.11251978382965706 -0.22071549546856203
vn 0.9688260774292744 -0.11251978382965704 -0.22071549546856223
vn 0.9113133898011547 -0.3555343947112814 -0.20761310109531012
vn 0.7421703013662007 -0.648533280836215 -0.1690793524290239
vn 0.3216088413946612 -0.9440336526418578 -0.07326810913662136
vn 0.24991112105432858 0.9584631563729056 -0.13745111657988063
vn 0.6194568112499089 0.7072453038673454 -0.3407012461874497
vn 0.8000436562481998 0.40781002672366756 -0.44002401093650995
vn 0.8685719546431456 0.131801154731739 -0.47771457505373005
vn 0.8685719546431455 -0.13180115473173895 -0.47771457505373
vn 0.8000436562482 -0.40781002672366734 -0.44002401093650995
vn 0.6194568112499088 -0.7072453038673453 -0.34070124618744996
vn 0.24991112105432844 -0.9584631563729056 -0.13745111657988063
vn 0.1373834212941614 0.9735752157355124 -0.18242010541346973
vn 0.37232655220625777 0.7854678074921525 -0.49438169658237935
vn 0.5234086833243181 0.49298133709683756 -0.6949911880699771
vn 0.5932115983006664 0.16632915765784556 -0.787676717285969
vn 0.5932115983006666 -0.16632915765784556 -0.7876767172859691
vn 0.523408683324318 -0.4929813370968375 -0.694991188069977
vn 0.3723265522062581 -0.7854678074921523 -0.49438169658237935
vn 0.13738342129416148 -0.9735752157355124 -0.18242010541346965
vn 0 0.9800476330240645 -0.19876276563765305
vn 0 0.8264385215476815 -0.563026971025441
vn 0 0.5481241919387719 -0.8363969573183947
vn 0 0.1914804539553227 -0.9814964267653061
vn 0 -0.1914804539553226 -0.981496426765306
vn 0 -0.5481241919387717 -0.8363969573183947
vn 0 -0.8264385215476812 -0.5630269710254411
vn 0 -0.9800476330240647 -0.19876276563765305
vn -0.13738342129416142 0.9735752157355124 -0.18242010541346976
vn -0.3723265522062579 0.7854678074921524 -0.49438169658237935
vn -0.5234086833243176 0.49298133709683767 -0.6949911880699772
vn -0.5932115983006662 0.1663291576578456 -0.7876767172859693
vn -0.5932115983006659 -0.16632915765784556 -0.7876767172859694
vn -0.5234086833243177 -0.4929813370968375 -0.6949911880699772
vn -0.3723265522062577 -0.7854678074921524 -0.49438169658237957
vn -0.13738342129416134 -0.9735752157355124 -0.18242010541346967
vn -0.24991112105432847 0.9584631563729056 -0.13745111657988074
vn -0.6194568112499086 0.7072453038673454 -0.34070124618745
vn -0.8000436562482001 0.4078100267236677 -0.4400240109365099
vn -0.8685719546431454 0.13180115473173884 -0.4777145750537301
vn -0.8685719546431457 -0.13180115473173884 -0.4777145750537299
vn -0.8000436562482001 -0.40781002672366756 -0.4400240109365101
vn -0.6194568112499089 -0.7072453038673452 -0.3407012461874499
vn -0.24991112105432847 -0.9584631563729056 -0.13745111657988066
vn -0.32160884139466134 0.9440336526418579 -0.07326810913662145
vn -0.7421703013662004 0.6485332808362152 -0.16907935242902392
vn -0.9113133898011547 0.3555343947112814 -0.20761310109531067
vn -0.9688260774292743 0.11251978382965727 -0.22071549546856253
vn -0.9688260774292744 -0.11251978382965729 -0.22071549546856264
vn -0.9113133898011547 -0.3555343947112812 -0.20761310109531028
vn -0.7421703013662007 -0.648533280836215 -0.16907935242902408
vn -0.32160884139466117 -0.9440336526418578 -0.07326810913662146
vn -0.3459722726171405 0.9382447370383332 -7.84282092059834e-17
vn -0.7780839420413229 0.6281603132460974 -2.0138394340411177e-16
vn -0.9407563593492889 0.3390832823125781 -2.0753270355488045e-16
vn -0.9942926253310365 0.10668727764975144 0
vn -0.9942926253310366 -0.10668727764975143 -1.859499395790683e-16
vn -0.940756359349289 -0.3390832823125781 -2.7115454446547485e-16
vn -0.778083942041323 -0.6281603132460973 -2.4807267131662677e-16
vn -0.34597227261714036 -0.9382447370383332 -7.842820920598335e-17
vn -0.3216088413946613 0.9440336526418579 0.07326810913662145
vn -0.7421703013662004 0.6485332808362152 0.16907935242902394
vn -0.9113133898011546 0.3555343947112815 0.2076131010953104
vn -0.9688260774292745 0.11251978382965706 0.22071549546856223
vn -0.9688260774292745 -0.11251978382965708 0.22071549546856242
vn -0.9113133898011548 -0.35553439471128145 0.2076131010953103
vn -0.7421703013662008 -0.648533280836215 0.16907935242902394
vn -0.32160884139466117 -0.9440336526418578 0.07326810913662138
vn -0.24991112105432856 0.9584631563729056 0.13745111657988066
vn -0.6194568112499088 0.7072453038673454 0.3407012461874498
vn -0.8000436562482001 0.4078100267236675 0.44002401093651006
vn -0.8685719546431456 0.13180115473173898 0.4777145750537298
vn -0.8685719546431455 -0.13180115473173895 0.47771457505373
vn -0.8000436562482002 -0.40781002672366723 0.4400240109365097
vn -0.6194568112499088 -0.7072453038673452 0.34070124618745007
vn -0.24991112105432844 -0.9584631563729056 0.13745111657988066
vn -0.13738342129416145 0.9735752157355124 0.18242010541346973
vn -0.3723265522062581 0.7854678074921525 0.49438169658237935
vn -0.5234086833243181 0.49298133709683745 0.6949911880699768
vn -0.5932115983006665 0.16632915765784584 0.7876767172859691
vn -0.5932115983006665 -0.1663291576578458 0.7876767172859689
vn -0.5234086833243178 -0.49298133709683734 0.6949911880699773
vn -0.3723265522062582 -0.7854678074921524 0.49438169658237935
vn -0.1373834212941615 -0.9735752157355124 0.18242010541346965
vn -1.6384505611460693e-16 0.9800476330240645 0.19876276563765305
vn -5.299011890460911e-16 0.8264385215476815 0.563026971025441
vn -5.367587321254049e-16 0.5481241919387719 0.8363969573183946
vn 0 0.191480453955323 0.981496426765306
vn -6.674793776340735e-16 -0.19148045395532293 0.9814964267653059
vn -7.01309080469054e-16 -0.5481241919387718 0.8363969573183948
vn -3.2637657520871826e-16 -0.8264385215476813 0.5630269710254413
vn -1.6384505611460688e-16 -0.9800476330240647 0.19876276563765308
usemtl m_3be25f79-071f-aaae-ced0-88ed625c361a
f 907/3953/1145 914/3954/1145 906/3955/1145
f 907/3956/1146 908/3957/1146 915/3958/1146 914/3959/1146
f 908/3960/1147 909/3961/1147 916/3962/1147 915/3963/1147
f 909/3964/1148 910/3965/1148 917/3966/1148 916/3967/1148
f 910/3968/1149 911/3969/1149 918/3970/1149 917/3971/1149
f 911/3972/1150 912/3973/1150 919/3974/1150 918/3975/1150
f 912/3976/1151 913/3977/1151 920/3978/1151 919/3979/1151
f 920/3980/1152 913/3981/1152 905/3982/1152
f 914/3983/1153 921/3984/1153 906/3985/1153
f 914/3986/1154 915/3987/1154 922/3988/1154 921/3989/1154
f 915/3990/1155 916/3991/1155 923/3992/1155 922/3993/1155
f 916/3994/1156 917/3995/1156 924/3996/1156 923/3997/1156
f 917/3998/1157 918/3999/1157 925/4000/1157 924/4001/1157
f 918/4002/1158 919/4003/1158 926/4004/1158 925/4005/1158
f 919/4006/1159 920/4007/1159 927/4008/1159 926/4009/1159
f 927/4010/1160 920/4011/1160 905/4012/1160
f 921/4013/1161 928/4014/1161 906/4015/1161
f 921/4016/1162 922/4017/1162 929/4018/1162 928/4019/1162
f 922/4020/1163 923/4021/1163 930/4022/1163 929/4023/1163
f 923/4024/1164 924/4025/1164 931/4026/1164 930/4027/1164
f 924/4028/1165 925/4029/1165 932/4030/1165 931/4031/1165
f 925/4032/1166 926/4033/1166 933/4034/1166 932/4035/1166
f 926/4036/1167 927/4037/1167 934/4038/1167 933/4039/1167
f 934/4040/1168 927/4041/1168 905/4042/1168
f 928/4043/1169 935/4044/1169 906/4045/1169
f 928/4046/1170 929/4047/1170 936/4048/1170 935/4049/1170
f 929/4050/1171 930/4051/1171 937/4052/1171 936/4053/1171
f 930/4054/1172 931/4055/1172 938/4056/1172 937/4057/1172
f 931/4058/1173 932/4059/1173 939/4060/1173 938/4061/1173
f 932/4062/1174 933/4063/1174 940/4064/1174 939/4065/1174
f 933/4066/1175 934/4067/1175 941/4068/1175 940/4069/1175
f 941/4070/1176 934/4071/1176 905/4072/1176
f 935/4073/1177 942/4074/1177 906/4075/1177
f 935/4076/1178 936/4077/1178 943/4078/1178 942/4079/1178
f 936/4080/1179 937/4081/1179 944/4082/1179 943/4083/1179
f 937/4084/1180 938/4085/1180 945/4086/1180 944/4087/1180
f 938/4088/1181 939/4089/1181 946/4090/1181 945/4091/1181
f 939/4092/1182 940/4093/1182 947/4094/1182 946/4095/1182
f 940/4096/1183 941/4097/1183 948/4098/1183 947/4099/1183
f 948/4100/1184 941/4101/1184 905/4102/1184
f 942/4103/1185 949/4104/1185 906/4105/1185
f 942/4106/1186 943/4107/1186 950/4108/1186 949/4109/1186
f 943/4110/1187 944/4111/1187 951/4112/1187 950/4113/1187
f 944/4114/1188 945/4115/1188 952/4116/1188 951/4117/1188
f 945/4118/1189 946/4119/1189 953/4120/1189 952/4121/1189
f 946/4122/1190 947/4123/1190 954/4124/1190 953/4125/1190
f 947/4126/1191 948/4127/1191 955/4128/1191 954/4129/1191
f 955/4130/1192 948/4131/1192 905/4132/1192
f 949/4133/1193 956/4134/1193 906/4135/1193
f 949/4136/1194 950/4137/1194 957/4138/1194 956/4139/1194
f 950/4140/1195 951/4141/1195 958/4142/1195 957/4143/1195
f 951/4144/1196 952/4145/1196 959/4146/1196 958/4147/1196
f 952/4148/1197 953/4149/1197 960/4150/1197 959/4151/1197
f 953/4152/1198 954/4153/1198 961/4154/1198 960/4155/1198
f 954/4156/1199 955/4157/1199 962/4158/1199 961/4159/1199
f 962/4160/1200 955/4161/1200 905/4162/1200
f 956/4163/1201 963/4164/1201 906/4165/1201
f 956/4166/1202 957/4167/1202 964/4168/1202 963/4169/1202
f 957/4170/1203 958/4171/1203 965/4172/1203 964/4173/1203
f 958/4174/1204 959/4175/1204 966/4176/1204 965/4177/1204
f 959/4178/1205 960/4179/1205 967/4180/1205 966/4181/1205
f 960/4182/1206 961/4183/1206 968/4184/1206 967/4185/1206
f 961/4186/1207 962/4187/1207 969/4188/1207 968/4189/1207
f 969/4190/1208 962/4191/1208 905/4192/1208
f 963/4193/1209 970/4194/1209 906/4195/1209
f 963/4196/1210 964/4197/1210 971/4198/1210 970/4199/1210
f 964/4200/1211 965/4201/1211 972/4202/1211 971/4203/1211
f 965/4204/1212 966/4205/1212 973/4206/1212 972/4207/1212
f 966/4208/1213 967/4209/1213 974/4210/1213 973/4211/1213
f 967/4212/1214 968/4213/1214 975/4214/1214 974/4215/1214
f 968/4216/1215 969/4217/1215 976/4218/1215 975/4219/1215
f 976/4220/1216 969/4221/1216 905/4222/1216
f 970/4223/1217 977/4224/1217 906/4225/1217
f 970/4226/1218 971/4227/1218 978/4228/1218 977/4229/1218
f 971/4230/1219 972/4231/1219 979/4232/1219 978/4233/1219
f 972/4234/1220 973/4235/1220 980/4236/1220 979/4237/1220
f 973/4238/1221 974/4239/1221 981/4240/1221 980/4241/1221
f 974/4242/1222 975/4243/1222 982/4244/1222 981/4245/1222
f 975/4246/1223 976/4247/1223 983/4248/1223 982/4249/1223
f 983/4250/1224 976/4251/1224 905/4252/1224
f 977/4253/1225 984/4254/1225 906/4255/1225
f 977/4256/1226 978/4257/1226 985/4258/1226 984/4259/1226
f 978/4260/1227 979/4261/1227 986/4262/1227 985/4263/1227
f 979/4264/1228 980/4265/1228 987/4266/1228 986/4267/1228
f 980/4268/1229 981/4269/1229 988/4270/1229 987/4271/1229
f 981/4272/1230 982/4273/1230 989/4274/1230 988/4275/1230
f 982/4276/1231 983/4277/1231 990/4278/1231 989/4279/1231
f 990/4280/1232 983/4281/1232 905/4282/1232
f 984/4283/1233 991/4284/1233 906/4285/1233
f 984/4286/1234 985/4287/1234 992/4288/1234 991/4289/1234
f 985/4290/1235 986/4291/1235 993/4292/1235 992/4293/1235
f 986/4294/1236 987/4295/1236 994/4296/1236 993/4297/1236
f 987/4298/1237 988/4299/1237 995/4300/1237 994/4301/1237
f 988/4302/1238 989/4303/1238 996/4304/1238 995/4305/1238
f 989/4306/1239 990/4307/1239 997/4308/1239 996/4309/1239
f 997/4310/1240 990/4311/1240 905/4312/1240
f 991/4313/1241 998/4314/1241 906/4315/1241
f 991/4316/1242 992/4317/1242 999/4318/1242 998/4319/1242
f 992/4320/1243 993/4321/1243 1000/4322/1243 999/4323/1243
f 993/4324/1244 994/4325/1244 1001/4326/1244 1000/4327/1244
f 994/4328/1245 995/4329/1245 1002/4330/1245 1001/4331/1245
f 995/4332/1246 996/4333/1246 1003/4334/1246 1002/4335/1246
f 996/4336/1247 997/4337/1247 1004/4338/1247 1003/4339/1247
f 1004/4340/1248 997/4341/1248 905/4342/1248
f 998/4343/1249 1005/4344/1249 906/4345/1249
f 998/4346/1250 999/4347/1250 1006/4348/1250 1005/4349/1250
f 999/4350/1251 1000/4351/1251 1007/4352/1251 1006/4353/1251
f 1000/4354/1252 1001/4355/1252 1008/4356/1252 1007/4357/1252
f 1001/4358/1253 1002/4359/1253 1009/4360/1253 1008/4361/1253
f 1002/4362/1254 1003/4363/1254 1010/4364/1254 1009/4365/1254
f 1003/4366/1255 1004/4367/1255 1011/4368/1255 1010/4369/1255
f 1011/4370/1256 1004/4371/1256 905/4372/1256
f 1005/4373/1257 1012/4374/1257 906/4375/1257
f 1005/4376/1258 1006/4377/1258 1013/4378/1258 1012/4379/1258
f 1006/4380/1259 1007/4381/1259 1014/4382/1259 1013/4383/1259
f 1007/4384/1260 1008/4385/1260 1015/4386/1260 1014/4387/1260
f 1008/4388/1261 1009/4389/1261 1016/4390/1261 1015/4391/1261
f 1009/4392/1262 1010/4393/1262 1017/4394/1262 1016/4395/1262
f 1010/4396/1263 1011/4397/1263 1018/4398/1263 1017/4399/1263
f 1018/4400/1264 1011/4401/1264 905/4402/1264
f 1012/4403/1265 907/4404/1265 906/4405/1265
f 1012/4406/1266 1013/4407/1266 908/4408/1266 907/4409/1266
f 1013/4410/1267 1014/4411/1267 909/4412/1267 908/4413/1267
f 1014/4414/1268 1015/4415/1268 910/4416/1268 909/4417/1268
f 1015/4418/1269 1016/4419/1269 911/4420/1269 910/4421/1269
f 1016/4422/1270 1017/4423/1270 912/4424/1270 911/4425/1270
f 1017/4426/1271 1018/4427/1271 913/4428/1271 912/4429/1271
f 913/4430/1272 1018/4431/1272 905/4432/1272
o guard_back_rivet_high
v 8.002301428178485e-18 2.286875 -0.13068749999999998
v 8.002301428178485e-18 2.338125 -0.13068749999999998
v 0.001052208848647024 2.336174413020602 -0.12106966163860469
v 0.0019442284383844968 2.330619611267905 -0.11291605198180997
v 0.002540256872852613 2.3223062629543554 -0.10746798418720724
v 0.002749554225914815 2.3125 -0.1055548771896672
v 0.002540256872852613 2.3026937370456446 -0.10746798418720724
v 0.001944228438384497 2.294380388732095 -0.11291605198180997
v 0.0010522088486470244 2.288825586979398 -0.12106966163860469
v 0.002996437287031513 2.336174413020602 -0.12253389034320526
v 0.005536694159884117 2.330619611267905 -0.11562159384400195
v 0.007234039537151909 2.3223062629543554 -0.11100294498426994
v 0.007830067971620027 2.3125 -0.10938109118474726
v 0.007234039537151909 2.3026937370456446 -0.11100294498426994
v 0.005536694159884119 2.294380388732095 -0.11562159384400195
v 0.002996437287031514 2.288825586979398 -0.12253389034320526
v 0.004484485311237103 2.336174413020602 -0.12523943220539724
v 0.008286248385798927 2.330619611267905 -0.12062078334566524
v 0.010826505258651533 2.3223062629543554 -0.11753470084154198
v 0.011718524848389006 2.3125 -0.11645101277887268
v 0.010826505258651533 2.3026937370456446 -0.11753470084154198
v 0.008286248385798929 2.294380388732095 -0.12062078334566524
v 0.004484485311237104 2.288825586979398 -0.12523943220539724
v 0.005289811098767421 2.336174413020602 -0.12877439300245996
v 0.009774296410004515 2.330619611267905 -0.1271525392029373
v 0.012770733697036022 2.3223062629543554 -0.12606885114026797
v 0.013822942545683036 2.3125 -0.1256883104983367
v 0.012770733697036022 2.3026937370456446 -0.12606885114026797
v 0.009774296410004516 2.294380388732095 -0.1271525392029373
v 0.005289811098767422 2.288825586979398 -0.12877439300245996
v 0.005289811098767421 2.336174413020602 -0.13260060699754
v 0.009774296410004515 2.330619611267905 -0.13422246079706268
v 0.012770733697036022 2.3223062629543554 -0.135306148859732
v 0.013822942545683036 2.3125 -0.13568668950166327
v 0.012770733697036022 2.3026937370456446 -0.135306148859732
v 0.009774296410004516 2.294380388732095 -0.13422246079706268
v 0.005289811098767422 2.288825586979398 -0.13260060699754
v 0.004484485311237104 2.336174413020602 -0.13613556779460273
v 0.008286248385798929 2.330619611267905 -0.1407542166543347
v 0.010826505258651536 2.3223062629543554 -0.14384029915845797
v 0.01171852484838901 2.3125 -0.1449239872211273
v 0.010826505258651536 2.3026937370456446 -0.14384029915845797
v 0.00828624838579893 2.294380388732095 -0.14075421665433474
v 0.004484485311237105 2.288825586979398 -0.13613556779460273
v 0.002996437287031513 2.336174413020602 -0.1388411096567947
v 0.005536694159884117 2.330619611267905 -0.14575340615599802
v 0.007234039537151909 2.3223062629543554 -0.15037205501573003
v 0.007830067971620027 2.3125 -0.1519939088152527
v 0.007234039537151909 2.3026937370456446 -0.15037205501573003
v 0.005536694159884119 2.294380388732095 -0.14575340615599802
v 0.002996437287031514 2.288825586979398 -0.1388411096567947
v 0.001052208848647026 2.336174413020602 -0.14030533836139528
v 0.0019442284383845002 2.330619611267905 -0.14845894801818998
v 0.0025402568728526177 2.3223062629543554 -0.15390701581279273
v 0.0027495542259148207 2.3125 -0.15582012281033275
v 0.0025402568728526177 2.3026937370456446 -0.15390701581279273
v 0.0019442284383845005 2.294380388732095 -0.14845894801818998
v 0.0010522088486470264 2.288825586979398 -0.14030533836139528
v -0.0010522088486470086 2.336174413020602 -0.14030533836139528
v -0.0019442284383844818 2.330619611267905 -0.14845894801818998
v -0.0025402568728525986 2.3223062629543554 -0.15390701581279273
v -0.0027495542259148016 2.3125 -0.15582012281033275
v -0.0025402568728525986 2.3026937370456446 -0.15390701581279273
v -0.001944228438384482 2.294380388732095 -0.14845894801818998
v -0.001052208848647009 2.288825586979398 -0.14030533836139528
v -0.002996437287031496 2.336174413020602 -0.1388411096567947
v -0.005536694159884099 2.330619611267905 -0.14575340615599802
v -0.007234039537151892 2.3223062629543554 -0.15037205501573003
v -0.007830067971620006 2.3125 -0.1519939088152527
v -0.007234039537151892 2.3026937370456446 -0.15037205501573003
v -0.005536694159884101 2.294380388732095 -0.14575340615599802
v -0.002996437287031497 2.288825586979398 -0.1388411096567947
v -0.004484485311237087 2.336174413020602 -0.13613556779460273
v -0.00828624838579891 2.330619611267905 -0.14075421665433474
v -0.010826505258651515 2.3223062629543554 -0.14384029915845797
v -0.011718524848388989 2.3125 -0.1449239872211273
v -0.010826505258651515 2.3026937370456446 -0.14384029915845797
v -0.008286248385798911 2.294380388732095 -0.14075421665433474
v -0.004484485311237088 2.288825586979398 -0.13613556779460273
v -0.005289811098767404 2.336174413020602 -0.13260060699754
v -0.009774296410004496 2.330619611267905 -0.1342224607970627
v -0.012770733697036003 2.3223062629543554 -0.135306148859732
v -0.013822942545683019 2.3125 -0.1356866895016633
v -0.012770733697036003 2.3026937370456446 -0.135306148859732
v -0.009774296410004497 2.294380388732095 -0.1342224607970627
v -0.005289811098767406 2.288825586979398 -0.13260060699754
v -0.005289811098767405 2.336174413020602 -0.12877439300245996
v -0.009774296410004497 2.330619611267905 -0.1271525392029373
v -0.012770733697036005 2.3223062629543554 -0.12606885114026797
v -0.013822942545683019 2.3125 -0.1256883104983367
v -0.012770733697036005 2.3026937370456446 -0.12606885114026797
v -0.009774296410004499 2.294380388732095 -0.1271525392029373
v -0.005289811098767407 2.288825586979398 -0.12877439300245996
v -0.004484485311237088 2.336174413020602 -0.12523943220539724
v -0.008286248385798911 2.330619611267905 -0.12062078334566524
v -0.010826505258651519 2.3223062629543554 -0.117534700841542
v -0.011718524848388992 2.3125 -0.11645101277887268
v -0.010826505258651519 2.3026937370456446 -0.117534700841542
v -0.008286248385798913 2.294380388732095 -0.12062078334566524
v -0.00448448531123709 2.288825586979398 -0.12523943220539724
v -0.0029964372870314973 2.336174413020602 -0.12253389034320526
v -0.005536694159884102 2.330619611267905 -0.11562159384400195
v -0.0072340395371518935 2.3223062629543554 -0.11100294498426994
v -0.00783006797162001 2.3125 -0.10938109118474726
v -0.0072340395371518935 2.3026937370456446 -0.11100294498426994
v -0.005536694159884103 2.294380388732095 -0.11562159384400195
v -0.002996437287031498 2.288825586979398 -0.12253389034320526
v -0.0010522088486470105 2.336174413020602 -0.12106966163860469
v -0.0019442284383844853 2.330619611267905 -0.11291605198180998
v -0.0025402568728526034 2.3223062629543554 -0.10746798418720724
v -0.0027495542259148064 2.3125 -0.1055548771896672
v -0.0025402568728526034 2.3026937370456446 -0.10746798418720724
v -0.0019442284383844857 2.294380388732095 -0.11291605198180997
v -0.001052208848647011 2.288825586979398 -0.12106966163860469
vt 0.5 0.5
vt 0.5 0.5
vt 0.5 0.5
vt 0.5 0.5
vt 0.5 0.5
vt 0.5 0.5
vt 0.5 0.5
vt 0.5 0.5
vt 0.5 0.5
vt 0.5 0.5
vt 0.5 0.5
vt 0.5 0.5
vt 0.5 0.5
vt 0.5 0.5
vt 0.5 0.5
vt 0.5 0.5
vt 0.5 0.5
vt 0.5 0.5
vt 0.5 0.5
vt 0.5 0.5
vt 0.5 0.5
vt 0.5 0.5
vt 0.5 0.5
vt 0.5 0.5
vt 0.5 0.5
vt 0.5 0.5
vt 0.5 0.5
vt 0.5 0.5
vt 0.5 0.5
vt 0.5 0.5
vt 0.5 0.5
vt 0.5 0.5
vt 0.5 0.5
vt 0.5 0.5
vt 0.5 0.5
vt 0.5 0.5
vt 0.5 0.5
vt 0.5 0.5
vt 0.5 0.5
vt 0.5 0.5
vt 0.5 0.5
vt 0.5 0.5
vt 0.5 0.5
vt 0.5 0.5
vt 0.5 0.5
vt 0.5 0.5
vt 0.5 0.5
vt 0.5 0.5
vt 0.5 0.5
vt 0.5 0.5
vt 0.5 0.5
vt 0.5 0.5
vt 0.5 0.5
vt 0.5 0.5
vt 0.5 0.5
vt 0.5 0.5
vt 0.5 0.5
vt 0.5 0.5
vt 0.5 0.5
vt 0.5 0.5
vt 0.5 0.5
vt 0.5 0.5
vt 0.5 0.5
vt 0.5 0.5
vt 0.5 0.5
vt 0.5 0.5
vt 0.5 0.5
vt 0.5 0.5
vt 0.5 0.5
vt 0.5 0.5
vt 0.5 0.5
vt 0.5 0.5
vt 0.5 0.5
vt 0.5 0.5
vt 0.5 0.5
vt 0.5 0.5
vt 0.5 0.5
vt 0.5 0.5
vt 0.5 0.5
vt 0.5 0.5
vt 0.5 0.5
vt 0.5 0.5
vt 0.5 0.5
vt 0.5 0.5
vt 0.5 0.5
vt 0.5 0.5
vt 0.5 0.5
vt 0.5 0.5
vt 0.5 0.5
vt 0.5 0.5
vt 0.5 0.5
vt 0.5 0.5
vt 0.5 0.5
vt 0.5 0.5
vt 0.5 0.5
vt 0.5 0.5
vt 0.5 0.5
vt 0.5 0.5
vt 0.5 0.5
vt 0.5 0.5
vt 0.5 0.5
vt 0.5 0.5
vt 0.5 0.5
vt 0.5 0.5
vt 0.5 0.5
vt 0.5 0.5
vt 0.5 0.5
vt 0.5 0.5
vt 0.5 0.5
vt 0.5 0.5
vt 0.5 0.5
vt 0.5 0.5
vt 0.5 0.5
vt 0.5 0.5
vt 0.5 0.5
vt 0.5 0.5
vt 0.5 0.5
vt 0.5 0.5
vt 0.5 0.5
vt 0.5 0.5
vt 0.5 0.5
vt 0.5 0.5
vt 0.5 0.5
vt 0.5 0.5
vt 0.5 0.5
vt 0.5 0.5
vt 0.5 0.5
vt 0.5 0.5
vt 0.5 0.5
vt 0.5 0.5
vt 0.5 0.5
vt 0.5 0.5
vt 0.5 0.5
vt 0.5 0.5
vt 0.5 0.5
vt 0.5 0.5
vt 0.5 0.5
vt 0.5 0.5
vt 0.5 0.5
vt 0.5 0.5
vt 0.5 0.5
vt 0.5 0.5
vt 0.5 0.5
vt 0.5 0.5
vt 0.5 0.5
vt 0.5 0.5
vt 0.5 0.5
vt 0.5 0.5
vt 0.5 0.5
vt 0.5 0.5
vt 0.5 0.5
vt 0.5 0.5
vt 0.5 0.5
vt 0.5 0.5
vt 0.5 0.5
vt 0.5 0.5
vt 0.5 0.5
vt 0.5 0.5
vt 0.5 0.5
vt 0.5 0.5
vt 0.5 0.5
vt 0.5 0.5
vt 0.5 0.5
vt 0.5 0.5
vt 0.5 0.5
vt 0.5 0.5
vt 0.5 0.5
vt 0.5 0.5
vt 0.5 0.5
vt 0.5 0.5
vt 0.5 0.5
vt 0.5 0.5
vt 0.5 0.5
vt 0.5 0.5
vt 0.5 0.5
vt 0.5 0.5
vt 0.5 0.5
vt 0.5 0.5
vt 0.5 0.5
vt 0.5 0.5
vt 0.5 0.5
vt 0.5 0.5
vt 0.5 0.5
vt 0.5 0.5
vt 0.5 0.5
vt 0.5 0.5
vt 0.5 0.5
vt 0.5 0.5
vt 0.5 0.5
vt 0.5 0.5
vt 0.5 0.5
vt 0.5 0.5
vt 0.5 0.5
vt 0.5 0.5
vt 0.5 0.5
vt 0.5 0.5
vt 0.5 0.5
vt 0.5 0.5
vt 0.5 0.5
vt 0.5 0.5
vt 0.5 0.5
vt 0.5 0.5
vt 0.5 0.5
vt 0.5 0.5
vt 0.5 0.5
vt 0.5 0.5
vt 0.5 0.5
vt 0.5 0.5
vt 0.5 0.5
vt 0.5 0.5
vt 0.5 0.5
vt 0.5 0.5
vt 0.5 0.5
vt 0.5 0.5
vt 0.5 0.5
vt 0.5 0.5
vt 0.5 0.5
vt 0.5 0.5
vt 0.5 0.5
vt 0.5 0.5
vt 0.5 0.5
vt 0.5 0.5
vt 0.5 0.5
vt 0.5 0.5
vt 0.5 0.5
vt 0.5 0.5
vt 0.5 0.5
vt 0.5 0.5
vt 0.5 0.5
vt 0.5 0.5
vt 0.5 0.5
vt 0.5 0.5
vt 0.5 0.5
vt 0.5 0.5
vt 0.5 0.5
vt 0.5 0.5
vt 0.5 0.5
vt 0.5 0.5
vt 0.5 0.5
vt 0.5 0.5
vt 0.5 0.5
vt 0.5 0.5
vt 0.5 0.5
vt 0.5 0.5
vt 0.5 0.5
vt 0.5 0.5
vt 0.5 0.5
vt 0.5 0.5
vt 0.5 0.5
vt 0.5 0.5
vt 0.5 0.5
vt 0.5 0.5
vt 0.5 0.5
vt 0.5 0.5
vt 0.5 0.5
vt 0.5 0.5
vt 0.5 0.5
vt 0.5 0.5
vt 0.5 0.5
vt 0.5 0.5
vt 0.5 0.5
vt 0.5 0.5
vt 0.5 0.5
vt 0.5 0.5
vt 0.5 0.5
vt 0.5 0.5
vt 0.5 0.5
vt 0.5 0.5
vt 0.5 0.5
vt 0.5 0.5
vt 0.5 0.5
vt 0.5 0.5
vt 0.5 0.5
vt 0.5 0.5
vt 0.5 0.5
vt 0.5 0.5
vt 0.5 0.5
vt 0.5 0.5
vt 0.5 0.5
vt 0.5 0.5
vt 0.5 0.5
vt 0.5 0.5
vt 0.5 0.5
vt 0.5 0.5
vt 0.5 0.5
vt 0.5 0.5
vt 0.5 0.5
vt 0.5 0.5
vt 0.5 0.5
vt 0.5 0.5
vt 0.5 0.5
vt 0.5 0.5
vt 0.5 0.5
vt 0.5 0.5
vt 0.5 0.5
vt 0.5 0.5
vt 0.5 0.5
vt 0.5 0.5
vt 0.5 0.5
vt 0.5 0.5
vt 0.5 0.5
vt 0.5 0.5
vt 0.5 0.5
vt 0.5 0.5
vt 0.5 0.5
vt 0.5 0.5
vt 0.5 0.5
vt 0.5 0.5
vt 0.5 0.5
vt 0.5 0.5
vt 0.5 0.5
vt 0.5 0.5
vt 0.5 0.5
vt 0.5 0.5
vt 0.5 0.5
vt 0.5 0.5
vt 0.5 0.5
vt 0.5 0.5
vt 0.5 0.5
vt 0.5 0.5
vt 0.5 0.5
vt 0.5 0.5
vt 0.5 0.5
vt 0.5 0.5
vt 0.5 0.5
vt 0.5 0.5
vt 0.5 0.5
vt 0.5 0.5
vt 0.5 0.5
vt 0.5 0.5
vt 0.5 0.5
vt 0.5 0.5
vt 0.5 0.5
vt 0.5 0.5
vt 0.5 0.5
vt 0.5 0.5
vt 0.5 0.5
vt 0.5 0.5
vt 0.5 0.5
vt 0.5 0.5
vt 0.5 0.5
vt 0.5 0.5
vt 0.5 0.5
vt 0.5 0.5
vt 0.5 0.5
vt 0.5 0.5
vt 0.5 0.5
vt 0.5 0.5
vt 0.5 0.5
vt 0.5 0.5
vt 0.5 0.5
vt 0.5 0.5
vt 0.5 0.5
vt 0.5 0.5
vt 0.5 0.5
vt 0.5 0.5
vt 0.5 0.5
vt 0.5 0.5
vt 0.5 0.5
vt 0.5 0.5
vt 0.5 0.5
vt 0.5 0.5
vt 0.5 0.5
vt 0.5 0.5
vt 0.5 0.5
vt 0.5 0.5
vt 0.5 0.5
vt 0.5 0.5
vt 0.5 0.5
vt 0.5 0.5
vt 0.5 0.5
vt 0.5 0.5
vt 0.5 0.5
vt 0.5 0.5
vt 0.5 0.5
vt 0.5 0.5
vt 0.5 0.5
vt 0.5 0.5
vt 0.5 0.5
vt 0.5 0.5
vt 0.5 0.5
vt 0.5 0.5
vt 0.5 0.5
vt 0.5 0.5
vt 0.5 0.5
vt 0.5 0.5
vt 0.5 0.5
vt 0.5 0.5
vt 0.5 0.5
vt 0.5 0.5
vt 0.5 0.5
vt 0.5 0.5
vt 0.5 0.5
vt 0.5 0.5
vt 0.5 0.5
vt 0.5 0.5
vt 0.5 0.5
vt 0.5 0.5
vt 0.5 0.5
vt 0.5 0.5
vt 0.5 0.5
vt 0.5 0.5
vt 0.5 0.5
vt 0.5 0.5
vt 0.5 0.5
vt 0.5 0.5
vt 0.5 0.5
vt 0.5 0.5
vt 0.5 0.5
vt 0.5 0.5
vt 0.5 0.5
vt 0.5 0.5
vt 0.5 0.5
vt 0.5 0.5
vt 0.5 0.5
vt 0.5 0.5
vt 0.5 0.5
vt 0.5 0.5
vt 0.5 0.5
vt 0.5 0.5
vt 0.5 0.5
vt 0.5 0.5
vt 0.5 0.5
vt 0.5 0.5
vt 0.5 0.5
vt 0.5 0.5
vt 0.5 0.5
vt 0.5 0.5
vt 0.5 0.5
vt 0.5 0.5
vt 0.5 0.5
vt 0.5 0.5
vt 0.5 0.5
vt 0.5 0.5
vt 0.5 0.5
vt 0.5 0.5
vt 0.5 0.5
vt 0.5 0.5
vt 0.5 0.5
vt 0.5 0.5
vt 0.5 0.5
vt 0.5 0.5
vt 0.5 0.5
vt 0.5 0.5
vt 0.5 0.5
vt 0.5 0.5
vt 0.5 0.5
vt 0.5 0.5
vt 0.5 0.5
vt 0.5 0.5
vt 0.5 0.5
vt 0.5 0.5
vt 0.5 0.5
vt 0.5 0.5
vt 0.5 0.5
vt 0.5 0.5
vt 0.5 0.5
vt 0.5 0.5
vt 0.5 0.5
vt 0.5 0.5
vt 0.5 0.5
vt 0.5 0.5
vt 0.5 0.5
vt 0.5 0.5
vt 0.5 0.5
vt 0.5 0.5
vt 0.5 0.5
vt 0.5 0.5
vt 0.5 0.5
vt 0.5 0.5
vt 0.5 0.5
vt 0.5 0.5
vt 0.5 0.5
vt 0.5 0.5
vt 0.5 0.5
vt 0.5 0.5
vt 0.5 0.5
vt 0.5 0.5
vt 0.5 0.5
vt 0.5 0.5
vn 0.13738342129416142 0.9735752157355124 0.18242010541346973
vn 0.37232655220625793 0.7854678074921524 0.49438169658237924
vn 0.5234086833243181 0.4929813370968376 0.694991188069977
vn 0.5932115983006662 0.1663291576578456 0.7876767172859694
vn 0.5932115983006664 -0.16632915765784548 0.7876767172859691
vn 0.5234086833243178 -0.4929813370968375 0.6949911880699772
vn 0.3723265522062582 -0.7854678074921521 0.49438169658237935
vn 0.1373834212941615 -0.9735752157355124 0.18242010541346965
vn 0.2499111210543284 0.9584631563729057 0.13745111657988074
vn 0.6194568112499086 0.7072453038673455 0.34070124618744996
vn 0.8000436562481998 0.4078100267236675 0.44002401093651017
vn 0.8685719546431454 0.1318011547317392 0.47771457505373016
vn 0.8685719546431454 -0.13180115473173915 0.47771457505373016
vn 0.8000436562482 -0.4078100267236671 0.4400240109365101
vn 0.6194568112499087 -0.7072453038673453 0.34070124618744996
vn 0.24991112105432836 -0.9584631563729058 0.13745111657988068
vn 0.3216088413946613 0.9440336526418579 0.07326810913662142
vn 0.7421703013662005 0.6485332808362151 0.16907935242902392
vn 0.9113133898011546 0.3555343947112814 0.20761310109531056
vn 0.9688260774292744 0.1125197838296573 0.2207154954685623
vn 0.9688260774292744 -0.11251978382965729 0.2207154954685625
vn 0.911313389801155 -0.3555343947112811 0.20761310109531025
vn 0.7421703013662007 -0.6485332808362151 0.16907935242902405
vn 0.3216088413946612 -0.9440336526418578 0.07326810913662146
vn 0.3459722726171405 0.9382447370383333 0
vn 0.7780839420413229 0.6281603132460974 0
vn 0.940756359349289 0.33908328231257817 0
vn 0.9942926253310365 0.10668727764975126 0
vn 0.9942926253310366 -0.10668727764975126 0
vn 0.940756359349289 -0.339083282312578 0
vn 0.778083942041323 -0.6281603132460973 0
vn 0.3459722726171403 -0.9382447370383334 0
vn 0.3216088413946613 0.9440336526418578 -0.07326810913662139
vn 0.7421703013662004 0.6485332808362152 -0.16907935242902392
vn 0.9113133898011546 0.3555343947112815 -0.20761310109531025
vn 0.9688260774292744 0.11251978382965706 -0.22071549546856203
vn 0.9688260774292744 -0.11251978382965704 -0.22071549546856223
vn 0.9113133898011547 -0.3555343947112814 -0.20761310109531012
vn 0.7421703013662007 -0.648533280836215 -0.1690793524290239
vn 0.3216088413946612 -0.9440336526418578 -0.07326810913662136
vn 0.24991112105432858 0.9584631563729056 -0.13745111657988063
vn 0.6194568112499089 0.7072453038673454 -0.3407012461874497
vn 0.8000436562481998 0.40781002672366756 -0.44002401093650995
vn 0.8685719546431456 0.131801154731739 -0.47771457505373005
vn 0.8685719546431455 -0.13180115473173895 -0.47771457505373
vn 0.8000436562482 -0.40781002672366734 -0.44002401093650995
vn 0.6194568112499088 -0.7072453038673453 -0.34070124618744996
vn 0.24991112105432844 -0.9584631563729056 -0.13745111657988063
vn 0.1373834212941614 0.9735752157355124 -0.18242010541346973
vn 0.37232655220625777 0.7854678074921525 -0.49438169658237935
vn 0.5234086833243181 0.49298133709683756 -0.6949911880699771
vn 0.5932115983006664 0.16632915765784556 -0.787676717285969
vn 0.5932115983006666 -0.16632915765784556 -0.7876767172859691
vn 0.523408683324318 -0.4929813370968375 -0.694991188069977
vn 0.3723265522062581 -0.7854678074921523 -0.49438169658237935
vn 0.13738342129416148 -0.9735752157355124 -0.18242010541346965
vn 0 0.9800476330240645 -0.19876276563765305
vn 0 0.8264385215476815 -0.563026971025441
vn 0 0.5481241919387719 -0.8363969573183947
vn 0 0.1914804539553227 -0.9814964267653061
vn 0 -0.1914804539553226 -0.981496426765306
vn 0 -0.5481241919387717 -0.8363969573183947
vn 0 -0.8264385215476812 -0.5630269710254411
vn 0 -0.9800476330240647 -0.19876276563765305
vn -0.13738342129416142 0.9735752157355124 -0.18242010541346976
vn -0.3723265522062579 0.7854678074921524 -0.49438169658237935
vn -0.5234086833243176 0.49298133709683767 -0.6949911880699772
vn -0.5932115983006662 0.1663291576578456 -0.7876767172859693
vn -0.5932115983006659 -0.16632915765784556 -0.7876767172859694
vn -0.5234086833243177 -0.4929813370968375 -0.6949911880699772
vn -0.3723265522062577 -0.7854678074921524 -0.49438169658237957
vn -0.13738342129416134 -0.9735752157355124 -0.18242010541346967
vn -0.24991112105432847 0.9584631563729056 -0.13745111657988074
vn -0.6194568112499086 0.7072453038673454 -0.34070124618745
vn -0.8000436562482001 0.4078100267236677 -0.4400240109365099
vn -0.8685719546431454 0.13180115473173884 -0.4777145750537301
vn -0.8685719546431457 -0.13180115473173884 -0.4777145750537299
vn -0.8000436562482001 -0.40781002672366756 -0.4400240109365101
vn -0.6194568112499089 -0.7072453038673452 -0.3407012461874499
vn -0.24991112105432847 -0.9584631563729056 -0.13745111657988066
vn -0.32160884139466134 0.9440336526418579 -0.07326810913662145
vn -0.7421703013662004 0.6485332808362152 -0.16907935242902392
vn -0.9113133898011547 0.3555343947112814 -0.20761310109531067
vn -0.9688260774292743 0.11251978382965727 -0.22071549546856253
vn -0.9688260774292744 -0.11251978382965729 -0.22071549546856264
vn -0.9113133898011547 -0.3555343947112812 -0.20761310109531028
vn -0.7421703013662007 -0.648533280836215 -0.16907935242902408
vn -0.32160884139466117 -0.9440336526418578 -0.07326810913662146
vn -0.3459722726171405 0.9382447370383332 -7.84282092059834e-17
vn -0.7780839420413229 0.6281603132460974 -2.0138394340411177e-16
vn -0.9407563593492889 0.3390832823125781 -2.0753270355488045e-16
vn -0.9942926253310365 0.10668727764975144 0
vn -0.9942926253310366 -0.10668727764975143 -1.859499395790683e-16
vn -0.940756359349289 -0.3390832823125781 -2.7115454446547485e-16
vn -0.778083942041323 -0.6281603132460973 -2.4807267131662677e-16
vn -0.34597227261714036 -0.9382447370383332 -7.842820920598335e-17
vn -0.3216088413946613 0.9440336526418579 0.07326810913662145
vn -0.7421703013662004 0.6485332808362152 0.16907935242902394
vn -0.9113133898011546 0.3555343947112815 0.2076131010953104
vn -0.9688260774292745 0.11251978382965706 0.22071549546856223
vn -0.9688260774292745 -0.11251978382965708 0.22071549546856242
vn -0.9113133898011548 -0.35553439471128145 0.2076131010953103
vn -0.7421703013662008 -0.648533280836215 0.16907935242902394
vn -0.32160884139466117 -0.9440336526418578 0.07326810913662138
vn -0.24991112105432856 0.9584631563729056 0.13745111657988066
vn -0.6194568112499088 0.7072453038673454 0.3407012461874498
vn -0.8000436562482001 0.4078100267236675 0.44002401093651006
vn -0.8685719546431456 0.13180115473173898 0.4777145750537298
vn -0.8685719546431455 -0.13180115473173895 0.47771457505373
vn -0.8000436562482002 -0.40781002672366723 0.4400240109365097
vn -0.6194568112499088 -0.7072453038673452 0.34070124618745007
vn -0.24991112105432844 -0.9584631563729056 0.13745111657988066
vn -0.13738342129416145 0.9735752157355124 0.18242010541346973
vn -0.3723265522062581 0.7854678074921525 0.49438169658237935
vn -0.5234086833243181 0.49298133709683745 0.6949911880699768
vn -0.5932115983006665 0.16632915765784584 0.7876767172859691
vn -0.5932115983006665 -0.1663291576578458 0.7876767172859689
vn -0.5234086833243178 -0.49298133709683734 0.6949911880699773
vn -0.3723265522062582 -0.7854678074921524 0.49438169658237935
vn -0.1373834212941615 -0.9735752157355124 0.18242010541346965
vn -1.6384505611460693e-16 0.9800476330240645 0.19876276563765305
vn -5.299011890460911e-16 0.8264385215476815 0.563026971025441
vn -5.367587321254049e-16 0.5481241919387719 0.8363969573183946
vn 0 0.191480453955323 0.981496426765306
vn -6.674793776340735e-16 -0.19148045395532293 0.9814964267653059
vn -7.01309080469054e-16 -0.5481241919387718 0.8363969573183948
vn -3.2637657520871826e-16 -0.8264385215476813 0.5630269710254413
vn -1.6384505611460688e-16 -0.9800476330240647 0.19876276563765308
usemtl m_3be25f79-071f-aaae-ced0-88ed625c361a
f 1021/4433/1273 1028/4434/1273 1020/4435/1273
f 1021/4436/1274 1022/4437/1274 1029/4438/1274 1028/4439/1274
f 1022/4440/1275 1023/4441/1275 1030/4442/1275 1029/4443/1275
f 1023/4444/1276 1024/4445/1276 1031/4446/1276 1030/4447/1276
f 1024/4448/1277 1025/4449/1277 1032/4450/1277 1031/4451/1277
f 1025/4452/1278 1026/4453/1278 1033/4454/1278 1032/4455/1278
f 1026/4456/1279 1027/4457/1279 1034/4458/1279 1033/4459/1279
f 1034/4460/1280 1027/4461/1280 1019/4462/1280
f 1028/4463/1281 1035/4464/1281 1020/4465/1281
f 1028/4466/1282 1029/4467/1282 1036/4468/1282 1035/4469/1282
f 1029/4470/1283 1030/4471/1283 1037/4472/1283 1036/4473/1283
f 1030/4474/1284 1031/4475/1284 1038/4476/1284 1037/4477/1284
f 1031/4478/1285 1032/4479/1285 1039/4480/1285 1038/4481/1285
f 1032/4482/1286 1033/4483/1286 1040/4484/1286 1039/4485/1286
f 1033/4486/1287 1034/4487/1287 1041/4488/1287 1040/4489/1287
f 1041/4490/1288 1034/4491/1288 1019/4492/1288
f 1035/4493/1289 1042/4494/1289 1020/4495/1289
f 1035/4496/1290 1036/4497/1290 1043/4498/1290 1042/4499/1290
f 1036/4500/1291 1037/4501/1291 1044/4502/1291 1043/4503/1291
f 1037/4504/1292 1038/4505/1292 1045/4506/1292 1044/4507/1292
f 1038/4508/1293 1039/4509/1293 1046/4510/1293 1045/4511/1293
f 1039/4512/1294 1040/4513/1294 1047/4514/1294 1046/4515/1294
f 1040/4516/1295 1041/4517/1295 1048/4518/1295 1047/4519/1295
f 1048/4520/1296 1041/4521/1296 1019/4522/1296
f 1042/4523/1297 1049/4524/1297 1020/4525/1297
f 1042/4526/1298 1043/4527/1298 1050/4528/1298 1049/4529/1298
f 1043/4530/1299 1044/4531/1299 1051/4532/1299 1050/4533/1299
f 1044/4534/1300 1045/4535/1300 1052/4536/1300 1051/4537/1300
f 1045/4538/1301 1046/4539/1301 1053/4540/1301 1052/4541/1301
f 1046/4542/1302 1047/4543/1302 1054/4544/1302 1053/4545/1302
f 1047/4546/1303 1048/4547/1303 1055/4548/1303 1054/4549/1303
f 1055/4550/1304 1048/4551/1304 1019/4552/1304
f 1049/4553/1305 1056/4554/1305 1020/4555/1305
f 1049/4556/1306 1050/4557/1306 1057/4558/1306 1056/4559/1306
f 1050/4560/1307 1051/4561/1307 1058/4562/1307 1057/4563/1307
f 1051/4564/1308 1052/4565/1308 1059/4566/1308 1058/4567/1308
f 1052/4568/1309 1053/4569/1309 1060/4570/1309 1059/4571/1309
f 1053/4572/1310 1054/4573/1310 1061/4574/1310 1060/4575/1310
f 1054/4576/1311 1055/4577/1311 1062/4578/1311 1061/4579/1311
f 1062/4580/1312 1055/4581/1312 1019/4582/1312
f 1056/4583/1313 1063/4584/1313 1020/4585/1313
f 1056/4586/1314 1057/4587/1314 1064/4588/1314 1063/4589/1314
f 1057/4590/1315 1058/4591/1315 1065/4592/1315 1064/4593/1315
f 1058/4594/1316 1059/4595/1316 1066/4596/1316 1065/4597/1316
f 1059/4598/1317 1060/4599/1317 1067/4600/1317 1066/4601/1317
f 1060/4602/1318 1061/4603/1318 1068/4604/1318 1067/4605/1318
f 1061/4606/1319 1062/4607/1319 1069/4608/1319 1068/4609/1319
f 1069/4610/1320 1062/4611/1320 1019/4612/1320
f 1063/4613/1321 1070/4614/1321 1020/4615/1321
f 1063/4616/1322 1064/4617/1322 1071/4618/1322 1070/4619/1322
f 1064/4620/1323 1065/4621/1323 1072/4622/1323 1071/4623/1323
f 1065/4624/1324 1066/4625/1324 1073/4626/1324 1072/4627/1324
f 1066/4628/1325 1067/4629/1325 1074/4630/1325 1073/4631/1325
f 1067/4632/1326 1068/4633/1326 1075/4634/1326 1074/4635/1326
f 1068/4636/1327 1069/4637/1327 1076/4638/1327 1075/4639/1327
f 1076/4640/1328 1069/4641/1328 1019/4642/1328
f 1070/4643/1329 1077/4644/1329 1020/4645/1329
f 1070/4646/1330 1071/4647/1330 1078/4648/1330 1077/4649/1330
f 1071/4650/1331 1072/4651/1331 1079/4652/1331 1078/4653/1331
f 1072/4654/1332 1073/4655/1332 1080/4656/1332 1079/4657/1332
f 1073/4658/1333 1074/4659/1333 1081/4660/1333 1080/4661/1333
f 1074/4662/1334 1075/4663/1334 1082/4664/1334 1081/4665/1334
f 1075/4666/1335 1076/4667/1335 1083/4668/1335 1082/4669/1335
f 1083/4670/1336 1076/4671/1336 1019/4672/1336
f 1077/4673/1337 1084/4674/1337 1020/4675/1337
f 1077/4676/1338 1078/4677/1338 1085/4678/1338 1084/4679/1338
f 1078/4680/1339 1079/4681/1339 1086/4682/1339 1085/4683/1339
f 1079/4684/1340 1080/4685/1340 1087/4686/1340 1086/4687/1340
f 1080/4688/1341 1081/4689/1341 1088/4690/1341 1087/4691/1341
f 1081/4692/1342 1082/4693/1342 1089/4694/1342 1088/4695/1342
f 1082/4696/1343 1083/4697/1343 1090/4698/1343 1089/4699/1343
f 1090/4700/1344 1083/4701/1344 1019/4702/1344
f 1084/4703/1345 1091/4704/1345 1020/4705/1345
f 1084/4706/1346 1085/4707/1346 1092/4708/1346 1091/4709/1346
f 1085/4710/1347 1086/4711/1347 1093/4712/1347 1092/4713/1347
f 1086/4714/1348 1087/4715/1348 1094/4716/1348 1093/4717/1348
f 1087/4718/1349 1088/4719/1349 1095/4720/1349 1094/4721/1349
f 1088/4722/1350 1089/4723/1350 1096/4724/1350 1095/4725/1350
f 1089/4726/1351 1090/4727/1351 1097/4728/1351 1096/4729/1351
f 1097/4730/1352 1090/4731/1352 1019/4732/1352
f 1091/4733/1353 1098/4734/1353 1020/4735/1353
f 1091/4736/1354 1092/4737/1354 1099/4738/1354 1098/4739/1354
f 1092/4740/1355 1093/4741/1355 1100/4742/1355 1099/4743/1355
f 1093/4744/1356 1094/4745/1356 1101/4746/1356 1100/4747/1356
f 1094/4748/1357 1095/4749/1357 1102/4750/1357 1101/4751/1357
f 1095/4752/1358 1096/4753/1358 1103/4754/1358 1102/4755/1358
f 1096/4756/1359 1097/4757/1359 1104/4758/1359 1103/4759/1359
f 1104/4760/1360 1097/4761/1360 1019/4762/1360
f 1098/4763/1361 1105/4764/1361 1020/4765/1361
f 1098/4766/1362 1099/4767/1362 1106/4768/1362 1105/4769/1362
f 1099/4770/1363 1100/4771/1363 1107/4772/1363 1106/4773/1363
f 1100/4774/1364 1101/4775/1364 1108/4776/1364 1107/4777/1364
f 1101/4778/1365 1102/4779/1365 1109/4780/1365 1108/4781/1365
f 1102/4782/1366 1103/4783/1366 1110/4784/1366 1109/4785/1366
f 1103/4786/1367 1104/4787/1367 1111/4788/1367 1110/4789/1367
f 1111/4790/1368 1104/4791/1368 1019/4792/1368
f 1105/4793/1369 1112/4794/1369 1020/4795/1369
f 1105/4796/1370 1106/4797/1370 1113/4798/1370 1112/4799/1370
f 1106/4800/1371 1107/4801/1371 1114/4802/1371 1113/4803/1371
f 1107/4804/1372 1108/4805/1372 1115/4806/1372 1114/4807/1372
f 1108/4808/1373 1109/4809/1373 1116/4810/1373 1115/4811/1373
f 1109/4812/1374 1110/4813/1374 1117/4814/1374 1116/4815/1374
f 1110/4816/1375 1111/4817/1375 1118/4818/1375 1117/4819/1375
f 1118/4820/1376 1111/4821/1376 1019/4822/1376
f 1112/4823/1377 1119/4824/1377 1020/4825/1377
f 1112/4826/1378 1113/4827/1378 1120/4828/1378 1119/4829/1378
f 1113/4830/1379 1114/4831/1379 1121/4832/1379 1120/4833/1379
f 1114/4834/1380 1115/4835/1380 1122/4836/1380 1121/4837/1380
f 1115/4838/1381 1116/4839/1381 1123/4840/1381 1122/4841/1381
f 1116/4842/1382 1117/4843/1382 1124/4844/1382 1123/4845/1382
f 1117/4846/1383 1118/4847/1383 1125/4848/1383 1124/4849/1383
f 1125/4850/1384 1118/4851/1384 1019/4852/1384
f 1119/4853/1385 1126/4854/1385 1020/4855/1385
f 1119/4856/1386 1120/4857/1386 1127/4858/1386 1126/4859/1386
f 1120/4860/1387 1121/4861/1387 1128/4862/1387 1127/4863/1387
f 1121/4864/1388 1122/4865/1388 1129/4866/1388 1128/4867/1388
f 1122/4868/1389 1123/4869/1389 1130/4870/1389 1129/4871/1389
f 1123/4872/1390 1124/4873/1390 1131/4874/1390 1130/4875/1390
f 1124/4876/1391 1125/4877/1391 1132/4878/1391 1131/4879/1391
f 1132/4880/1392 1125/4881/1392 1019/4882/1392
f 1126/4883/1393 1021/4884/1393 1020/4885/1393
f 1126/4886/1394 1127/4887/1394 1022/4888/1394 1021/4889/1394
f 1127/4890/1395 1128/4891/1395 1023/4892/1395 1022/4893/1395
f 1128/4894/1396 1129/4895/1396 1024/4896/1396 1023/4897/1396
f 1129/4898/1397 1130/4899/1397 1025/4900/1397 1024/4901/1397
f 1130/4902/1398 1131/4903/1398 1026/4904/1398 1025/4905/1398
f 1131/4906/1399 1132/4907/1399 1027/4908/1399 1026/4909/1399
f 1027/4910/1400 1132/4911/1400 1019/4912/1400
o guard_left_rivet_low
v -0.15053810699754 2.048200586979398 -0.005289811098767433
v -0.14862499999999998 2.04625 -1.8201313052327535e-17
v -0.14862499999999998 2.0974999999999997 -1.8201313052327535e-17
v -0.14671189300245996 2.095549413020602 0.005289811098767395
v -0.14509003920293728 2.089994611267905 0.009774296410004489
v -0.14400635114026797 2.0816812629543553 0.012770733697035996
v -0.1436258104983367 2.071875 0.01382294254568301
v -0.14400635114026797 2.0620687370456445 0.012770733697035996
v -0.14509003920293728 2.0537553887320947 0.00977429641000449
v -0.14671189300245996 2.048200586979398 0.005289811098767396
v -0.14317693220539723 2.095549413020602 0.004484485311237077
v -0.13855828334566522 2.089994611267905 0.008286248385798901
v -0.135472200841542 2.0816812629543553 0.010826505258651507
v -0.13438851277887268 2.071875 0.01171852484838898
v -0.135472200841542 2.0620687370456445 0.010826505258651507
v -0.13855828334566522 2.0537553887320947 0.008286248385798903
v -0.14317693220539723 2.048200586979398 0.004484485311237078
v -0.14047139034320527 2.095549413020602 0.002996437287031488
v -0.13355909384400194 2.089994611267905 0.005536694159884093
v -0.12894044498426993 2.0816812629543553 0.007234039537151884
v -0.12731859118474725 2.071875 0.007830067971620003
v -0.12894044498426993 2.0620687370456445 0.007234039537151884
v -0.13355909384400194 2.0537553887320947 0.005536694159884094
v -0.14047139034320527 2.048200586979398 0.0029964372870314882
v -0.1390071616386047 2.095549413020602 0.0010522088486469984
v -0.13085355198180998 2.089994611267905 0.0019442284383844712
v -0.12540548418720723 2.0816812629543553 0.002540256872852588
v -0.1234923771896672 2.071875 0.0027495542259147908
v -0.12540548418720723 2.0620687370456445 0.002540256872852588
v -0.13085355198180998 2.0537553887320947 0.0019442284383844716
v -0.1390071616386047 2.048200586979398 0.0010522088486469986
v -0.1390071616386047 2.095549413020602 -0.001052208848647034
v -0.13085355198180998 2.089994611267905 -0.0019442284383845063
v -0.12540548418720723 2.0816812629543553 -0.002540256872852623
v -0.1234923771896672 2.071875 -0.002749554225914825
v -0.12540548418720723 2.0620687370456445 -0.002540256872852623
v -0.13085355198180998 2.0537553887320947 -0.001944228438384507
v -0.1390071616386047 2.048200586979398 -0.0010522088486470342
v -0.14047139034320527 2.095549413020602 -0.002996437287031522
v -0.13355909384400194 2.089994611267905 -0.005536694159884125
v -0.12894044498426993 2.0816812629543553 -0.007234039537151918
v -0.12731859118474725 2.071875 -0.007830067971620032
v -0.12894044498426993 2.0620687370456445 -0.007234039537151918
v -0.13355909384400194 2.0537553887320947 -0.005536694159884127
v -0.14047139034320527 2.048200586979398 -0.002996437287031523
v -0.14317693220539723 2.095549413020602 -0.004484485311237114
v -0.13855828334566522 2.089994611267905 -0.008286248385798937
v -0.135472200841542 2.0816812629543553 -0.010826505258651543
v -0.13438851277887268 2.071875 -0.011718524848389015
v -0.135472200841542 2.0620687370456445 -0.010826505258651543
v -0.13855828334566522 2.0537553887320947 -0.008286248385798937
v -0.14317693220539723 2.048200586979398 -0.004484485311237115
v -0.14671189300245996 2.095549413020602 -0.005289811098767431
v -0.14509003920293725 2.089994611267905 -0.009774296410004523
v -0.14400635114026797 2.0816812629543553 -0.01277073369703603
v -0.14362581049833667 2.071875 -0.013822942545683045
v -0.14400635114026797 2.0620687370456445 -0.01277073369703603
v -0.14509003920293725 2.0537553887320947 -0.009774296410004525
v -0.14671189300245996 2.048200586979398 -0.005289811098767433
v -0.15053810699754 2.095549413020602 -0.005289811098767431
v -0.15215996079706268 2.089994611267905 -0.009774296410004523
v -0.153243648859732 2.0816812629543553 -0.01277073369703603
v -0.15362418950166326 2.071875 -0.013822942545683045
v -0.153243648859732 2.0620687370456445 -0.01277073369703603
v -0.15215996079706268 2.0537553887320947 -0.009774296410004525
v -0.15407306779460272 2.095549413020602 -0.004484485311237114
v -0.1586917166543347 2.089994611267905 -0.008286248385798937
v -0.16177779915845797 2.0816812629543553 -0.010826505258651545
v -0.16286148722112728 2.071875 -0.011718524848389018
v -0.16177779915845797 2.0620687370456445 -0.010826505258651545
v -0.15869171665433474 2.0537553887320947 -0.00828624838579894
v -0.15407306779460272 2.048200586979398 -0.004484485311237116
v -0.1567786096567947 2.095549413020602 -0.0029964372870315233
v -0.16369090615599802 2.089994611267905 -0.005536694159884128
v -0.16830955501573003 2.0816812629543553 -0.0072340395371519196
v -0.1699314088152527 2.071875 -0.007830067971620036
v -0.16830955501573003 2.0620687370456445 -0.0072340395371519196
v -0.16369090615599802 2.0537553887320947 -0.005536694159884129
v -0.1567786096567947 2.048200586979398 -0.002996437287031524
v -0.15824283836139527 2.095549413020602 -0.0010522088486470365
v -0.16639644801818998 2.089994611267905 -0.001944228438384511
v -0.17184451581279273 2.0816812629543553 -0.002540256872852629
v -0.17375762281033275 2.071875 -0.002749554225914832
v -0.17184451581279273 2.0620687370456445 -0.002540256872852629
v -0.16639644801818998 2.0537553887320947 -0.0019442284383845115
v -0.15824283836139527 2.048200586979398 -0.0010522088486470368
v -0.15824283836139527 2.095549413020602 0.0010522088486469982
v -0.16639644801818998 2.089994611267905 0.0019442284383844712
v -0.17184451581279273 2.0816812629543553 0.002540256872852588
v -0.17375762281033275 2.071875 0.0027495542259147903
v -0.17184451581279273 2.0620687370456445 0.002540256872852588
v -0.16639644801818998 2.0537553887320947 0.0019442284383844712
v -0.15824283836139527 2.048200586979398 0.0010522088486469984
v -0.1567786096567947 2.095549413020602 0.0029964372870314848
v -0.16369090615599802 2.089994611267905 0.005536694159884089
v -0.16830955501573003 2.0816812629543553 0.00723403953715188
v -0.1699314088152527 2.071875 0.007830067971619996
v -0.16830955501573003 2.0620687370456445 0.00723403953715188
v -0.16369090615599802 2.0537553887320947 0.005536694159884089
v -0.1567786096567947 2.048200586979398 0.002996437287031486
v -0.15407306779460272 2.095549413020602 0.004484485311237077
v -0.15869171665433474 2.089994611267905 0.008286248385798901
v -0.16177779915845797 2.0816812629543553 0.010826505258651507
v -0.16286148722112728 2.071875 0.01171852484838898
v -0.16177779915845797 2.0620687370456445 0.010826505258651507
v -0.15869171665433474 2.0537553887320947 0.008286248385798903
v -0.15407306779460272 2.048200586979398 0.004484485311237078
v -0.15053810699754 2.095549413020602 0.005289811098767394
v -0.1521599607970627 2.089994611267905 0.009774296410004487
v -0.153243648859732 2.0816812629543553 0.012770733697035994
v -0.1536241895016633 2.071875 0.01382294254568301
v -0.153243648859732 2.0620687370456445 0.012770733697035994
v -0.1521599607970627 2.0537553887320947 0.009774296410004489
v -0.15053810699754 2.048200586979398 0.0052898110987673955
vt 0.5 0.5
vt 0.5 0.5
vt 0.5 0.5
vt 0.5 0.5
vt 0.5 0.5
vt 0.5 0.5
vt 0.5 0.5
vt 0.5 0.5
vt 0.5 0.5
vt 0.5 0.5
vt 0.5 0.5
vt 0.5 0.5
vt 0.5 0.5
vt 0.5 0.5
vt 0.5 0.5
vt 0.5 0.5
vt 0.5 0.5
vt 0.5 0.5
vt 0.5 0.5
vt 0.5 0.5
vt 0.5 0.5
vt 0.5 0.5
vt 0.5 0.5
vt 0.5 0.5
vt 0.5 0.5
vt 0.5 0.5
vt 0.5 0.5
vt 0.5 0.5
vt 0.5 0.5
vt 0.5 0.5
vt 0.5 0.5
vt 0.5 0.5
vt 0.5 0.5
vt 0.5 0.5
vt 0.5 0.5
vt 0.5 0.5
vt 0.5 0.5
vt 0.5 0.5
vt 0.5 0.5
vt 0.5 0.5
vt 0.5 0.5
vt 0.5 0.5
vt 0.5 0.5
vt 0.5 0.5
vt 0.5 0.5
vt 0.5 0.5
vt 0.5 0.5
vt 0.5 0.5
vt 0.5 0.5
vt 0.5 0.5
vt 0.5 0.5
vt 0.5 0.5
vt 0.5 0.5
vt 0.5 0.5
vt 0.5 0.5
vt 0.5 0.5
vt 0.5 0.5
vt 0.5 0.5
vt 0.5 0.5
vt 0.5 0.5
vt 0.5 0.5
vt 0.5 0.5
vt 0.5 0.5
vt 0.5 0.5
vt 0.5 0.5
vt 0.5 0.5
vt 0.5 0.5
vt 0.5 0.5
vt 0.5 0.5
vt 0.5 0.5
vt 0.5 0.5
vt 0.5 0.5
vt 0.5 0.5
vt 0.5 0.5
vt 0.5 0.5
vt 0.5 0.5
vt 0.5 0.5
vt 0.5 0.5
vt 0.5 0.5
vt 0.5 0.5
vt 0.5 0.5
vt 0.5 0.5
vt 0.5 0.5
vt 0.5 0.5
vt 0.5 0.5
vt 0.5 0.5
vt 0.5 0.5
vt 0.5 0.5
vt 0.5 0.5
vt 0.5 0.5
vt 0.5 0.5
vt 0.5 0.5
vt 0.5 0.5
vt 0.5 0.5
vt 0.5 0.5
vt 0.5 0.5
vt 0.5 0.5
vt 0.5 0.5
vt 0.5 0.5
vt 0.5 0.5
vt 0.5 0.5
vt 0.5 0.5
vt 0.5 0.5
vt 0.5 0.5
vt 0.5 0.5
vt 0.5 0.5
vt 0.5 0.5
vt 0.5 0.5
vt 0.5 0.5
vt 0.5 0.5
vt 0.5 0.5
vt 0.5 0.5
vt 0.5 0.5
vt 0.5 0.5
vt 0.5 0.5
vt 0.5 0.5
vt 0.5 0.5
vt 0.5 0.5
vt 0.5 0.5
vt 0.5 0.5
vt 0.5 0.5
vt 0.5 0.5
vt 0.5 0.5
vt 0.5 0.5
vt 0.5 0.5
vt 0.5 0.5
vt 0.5 0.5
vt 0.5 0.5
vt 0.5 0.5
vt 0.5 0.5
vt 0.5 0.5
vt 0.5 0.5
vt 0.5 0.5
vt 0.5 0.5
vt 0.5 0.5
vt 0.5 0.5
vt 0.5 0.5
vt 0.5 0.5
vt 0.5 0.5
vt 0.5 0.5
vt 0.5 0.5
vt 0.5 0.5
vt 0.5 0.5
vt 0.5 0.5
vt 0.5 0.5
vt 0.5 0.5
vt 0.5 0.5
vt 0.5 0.5
vt 0.5 0.5
vt 0.5 0.5
vt 0.5 0.5
vt 0.5 0.5
vt 0.5 0.5
vt 0.5 0.5
vt 0.5 0.5
vt 0.5 0.5
vt 0.5 0.5
vt 0.5 0.5
vt 0.5 0.5
vt 0.5 0.5
vt 0.5 0.5
vt 0.5 0.5
vt 0.5 0.5
vt 0.5 0.5
vt 0.5 0.5
vt 0.5 0.5
vt 0.5 0.5
vt 0.5 0.5
vt 0.5 0.5
vt 0.5 0.5
vt 0.5 0.5
vt 0.5 0.5
vt 0.5 0.5
vt 0.5 0.5
vt 0.5 0.5
vt 0.5 0.5
vt 0.5 0.5
vt 0.5 0.5
vt 0.5 0.5
vt 0.5 0.5
vt 0.5 0.5
vt 0.5 0.5
vt 0.5 0.5
vt 0.5 0.5
vt 0.5 0.5
vt 0.5 0.5
vt 0.5 0.5
vt 0.5 0.5
vt 0.5 0.5
vt 0.5 0.5
vt 0.5 0.5
vt 0.5 0.5
vt 0.5 0.5
vt 0.5 0.5
vt 0.5 0.5
vt 0.5 0.5
vt 0.5 0.5
vt 0.5 0.5
vt 0.5 0.5
vt 0.5 0.5
vt 0.5 0.5
vt 0.5 0.5
vt 0.5 0.5
vt 0.5 0.5
vt 0.5 0.5
vt 0.5 0.5
vt 0.5 0.5
vt 0.5 0.5
vt 0.5 0.5
vt 0.5 0.5
vt 0.5 0.5
vt 0.5 0.5
vt 0.5 0.5
vt 0.5 0.5
vt 0.5 0.5
vt 0.5 0.5
vt 0.5 0.5
vt 0.5 0.5
vt 0.5 0.5
vt 0.5 0.5
vt 0.5 0.5
vt 0.5 0.5
vt 0.5 0.5
vt 0.5 0.5
vt 0.5 0.5
vt 0.5 0.5
vt 0.5 0.5
vt 0.5 0.5
vt 0.5 0.5
vt 0.5 0.5
vt 0.5 0.5
vt 0.5 0.5
vt 0.5 0.5
vt 0.5 0.5
vt 0.5 0.5
vt 0.5 0.5
vt 0.5 0.5
vt 0.5 0.5
vt 0.5 0.5
vt 0.5 0.5
vt 0.5 0.5
vt 0.5 0.5
vt 0.5 0.5
vt 0.5 0.5
vt 0.5 0.5
vt 0.5 0.5
vt 0.5 0.5
vt 0.5 0.5
vt 0.5 0.5
vt 0.5 0.5
vt 0.5 0.5
vt 0.5 0.5
vt 0.5 0.5
vt 0.5 0.5
vt 0.5 0.5
vt 0.5 0.5
vt 0.5 0.5
vt 0.5 0.5
vt 0.5 0.5
vt 0.5 0.5
vt 0.5 0.5
vt 0.5 0.5
vt 0.5 0.5
vt 0.5 0.5
vt 0.5 0.5
vt 0.5 0.5
vt 0.5 0.5
vt 0.5 0.5
vt 0.5 0.5
vt 0.5 0.5
vt 0.5 0.5
vt 0.5 0.5
vt 0.5 0.5
vt 0.5 0.5
vt 0.5 0.5
vt 0.5 0.5
vt 0.5 0.5
vt 0.5 0.5
vt 0.5 0.5
vt 0.5 0.5
vt 0.5 0.5
vt 0.5 0.5
vt 0.5 0.5
vt 0.5 0.5
vt 0.5 0.5
vt 0.5 0.5
vt 0.5 0.5
vt 0.5 0.5
vt 0.5 0.5
vt 0.5 0.5
vt 0.5 0.5
vt 0.5 0.5
vt 0.5 0.5
vt 0.5 0.5
vt 0.5 0.5
vt 0.5 0.5
vt 0.5 0.5
vt 0.5 0.5
vt 0.5 0.5
vt 0.5 0.5
vt 0.5 0.5
vt 0.5 0.5
vt 0.5 0.5
vt 0.5 0.5
vt 0.5 0.5
vt 0.5 0.5
vt 0.5 0.5
vt 0.5 0.5
vt 0.5 0.5
vt 0.5 0.5
vt 0.5 0.5
vt 0.5 0.5
vt 0.5 0.5
vt 0.5 0.5
vt 0.5 0.5
vt 0.5 0.5
vt 0.5 0.5
vt 0.5 0.5
vt 0.5 0.5
vt 0.5 0.5
vt 0.5 0.5
vt 0.5 0.5
vt 0.5 0.5
vt 0.5 0.5
vt 0.5 0.5
vt 0.5 0.5
vt 0.5 0.5
vt 0.5 0.5
vt 0.5 0.5
vt 0.5 0.5
vt 0.5 0.5
vt 0.5 0.5
vt 0.5 0.5
vt 0.5 0.5
vt 0.5 0.5
vt 0.5 0.5
vt 0.5 0.5
vt 0.5 0.5
vt 0.5 0.5
vt 0.5 0.5
vt 0.5 0.5
vt 0.5 0.5
vt 0.5 0.5
vt 0.5 0.5
vt 0.5 0.5
vt 0.5 0.5
vt 0.5 0.5
vt 0.5 0.5
vt 0.5 0.5
vt 0.5 0.5
vt 0.5 0.5
vt 0.5 0.5
vt 0.5 0.5
vt 0.5 0.5
vt 0.5 0.5
vt 0.5 0.5
vt 0.5 0.5
vt 0.5 0.5
vt 0.5 0.5
vt 0.5 0.5
vt 0.5 0.5
vt 0.5 0.5
vt 0.5 0.5
vt 0.5 0.5
vt 0.5 0.5
vt 0.5 0.5
vt 0.5 0.5
vt 0.5 0.5
vt 0.5 0.5
vt 0.5 0.5
vt 0.5 0.5
vt 0.5 0.5
vt 0.5 0.5
vt 0.5 0.5
vt 0.5 0.5
vt 0.5 0.5
vt 0.5 0.5
vt 0.5 0.5
vt 0.5 0.5
vt 0.5 0.5
vt 0.5 0.5
vt 0.5 0.5
vt 0.5 0.5
vt 0.5 0.5
vt 0.5 0.5
vt 0.5 0.5
vt 0.5 0.5
vt 0.5 0.5
vt 0.5 0.5
vt 0.5 0.5
vt 0.5 0.5
vt 0.5 0.5
vt 0.5 0.5
vt 0.5 0.5
vt 0.5 0.5
vt 0.5 0.5
vt 0.5 0.5
vt 0.5 0.5
vt 0.5 0.5
vt 0.5 0.5
vt 0.5 0.5
vt 0.5 0.5
vt 0.5 0.5
vt 0.5 0.5
vt 0.5 0.5
vt 0.5 0.5
vt 0.5 0.5
vt 0.5 0.5
vt 0.5 0.5
vt 0.5 0.5
vt 0.5 0.5
vt 0.5 0.5
vt 0.5 0.5
vt 0.5 0.5
vt 0.5 0.5
vt 0.5 0.5
vt 0.5 0.5
vt 0.5 0.5
vt 0.5 0.5
vt 0.5 0.5
vt 0.5 0.5
vt 0.5 0.5
vt 0.5 0.5
vt 0.5 0.5
vt 0.5 0.5
vt 0.5 0.5
vt 0.5 0.5
vt 0.5 0.5
vt 0.5 0.5
vt 0.5 0.5
vt 0.5 0.5
vt 0.5 0.5
vt 0.5 0.5
vt 0.5 0.5
vt 0.5 0.5
vt 0.5 0.5
vt 0.5 0.5
vt 0.5 0.5
vt 0.5 0.5
vt 0.5 0.5
vt 0.5 0.5
vt 0.5 0.5
vt 0.5 0.5
vt 0.5 0.5
vt 0.5 0.5
vt 0.5 0.5
vt 0.5 0.5
vt 0.5 0.5
vt 0.5 0.5
vt 0.5 0.5
vt 0.5 0.5
vt 0.5 0.5
vt 0.5 0.5
vt 0.5 0.5
vt 0.5 0.5
vt 0.5 0.5
vt 0.5 0.5
vt 0.5 0.5
vt 0.5 0.5
vt 0.5 0.5
vt 0.5 0.5
vt 0.5 0.5
vt 0.5 0.5
vt 0.5 0.5
vt 0.5 0.5
vt 0.5 0.5
vt 0.5 0.5
vt 0.5 0.5
vt 0.5 0.5
vt 0.5 0.5
vt 0.5 0.5
vt 0.5 0.5
vt 0.5 0.5
vt 0.5 0.5
vt 0.5 0.5
vt 0.5 0.5
vt 0.5 0.5
vt 0.5 0.5
vt 0.5 0.5
vt 0.5 0.5
vn 0.07326810913662143 0.9440336526418578 0.3216088413946613
vn 0.169079352429024 0.6485332808362152 0.7421703013662004
vn 0.2076131010953105 0.3555343947112815 0.9113133898011545
vn 0.22071549546856237 0.11251978382965709 0.9688260774292745
vn 0.2207154954685626 -0.11251978382965705 0.9688260774292744
vn 0.20761310109531025 -0.35553439471128145 0.9113133898011546
vn 0.16907935242902414 -0.648533280836215 0.7421703013662007
vn 0.07326810913662148 -0.9440336526418578 0.3216088413946612
vn 0.13745111657988066 0.9584631563729057 0.24991112105432853
vn 0.3407012461874497 0.7072453038673454 0.6194568112499087
vn 0.44002401093650995 0.40781002672366734 0.8000436562482001
vn 0.47771457505372983 0.13180115473173906 0.8685719546431456
vn 0.47771457505372994 -0.13180115473173903 0.8685719546431455
vn 0.44002401093650995 -0.4078100267236671 0.8000436562482001
vn 0.34070124618744996 -0.7072453038673453 0.6194568112499088
vn 0.13745111657988066 -0.9584631563729058 0.24991112105432844
vn 0.18242010541346976 0.9735752157355124 0.13738342129416142
vn 0.4943816965823793 0.7854678074921524 0.37232655220625793
vn 0.694991188069977 0.49298133709683745 0.523408683324318
vn 0.7876767172859693 0.16632915765784592 0.593211598300666
vn 0.787676717285969 -0.1663291576578459 0.5932115983006664
vn 0.6949911880699773 -0.49298133709683734 0.5234086833243178
vn 0.4943816965823794 -0.7854678074921522 0.3723265522062582
vn 0.18242010541346965 -0.9735752157355124 0.1373834212941615
vn 0.19876276563765308 0.9800476330240646 0
vn 0.563026971025441 0.8264385215476814 0
vn 0.8363969573183947 0.5481241919387719 0
vn 0.9814964267653061 0.1914804539553227 0
vn 0.981496426765306 -0.1914804539553226 0
vn 0.8363969573183947 -0.5481241919387718 0
vn 0.5630269710254412 -0.8264385215476812 0
vn 0.19876276563765302 -0.9800476330240646 0
vn 0.18242010541346976 0.9735752157355124 -0.13738342129416134
vn 0.4943816965823794 0.7854678074921525 -0.37232655220625765
vn 0.6949911880699772 0.4929813370968378 -0.5234086833243173
vn 0.7876767172859694 0.16632915765784556 -0.5932115983006659
vn 0.7876767172859697 -0.16632915765784553 -0.5932115983006657
vn 0.6949911880699773 -0.49298133709683756 -0.5234086833243176
vn 0.4943816965823796 -0.7854678074921524 -0.37232655220625754
vn 0.18242010541346967 -0.9735752157355124 -0.13738342129416126
vn 0.13745111657988077 0.9584631563729058 -0.24991112105432842
vn 0.3407012461874501 0.7072453038673456 -0.6194568112499085
vn 0.44002401093650995 0.4078100267236676 -0.8000436562481998
vn 0.4777145750537301 0.13180115473173884 -0.8685719546431454
vn 0.47771457505373005 -0.1318011547317388 -0.8685719546431455
vn 0.44002401093651 -0.40781002672366745 -0.8000436562481998
vn 0.34070124618745 -0.7072453038673453 -0.6194568112499088
vn 0.13745111657988068 -0.9584631563729058 -0.24991112105432842
vn 0.07326810913662143 0.9440336526418579 -0.3216088413946613
vn 0.1690793524290239 0.6485332808362152 -0.7421703013662005
vn 0.2076131010953106 0.35553439471128134 -0.9113133898011546
vn 0.22071549546856253 0.1125197838296571 -0.9688260774292744
vn 0.2207154954685626 -0.1125197838296571 -0.9688260774292743
vn 0.20761310109531048 -0.35553439471128134 -0.9113133898011546
vn 0.16907935242902403 -0.6485332808362149 -0.7421703013662007
vn 0.07326810913662145 -0.9440336526418578 -0.32160884139466117
vn 0 0.9382447370383332 -0.3459722726171404
vn 0 0.6281603132460976 -0.778083942041323
vn 0 0.33908328231257817 -0.9407563593492889
vn 0 0.10668727764975125 -0.9942926253310365
vn 0 -0.10668727764975125 -0.9942926253310366
vn 0 -0.3390832823125781 -0.940756359349289
vn 0 -0.6281603132460973 -0.7780839420413231
vn 0 -0.9382447370383332 -0.34597227261714036
vn -0.07326810913662145 0.9440336526418579 -0.32160884139466134
vn -0.16907935242902397 0.6485332808362152 -0.7421703013662004
vn -0.20761310109531034 0.3555343947112815 -0.9113133898011546
vn -0.22071549546856215 0.11251978382965708 -0.9688260774292744
vn -0.22071549546856242 -0.11251978382965709 -0.9688260774292745
vn -0.2076131010953102 -0.3555343947112814 -0.9113133898011547
vn -0.16907935242902394 -0.6485332808362149 -0.7421703013662007
vn -0.07326810913662138 -0.9440336526418578 -0.32160884139466117
vn -0.13745111657988068 0.9584631563729056 -0.24991112105432853
vn -0.3407012461874498 0.7072453038673453 -0.6194568112499088
vn -0.44002401093651017 0.40781002672366756 -0.8000436562481998
vn -0.47771457505373005 0.131801154731739 -0.8685719546431456
vn -0.4777145750537303 -0.13180115473173898 -0.8685719546431455
vn -0.44002401093650995 -0.40781002672366734 -0.8000436562482
vn -0.34070124618745007 -0.7072453038673453 -0.6194568112499087
vn -0.1374511165798807 -0.9584631563729058 -0.24991112105432844
vn -0.18242010541346973 0.9735752157355124 -0.13738342129416145
vn -0.49438169658237935 0.7854678074921524 -0.37232655220625804
vn -0.6949911880699768 0.4929813370968375 -0.5234086833243181
vn -0.787676717285969 0.16632915765784584 -0.5932115983006664
vn -0.7876767172859689 -0.1663291576578458 -0.5932115983006665
vn -0.6949911880699773 -0.4929813370968374 -0.5234086833243179
vn -0.4943816965823793 -0.7854678074921523 -0.37232655220625827
vn -0.18242010541346965 -0.9735752157355125 -0.1373834212941615
vn -0.19876276563765305 0.9800476330240645 -1.638450561146069e-16
vn -0.563026971025441 0.8264385215476813 -5.29901189046091e-16
vn -0.8363969573183946 0.5481241919387719 -5.367587321254049e-16
vn -0.9814964267653059 0.19148045395532295 0
vn -0.9814964267653059 -0.19148045395532293 -6.674793776340735e-16
vn -0.8363969573183948 -0.5481241919387718 -7.01309080469054e-16
vn -0.5630269710254413 -0.8264385215476813 -3.2637657520871826e-16
vn -0.19876276563765308 -0.9800476330240647 -1.638450561146069e-16
vn -0.18242010541346976 0.9735752157355124 0.13738342129416145
vn -0.49438169658237935 0.7854678074921525 0.37232655220625777
vn -0.6949911880699772 0.49298133709683767 0.5234086833243177
vn -0.7876767172859693 0.16632915765784556 0.5932115983006662
vn -0.7876767172859694 -0.16632915765784556 0.5932115983006659
vn -0.6949911880699772 -0.4929813370968375 0.5234086833243178
vn -0.49438169658237957 -0.7854678074921524 0.3723265522062577
vn -0.18242010541346967 -0.9735752157355124 0.13738342129416134
vn -0.13745111657988077 0.9584631563729056 0.2499111210543284
vn -0.34070124618745 0.7072453038673454 0.6194568112499086
vn -0.44002401093650995 0.4078100267236675 0.8000436562481998
vn -0.4777145750537303 0.13180115473173887 0.8685719546431454
vn -0.47771457505373005 -0.1318011547317388 0.8685719546431455
vn -0.4400240109365102 -0.4078100267236675 0.8000436562481997
vn -0.34070124618745007 -0.7072453038673452 0.6194568112499089
vn -0.13745111657988068 -0.9584631563729058 0.24991112105432844
vn -0.07326810913662145 0.9440336526418579 0.32160884139466134
vn -0.16907935242902394 0.6485332808362152 0.7421703013662005
vn -0.20761310109531067 0.3555343947112814 0.9113133898011547
vn -0.22071549546856253 0.11251978382965727 0.9688260774292743
vn -0.22071549546856264 -0.11251978382965729 0.9688260774292744
vn -0.20761310109531034 -0.3555343947112811 0.9113133898011547
vn -0.16907935242902408 -0.648533280836215 0.7421703013662007
vn -0.07326810913662148 -0.9440336526418578 0.3216088413946611
vn -7.84282092059834e-17 0.9382447370383332 0.3459722726171405
vn -2.0138394340411177e-16 0.6281603132460974 0.7780839420413229
vn -2.075327035548805e-16 0.33908328231257817 0.9407563593492889
vn 0 0.10668727764975144 0.9942926253310365
vn -1.8594993957906834e-16 -0.10668727764975144 0.9942926253310366
vn -2.7115454446547485e-16 -0.3390832823125781 0.940756359349289
vn -2.4807267131662677e-16 -0.6281603132460972 0.7780839420413233
vn -7.842820920598335e-17 -0.9382447370383332 0.34597227261714036
usemtl m_3be25f79-071f-aaae-ced0-88ed625c361a
f 1136/4913/1401 1143/4914/1401 1135/4915/1401
f 1136/4916/1402 1137/4917/1402 1144/4918/1402 1143/4919/1402
f 1137/4920/1403 1138/4921/1403 1145/4922/1403 1144/4923/1403
f 1138/4924/1404 1139/4925/1404 1146/4926/1404 1145/4927/1404
f 1139/4928/1405 1140/4929/1405 1147/4930/1405 1146/4931/1405
f 1140/4932/1406 1141/4933/1406 1148/4934/1406 1147/4935/1406
f 1141/4936/1407 1142/4937/1407 1149/4938/1407 1148/4939/1407
f 1149/4940/1408 1142/4941/1408 1134/4942/1408
f 1143/4943/1409 1150/4944/1409 1135/4945/1409
f 1143/4946/1410 1144/4947/1410 1151/4948/1410 1150/4949/1410
f 1144/4950/1411 1145/4951/1411 1152/4952/1411 1151/4953/1411
f 1145/4954/1412 1146/4955/1412 1153/4956/1412 1152/4957/1412
f 1146/4958/1413 1147/4959/1413 1154/4960/1413 1153/4961/1413
f 1147/4962/1414 1148/4963/1414 1155/4964/1414 1154/4965/1414
f 1148/4966/1415 1149/4967/1415 1156/4968/1415 1155/4969/1415
f 1156/4970/1416 1149/4971/1416 1134/4972/1416
f 1150/4973/1417 1157/4974/1417 1135/4975/1417
f 1150/4976/1418 1151/4977/1418 1158/4978/1418 1157/4979/1418
f 1151/4980/1419 1152/4981/1419 1159/4982/1419 1158/4983/1419
f 1152/4984/1420 1153/4985/1420 1160/4986/1420 1159/4987/1420
f 1153/4988/1421 1154/4989/1421 1161/4990/1421 1160/4991/1421
f 1154/4992/1422 1155/4993/1422 1162/4994/1422 1161/4995/1422
f 1155/4996/1423 1156/4997/1423 1163/4998/1423 1162/4999/1423
f 1163/5000/1424 1156/5001/1424 1134/5002/1424
f 1157/5003/1425 1164/5004/1425 1135/5005/1425
f 1157/5006/1426 1158/5007/1426 1165/5008/1426 1164/5009/1426
f 1158/5010/1427 1159/5011/1427 1166/5012/1427 1165/5013/1427
f 1159/5014/1428 1160/5015/1428 1167/5016/1428 1166/5017/1428
f 1160/5018/1429 1161/5019/1429 1168/5020/1429 1167/5021/1429
f 1161/5022/1430 1162/5023/1430 1169/5024/1430 1168/5025/1430
f 1162/5026/1431 1163/5027/1431 1170/5028/1431 1169/5029/1431
f 1170/5030/1432 1163/5031/1432 1134/5032/1432
f 1164/5033/1433 1171/5034/1433 1135/5035/1433
f 1164/5036/1434 1165/5037/1434 1172/5038/1434 1171/5039/1434
f 1165/5040/1435 1166/5041/1435 1173/5042/1435 1172/5043/1435
f 1166/5044/1436 1167/5045/1436 1174/5046/1436 1173/5047/1436
f 1167/5048/1437 1168/5049/1437 1175/5050/1437 1174/5051/1437
f 1168/5052/1438 1169/5053/1438 1176/5054/1438 1175/5055/1438
f 1169/5056/1439 1170/5057/1439 1177/5058/1439 1176/5059/1439
f 1177/5060/1440 1170/5061/1440 1134/5062/1440
f 1171/5063/1441 1178/5064/1441 1135/5065/1441
f 1171/5066/1442 1172/5067/1442 1179/5068/1442 1178/5069/1442
f 1172/5070/1443 1173/5071/1443 1180/5072/1443 1179/5073/1443
f 1173/5074/1444 1174/5075/1444 1181/5076/1444 1180/5077/1444
f 1174/5078/1445 1175/5079/1445 1182/5080/1445 1181/5081/1445
f 1175/5082/1446 1176/5083/1446 1183/5084/1446 1182/5085/1446
f 1176/5086/1447 1177/5087/1447 1184/5088/1447 1183/5089/1447
f 1184/5090/1448 1177/5091/1448 1134/5092/1448
f 1178/5093/1449 1185/5094/1449 1135/5095/1449
f 1178/5096/1450 1179/5097/1450 1186/5098/1450 1185/5099/1450
f 1179/5100/1451 1180/5101/1451 1187/5102/1451 1186/5103/1451
f 1180/5104/1452 1181/5105/1452 1188/5106/1452 1187/5107/1452
f 1181/5108/1453 1182/5109/1453 1189/5110/1453 1188/5111/1453
f 1182/5112/1454 1183/5113/1454 1190/5114/1454 1189/5115/1454
f 1183/5116/1455 1184/5117/1455 1191/5118/1455 1190/5119/1455
f 1191/5120/1456 1184/5121/1456 1134/5122/1456
f 1185/5123/1457 1192/5124/1457 1135/5125/1457
f 1185/5126/1458 1186/5127/1458 1193/5128/1458 1192/5129/1458
f 1186/5130/1459 1187/5131/1459 1194/5132/1459 1193/5133/1459
f 1187/5134/1460 1188/5135/1460 1195/5136/1460 1194/5137/1460
f 1188/5138/1461 1189/5139/1461 1196/5140/1461 1195/5141/1461
f 1189/5142/1462 1190/5143/1462 1197/5144/1462 1196/5145/1462
f 1190/5146/1463 1191/5147/1463 1133/5148/1463 1197/5149/1463
f 1133/5150/1464 1191/5151/1464 1134/5152/1464
f 1192/5153/1465 1198/5154/1465 1135/5155/1465
f 1192/5156/1466 1193/5157/1466 1199/5158/1466 1198/5159/1466
f 1193/5160/1467 1194/5161/1467 1200/5162/1467 1199/5163/1467
f 1194/5164/1468 1195/5165/1468 1201/5166/1468 1200/5167/1468
f 1195/5168/1469 1196/5169/1469 1202/5170/1469 1201/5171/1469
f 1196/5172/1470 1197/5173/1470 1203/5174/1470 1202/5175/1470
f 1197/5176/1471 1133/5177/1471 1204/5178/1471 1203/5179/1471
f 1204/5180/1472 1133/5181/1472 1134/5182/1472
f 1198/5183/1473 1205/5184/1473 1135/5185/1473
f 1198/5186/1474 1199/5187/1474 1206/5188/1474 1205/5189/1474
f 1199/5190/1475 1200/5191/1475 1207/5192/1475 1206/5193/1475
f 1200/5194/1476 1201/5195/1476 1208/5196/1476 1207/5197/1476
f 1201/5198/1477 1202/5199/1477 1209/5200/1477 1208/5201/1477
f 1202/5202/1478 1203/5203/1478 1210/5204/1478 1209/5205/1478
f 1203/5206/1479 1204/5207/1479 1211/5208/1479 1210/5209/1479
f 1211/5210/1480 1204/5211/1480 1134/5212/1480
f 1205/5213/1481 1212/5214/1481 1135/5215/1481
f 1205/5216/1482 1206/5217/1482 1213/5218/1482 1212/5219/1482
f 1206/5220/1483 1207/5221/1483 1214/5222/1483 1213/5223/1483
f 1207/5224/1484 1208/5225/1484 1215/5226/1484 1214/5227/1484
f 1208/5228/1485 1209/5229/1485 1216/5230/1485 1215/5231/1485
f 1209/5232/1486 1210/5233/1486 1217/5234/1486 1216/5235/1486
f 1210/5236/1487 1211/5237/1487 1218/5238/1487 1217/5239/1487
f 1218/5240/1488 1211/5241/1488 1134/5242/1488
f 1212/5243/1489 1219/5244/1489 1135/5245/1489
f 1212/5246/1490 1213/5247/1490 1220/5248/1490 1219/5249/1490
f 1213/5250/1491 1214/5251/1491 1221/5252/1491 1220/5253/1491
f 1214/5254/1492 1215/5255/1492 1222/5256/1492 1221/5257/1492
f 1215/5258/1493 1216/5259/1493 1223/5260/1493 1222/5261/1493
f 1216/5262/1494 1217/5263/1494 1224/5264/1494 1223/5265/1494
f 1217/5266/1495 1218/5267/1495 1225/5268/1495 1224/5269/1495
f 1225/5270/1496 1218/5271/1496 1134/5272/1496
f 1219/5273/1497 1226/5274/1497 1135/5275/1497
f 1219/5276/1498 1220/5277/1498 1227/5278/1498 1226/5279/1498
f 1220/5280/1499 1221/5281/1499 1228/5282/1499 1227/5283/1499
f 1221/5284/1500 1222/5285/1500 1229/5286/1500 1228/5287/1500
f 1222/5288/1501 1223/5289/1501 1230/5290/1501 1229/5291/1501
f 1223/5292/1502 1224/5293/1502 1231/5294/1502 1230/5295/1502
f 1224/5296/1503 1225/5297/1503 1232/5298/1503 1231/5299/1503
f 1232/5300/1504 1225/5301/1504 1134/5302/1504
f 1226/5303/1505 1233/5304/1505 1135/5305/1505
f 1226/5306/1506 1227/5307/1506 1234/5308/1506 1233/5309/1506
f 1227/5310/1507 1228/5311/1507 1235/5312/1507 1234/5313/1507
f 1228/5314/1508 1229/5315/1508 1236/5316/1508 1235/5317/1508
f 1229/5318/1509 1230/5319/1509 1237/5320/1509 1236/5321/1509
f 1230/5322/1510 1231/5323/1510 1238/5324/1510 1237/5325/1510
f 1231/5326/1511 1232/5327/1511 1239/5328/1511 1238/5329/1511
f 1239/5330/1512 1232/5331/1512 1134/5332/1512
f 1233/5333/1513 1240/5334/1513 1135/5335/1513
f 1233/5336/1514 1234/5337/1514 1241/5338/1514 1240/5339/1514
f 1234/5340/1515 1235/5341/1515 1242/5342/1515 1241/5343/1515
f 1235/5344/1516 1236/5345/1516 1243/5346/1516 1242/5347/1516
f 1236/5348/1517 1237/5349/1517 1244/5350/1517 1243/5351/1517
f 1237/5352/1518 1238/5353/1518 1245/5354/1518 1244/5355/1518
f 1238/5356/1519 1239/5357/1519 1246/5358/1519 1245/5359/1519
f 1246/5360/1520 1239/5361/1520 1134/5362/1520
f 1240/5363/1521 1136/5364/1521 1135/5365/1521
f 1240/5366/1522 1241/5367/1522 1137/5368/1522 1136/5369/1522
f 1241/5370/1523 1242/5371/1523 1138/5372/1523 1137/5373/1523
f 1242/5374/1524 1243/5375/1524 1139/5376/1524 1138/5377/1524
f 1243/5378/1525 1244/5379/1525 1140/5380/1525 1139/5381/1525
f 1244/5382/1526 1245/5383/1526 1141/5384/1526 1140/5385/1526
f 1245/5386/1527 1246/5387/1527 1142/5388/1527 1141/5389/1527
f 1142/5390/1528 1246/5391/1528 1134/5392/1528
o guard_left_rivet_high
v -0.13068749999999998 2.286875 -1.600460285635697e-17
v -0.13068749999999998 2.338125 -1.600460285635697e-17
v -0.12877439300245996 2.336174413020602 0.005289811098767397
v -0.1271525392029373 2.330619611267905 0.00977429641000449
v -0.12606885114026797 2.3223062629543554 0.012770733697035998
v -0.1256883104983367 2.3125 0.013822942545683012
v -0.12606885114026797 2.3026937370456446 0.012770733697035998
v -0.1271525392029373 2.294380388732095 0.009774296410004492
v -0.12877439300245996 2.288825586979398 0.005289811098767399
v -0.12523943220539724 2.336174413020602 0.004484485311237079
v -0.12062078334566524 2.330619611267905 0.008286248385798903
v -0.11753470084154198 2.3223062629543554 0.010826505258651508
v -0.11645101277887268 2.3125 0.011718524848388982
v -0.11753470084154198 2.3026937370456446 0.010826505258651508
v -0.12062078334566524 2.294380388732095 0.008286248385798905
v -0.12523943220539724 2.288825586979398 0.00448448531123708
v -0.12253389034320526 2.336174413020602 0.00299643728703149
v -0.11562159384400195 2.330619611267905 0.0055366941598840955
v -0.11100294498426994 2.3223062629543554 0.007234039537151887
v -0.10938109118474726 2.3125 0.007830067971620005
v -0.11100294498426994 2.3026937370456446 0.007234039537151887
v -0.11562159384400195 2.294380388732095 0.005536694159884096
v -0.12253389034320526 2.288825586979398 0.0029964372870314904
v -0.12106966163860469 2.336174413020602 0.0010522088486470006
v -0.11291605198180997 2.330619611267905 0.0019442284383844734
v -0.10746798418720724 2.3223062629543554 0.00254025687285259
v -0.1055548771896672 2.3125 0.002749554225914793
v -0.10746798418720724 2.3026937370456446 0.00254025687285259
v -0.11291605198180997 2.294380388732095 0.0019442284383844738
v -0.12106966163860469 2.288825586979398 0.0010522088486470008
v -0.12106966163860469 2.336174413020602 -0.0010522088486470318
v -0.11291605198180997 2.330619611267905 -0.0019442284383845041
v -0.10746798418720724 2.3223062629543554 -0.0025402568728526208
v -0.1055548771896672 2.3125 -0.002749554225914823
v -0.10746798418720724 2.3026937370456446 -0.0025402568728526208
v -0.11291605198180997 2.294380388732095 -0.0019442284383845048
v -0.12106966163860469 2.288825586979398 -0.001052208848647032
v -0.12253389034320526 2.336174413020602 -0.00299643728703152
v -0.11562159384400195 2.330619611267905 -0.005536694159884122
v -0.11100294498426994 2.3223062629543554 -0.007234039537151915
v -0.10938109118474726 2.3125 -0.00783006797162003
v -0.11100294498426994 2.3026937370456446 -0.007234039537151915
v -0.11562159384400195 2.294380388732095 -0.005536694159884124
v -0.12253389034320526 2.288825586979398 -0.0029964372870315207
v -0.12523943220539724 2.336174413020602 -0.0044844853112371115
v -0.12062078334566524 2.330619611267905 -0.008286248385798936
v -0.11753470084154198 2.3223062629543554 -0.010826505258651541
v -0.11645101277887268 2.3125 -0.011718524848389013
v -0.11753470084154198 2.3026937370456446 -0.010826505258651541
v -0.12062078334566524 2.294380388732095 -0.008286248385798936
v -0.12523943220539724 2.288825586979398 -0.004484485311237112
v -0.12877439300245996 2.336174413020602 -0.005289811098767428
v -0.12715253920293726 2.330619611267905 -0.009774296410004522
v -0.12606885114026797 2.3223062629543554 -0.012770733697036029
v -0.12568831049833668 2.3125 -0.013822942545683043
v -0.12606885114026797 2.3026937370456446 -0.012770733697036029
v -0.12715253920293726 2.294380388732095 -0.009774296410004523
v -0.12877439300245996 2.288825586979398 -0.00528981109876743
v -0.13260060699754 2.336174413020602 -0.005289811098767428
v -0.13422246079706268 2.330619611267905 -0.009774296410004522
v -0.135306148859732 2.3223062629543554 -0.012770733697036029
v -0.13568668950166327 2.3125 -0.013822942545683043
v -0.135306148859732 2.3026937370456446 -0.012770733697036029
v -0.13422246079706268 2.294380388732095 -0.009774296410004523
v -0.13260060699754 2.288825586979398 -0.00528981109876743
v -0.13613556779460273 2.336174413020602 -0.0044844853112371115
v -0.1407542166543347 2.330619611267905 -0.008286248385798936
v -0.14384029915845797 2.3223062629543554 -0.010826505258651543
v -0.1449239872211273 2.3125 -0.011718524848389016
v -0.14384029915845797 2.3026937370456446 -0.010826505258651543
v -0.14075421665433474 2.294380388732095 -0.008286248385798937
v -0.13613556779460273 2.288825586979398 -0.004484485311237113
v -0.1388411096567947 2.336174413020602 -0.002996437287031521
v -0.14575340615599802 2.330619611267905 -0.005536694159884125
v -0.15037205501573003 2.3223062629543554 -0.007234039537151917
v -0.1519939088152527 2.3125 -0.007830067971620034
v -0.15037205501573003 2.3026937370456446 -0.007234039537151917
v -0.14575340615599802 2.294380388732095 -0.005536694159884127
v -0.1388411096567947 2.288825586979398 -0.002996437287031522
v -0.14030533836139528 2.336174413020602 -0.0010522088486470344
v -0.14845894801818998 2.330619611267905 -0.001944228438384509
v -0.15390701581279273 2.3223062629543554 -0.002540256872852627
v -0.15582012281033275 2.3125 -0.00274955422591483
v -0.15390701581279273 2.3026937370456446 -0.002540256872852627
v -0.14845894801818998 2.294380388732095 -0.0019442284383845094
v -0.14030533836139528 2.288825586979398 -0.0010522088486470346
v -0.14030533836139528 2.336174413020602 0.0010522088486470003
v -0.14845894801818998 2.330619611267905 0.0019442284383844734
v -0.15390701581279273 2.3223062629543554 0.00254025687285259
v -0.15582012281033275 2.3125 0.0027495542259147925
v -0.15390701581279273 2.3026937370456446 0.00254025687285259
v -0.14845894801818998 2.294380388732095 0.0019442284383844734
v -0.14030533836139528 2.288825586979398 0.0010522088486470006
v -0.1388411096567947 2.336174413020602 0.002996437287031487
v -0.14575340615599802 2.330619611267905 0.005536694159884091
v -0.15037205501573003 2.3223062629543554 0.007234039537151882
v -0.1519939088152527 2.3125 0.007830067971619998
v -0.15037205501573003 2.3026937370456446 0.007234039537151882
v -0.14575340615599802 2.294380388732095 0.005536694159884091
v -0.1388411096567947 2.288825586979398 0.0029964372870314882
v -0.13613556779460273 2.336174413020602 0.004484485311237079
v -0.14075421665433474 2.330619611267905 0.008286248385798903
v -0.14384029915845797 2.3223062629543554 0.010826505258651508
v -0.1449239872211273 2.3125 0.011718524848388982
v -0.14384029915845797 2.3026937370456446 0.010826505258651508
v -0.14075421665433474 2.294380388732095 0.008286248385798905
v -0.13613556779460273 2.288825586979398 0.00448448531123708
v -0.13260060699754 2.336174413020602 0.005289811098767396
v -0.1342224607970627 2.330619611267905 0.009774296410004489
v -0.135306148859732 2.3223062629543554 0.012770733697035996
v -0.1356866895016633 2.3125 0.013822942545683012
v -0.135306148859732 2.3026937370456446 0.012770733697035996
v -0.1342224607970627 2.294380388732095 0.00977429641000449
v -0.13260060699754 2.288825586979398 0.005289811098767398
vt 0.5 0.5
vt 0.5 0.5
vt 0.5 0.5
vt 0.5 0.5
vt 0.5 0.5
vt 0.5 0.5
vt 0.5 0.5
vt 0.5 0.5
vt 0.5 0.5
vt 0.5 0.5
vt 0.5 0.5
vt 0.5 0.5
vt 0.5 0.5
vt 0.5 0.5
vt 0.5 0.5
vt 0.5 0.5
vt 0.5 0.5
vt 0.5 0.5
vt 0.5 0.5
vt 0.5 0.5
vt 0.5 0.5
vt 0.5 0.5
vt 0.5 0.5
vt 0.5 0.5
vt 0.5 0.5
vt 0.5 0.5
vt 0.5 0.5
vt 0.5 0.5
vt 0.5 0.5
vt 0.5 0.5
vt 0.5 0.5
vt 0.5 0.5
vt 0.5 0.5
vt 0.5 0.5
vt 0.5 0.5
vt 0.5 0.5
vt 0.5 0.5
vt 0.5 0.5
vt 0.5 0.5
vt 0.5 0.5
vt 0.5 0.5
vt 0.5 0.5
vt 0.5 0.5
vt 0.5 0.5
vt 0.5 0.5
vt 0.5 0.5
vt 0.5 0.5
vt 0.5 0.5
vt 0.5 0.5
vt 0.5 0.5
vt 0.5 0.5
vt 0.5 0.5
vt 0.5 0.5
vt 0.5 0.5
vt 0.5 0.5
vt 0.5 0.5
vt 0.5 0.5
vt 0.5 0.5
vt 0.5 0.5
vt 0.5 0.5
vt 0.5 0.5
vt 0.5 0.5
vt 0.5 0.5
vt 0.5 0.5
vt 0.5 0.5
vt 0.5 0.5
vt 0.5 0.5
vt 0.5 0.5
vt 0.5 0.5
vt 0.5 0.5
vt 0.5 0.5
vt 0.5 0.5
vt 0.5 0.5
vt 0.5 0.5
vt 0.5 0.5
vt 0.5 0.5
vt 0.5 0.5
vt 0.5 0.5
vt 0.5 0.5
vt 0.5 0.5
vt 0.5 0.5
vt 0.5 0.5
vt 0.5 0.5
vt 0.5 0.5
vt 0.5 0.5
vt 0.5 0.5
vt 0.5 0.5
vt 0.5 0.5
vt 0.5 0.5
vt 0.5 0.5
vt 0.5 0.5
vt 0.5 0.5
vt 0.5 0.5
vt 0.5 0.5
vt 0.5 0.5
vt 0.5 0.5
vt 0.5 0.5
vt 0.5 0.5
vt 0.5 0.5
vt 0.5 0.5
vt 0.5 0.5
vt 0.5 0.5
vt 0.5 0.5
vt 0.5 0.5
vt 0.5 0.5
vt 0.5 0.5
vt 0.5 0.5
vt 0.5 0.5
vt 0.5 0.5
vt 0.5 0.5
vt 0.5 0.5
vt 0.5 0.5
vt 0.5 0.5
vt 0.5 0.5
vt 0.5 0.5
vt 0.5 0.5
vt 0.5 0.5
vt 0.5 0.5
vt 0.5 0.5
vt 0.5 0.5
vt 0.5 0.5
vt 0.5 0.5
vt 0.5 0.5
vt 0.5 0.5
vt 0.5 0.5
vt 0.5 0.5
vt 0.5 0.5
vt 0.5 0.5
vt 0.5 0.5
vt 0.5 0.5
vt 0.5 0.5
vt 0.5 0.5
vt 0.5 0.5
vt 0.5 0.5
vt 0.5 0.5
vt 0.5 0.5
vt 0.5 0.5
vt 0.5 0.5
vt 0.5 0.5
vt 0.5 0.5
vt 0.5 0.5
vt 0.5 0.5
vt 0.5 0.5
vt 0.5 0.5
vt 0.5 0.5
vt 0.5 0.5
vt 0.5 0.5
vt 0.5 0.5
vt 0.5 0.5
vt 0.5 0.5
vt 0.5 0.5
vt 0.5 0.5
vt 0.5 0.5
vt 0.5 0.5
vt 0.5 0.5
vt 0.5 0.5
vt 0.5 0.5
vt 0.5 0.5
vt 0.5 0.5
vt 0.5 0.5
vt 0.5 0.5
vt 0.5 0.5
vt 0.5 0.5
vt 0.5 0.5
vt 0.5 0.5
vt 0.5 0.5
vt 0.5 0.5
vt 0.5 0.5
vt 0.5 0.5
vt 0.5 0.5
vt 0.5 0.5
vt 0.5 0.5
vt 0.5 0.5
vt 0.5 0.5
vt 0.5 0.5
vt 0.5 0.5
vt 0.5 0.5
vt 0.5 0.5
vt 0.5 0.5
vt 0.5 0.5
vt 0.5 0.5
vt 0.5 0.5
vt 0.5 0.5
vt 0.5 0.5
vt 0.5 0.5
vt 0.5 0.5
vt 0.5 0.5
vt 0.5 0.5
vt 0.5 0.5
vt 0.5 0.5
vt 0.5 0.5
vt 0.5 0.5
vt 0.5 0.5
vt 0.5 0.5
vt 0.5 0.5
vt 0.5 0.5
vt 0.5 0.5
vt 0.5 0.5
vt 0.5 0.5
vt 0.5 0.5
vt 0.5 0.5
vt 0.5 0.5
vt 0.5 0.5
vt 0.5 0.5
vt 0.5 0.5
vt 0.5 0.5
vt 0.5 0.5
vt 0.5 0.5
vt 0.5 0.5
vt 0.5 0.5
vt 0.5 0.5
vt 0.5 0.5
vt 0.5 0.5
vt 0.5 0.5
vt 0.5 0.5
vt 0.5 0.5
vt 0.5 0.5
vt 0.5 0.5
vt 0.5 0.5
vt 0.5 0.5
vt 0.5 0.5
vt 0.5 0.5
vt 0.5 0.5
vt 0.5 0.5
vt 0.5 0.5
vt 0.5 0.5
vt 0.5 0.5
vt 0.5 0.5
vt 0.5 0.5
vt 0.5 0.5
vt 0.5 0.5
vt 0.5 0.5
vt 0.5 0.5
vt 0.5 0.5
vt 0.5 0.5
vt 0.5 0.5
vt 0.5 0.5
vt 0.5 0.5
vt 0.5 0.5
vt 0.5 0.5
vt 0.5 0.5
vt 0.5 0.5
vt 0.5 0.5
vt 0.5 0.5
vt 0.5 0.5
vt 0.5 0.5
vt 0.5 0.5
vt 0.5 0.5
vt 0.5 0.5
vt 0.5 0.5
vt 0.5 0.5
vt 0.5 0.5
vt 0.5 0.5
vt 0.5 0.5
vt 0.5 0.5
vt 0.5 0.5
vt 0.5 0.5
vt 0.5 0.5
vt 0.5 0.5
vt 0.5 0.5
vt 0.5 0.5
vt 0.5 0.5
vt 0.5 0.5
vt 0.5 0.5
vt 0.5 0.5
vt 0.5 0.5
vt 0.5 0.5
vt 0.5 0.5
vt 0.5 0.5
vt 0.5 0.5
vt 0.5 0.5
vt 0.5 0.5
vt 0.5 0.5
vt 0.5 0.5
vt 0.5 0.5
vt 0.5 0.5
vt 0.5 0.5
vt 0.5 0.5
vt 0.5 0.5
vt 0.5 0.5
vt 0.5 0.5
vt 0.5 0.5
vt 0.5 0.5
vt 0.5 0.5
vt 0.5 0.5
vt 0.5 0.5
vt 0.5 0.5
vt 0.5 0.5
vt 0.5 0.5
vt 0.5 0.5
vt 0.5 0.5
vt 0.5 0.5
vt 0.5 0.5
vt 0.5 0.5
vt 0.5 0.5
vt 0.5 0.5
vt 0.5 0.5
vt 0.5 0.5
vt 0.5 0.5
vt 0.5 0.5
vt 0.5 0.5
vt 0.5 0.5
vt 0.5 0.5
vt 0.5 0.5
vt 0.5 0.5
vt 0.5 0.5
vt 0.5 0.5
vt 0.5 0.5
vt 0.5 0.5
vt 0.5 0.5
vt 0.5 0.5
vt 0.5 0.5
vt 0.5 0.5
vt 0.5 0.5
vt 0.5 0.5
vt 0.5 0.5
vt 0.5 0.5
vt 0.5 0.5
vt 0.5 0.5
vt 0.5 0.5
vt 0.5 0.5
vt 0.5 0.5
vt 0.5 0.5
vt 0.5 0.5
vt 0.5 0.5
vt 0.5 0.5
vt 0.5 0.5
vt 0.5 0.5
vt 0.5 0.5
vt 0.5 0.5
vt 0.5 0.5
vt 0.5 0.5
vt 0.5 0.5
vt 0.5 0.5
vt 0.5 0.5
vt 0.5 0.5
vt 0.5 0.5
vt 0.5 0.5
vt 0.5 0.5
vt 0.5 0.5
vt 0.5 0.5
vt 0.5 0.5
vt 0.5 0.5
vt 0.5 0.5
vt 0.5 0.5
vt 0.5 0.5
vt 0.5 0.5
vt 0.5 0.5
vt 0.5 0.5
vt 0.5 0.5
vt 0.5 0.5
vt 0.5 0.5
vt 0.5 0.5
vt 0.5 0.5
vt 0.5 0.5
vt 0.5 0.5
vt 0.5 0.5
vt 0.5 0.5
vt 0.5 0.5
vt 0.5 0.5
vt 0.5 0.5
vt 0.5 0.5
vt 0.5 0.5
vt 0.5 0.5
vt 0.5 0.5
vt 0.5 0.5
vt 0.5 0.5
vt 0.5 0.5
vt 0.5 0.5
vt 0.5 0.5
vt 0.5 0.5
vt 0.5 0.5
vt 0.5 0.5
vt 0.5 0.5
vt 0.5 0.5
vt 0.5 0.5
vt 0.5 0.5
vt 0.5 0.5
vt 0.5 0.5
vt 0.5 0.5
vt 0.5 0.5
vt 0.5 0.5
vt 0.5 0.5
vt 0.5 0.5
vt 0.5 0.5
vt 0.5 0.5
vt 0.5 0.5
vt 0.5 0.5
vt 0.5 0.5
vt 0.5 0.5
vt 0.5 0.5
vt 0.5 0.5
vt 0.5 0.5
vt 0.5 0.5
vt 0.5 0.5
vt 0.5 0.5
vt 0.5 0.5
vt 0.5 0.5
vt 0.5 0.5
vt 0.5 0.5
vt 0.5 0.5
vt 0.5 0.5
vt 0.5 0.5
vt 0.5 0.5
vt 0.5 0.5
vt 0.5 0.5
vt 0.5 0.5
vt 0.5 0.5
vt 0.5 0.5
vt 0.5 0.5
vt 0.5 0.5
vt 0.5 0.5
vt 0.5 0.5
vt 0.5 0.5
vt 0.5 0.5
vt 0.5 0.5
vt 0.5 0.5
vt 0.5 0.5
vt 0.5 0.5
vt 0.5 0.5
vt 0.5 0.5
vt 0.5 0.5
vt 0.5 0.5
vt 0.5 0.5
vt 0.5 0.5
vt 0.5 0.5
vt 0.5 0.5
vt 0.5 0.5
vt 0.5 0.5
vt 0.5 0.5
vt 0.5 0.5
vt 0.5 0.5
vt 0.5 0.5
vt 0.5 0.5
vt 0.5 0.5
vt 0.5 0.5
vt 0.5 0.5
vt 0.5 0.5
vt 0.5 0.5
vt 0.5 0.5
vt 0.5 0.5
vt 0.5 0.5
vt 0.5 0.5
vt 0.5 0.5
vt 0.5 0.5
vt 0.5 0.5
vt 0.5 0.5
vt 0.5 0.5
vt 0.5 0.5
vt 0.5 0.5
vt 0.5 0.5
vt 0.5 0.5
vt 0.5 0.5
vt 0.5 0.5
vt 0.5 0.5
vt 0.5 0.5
vt 0.5 0.5
vt 0.5 0.5
vt 0.5 0.5
vt 0.5 0.5
vt 0.5 0.5
vt 0.5 0.5
vt 0.5 0.5
vt 0.5 0.5
vt 0.5 0.5
vt 0.5 0.5
vt 0.5 0.5
vt 0.5 0.5
vt 0.5 0.5
vt 0.5 0.5
vt 0.5 0.5
vt 0.5 0.5
vt 0.5 0.5
vt 0.5 0.5
vt 0.5 0.5
vt 0.5 0.5
vt 0.5 0.5
vt 0.5 0.5
vt 0.5 0.5
vt 0.5 0.5
vn 0.07326810913662143 0.9440336526418578 0.3216088413946613
vn 0.169079352429024 0.6485332808362152 0.7421703013662004
vn 0.2076131010953105 0.3555343947112815 0.9113133898011545
vn 0.22071549546856237 0.11251978382965709 0.9688260774292745
vn 0.2207154954685626 -0.11251978382965705 0.9688260774292744
vn 0.20761310109531025 -0.35553439471128145 0.9113133898011546
vn 0.16907935242902414 -0.648533280836215 0.7421703013662007
vn 0.07326810913662148 -0.9440336526418578 0.3216088413946612
vn 0.13745111657988066 0.9584631563729057 0.24991112105432853
vn 0.3407012461874497 0.7072453038673454 0.6194568112499087
vn 0.44002401093650995 0.40781002672366734 0.8000436562482001
vn 0.47771457505372983 0.13180115473173906 0.8685719546431456
vn 0.47771457505372994 -0.13180115473173903 0.8685719546431455
vn 0.44002401093650995 -0.4078100267236671 0.8000436562482001
vn 0.34070124618744996 -0.7072453038673453 0.6194568112499088
vn 0.13745111657988066 -0.9584631563729058 0.24991112105432844
vn 0.18242010541346976 0.9735752157355124 0.13738342129416142
vn 0.4943816965823793 0.7854678074921524 0.37232655220625793
vn 0.694991188069977 0.49298133709683745 0.523408683324318
vn 0.7876767172859693 0.16632915765784592 0.593211598300666
vn 0.787676717285969 -0.1663291576578459 0.5932115983006664
vn 0.6949911880699773 -0.49298133709683734 0.5234086833243178
vn 0.4943816965823794 -0.7854678074921522 0.3723265522062582
vn 0.18242010541346965 -0.9735752157355124 0.1373834212941615
vn 0.19876276563765308 0.9800476330240646 0
vn 0.563026971025441 0.8264385215476814 0
vn 0.8363969573183947 0.5481241919387719 0
vn 0.9814964267653061 0.1914804539553227 0
vn 0.981496426765306 -0.1914804539553226 0
vn 0.8363969573183947 -0.5481241919387718 0
vn 0.5630269710254412 -0.8264385215476812 0
vn 0.19876276563765302 -0.9800476330240646 0
vn 0.18242010541346976 0.9735752157355124 -0.13738342129416134
vn 0.4943816965823794 0.7854678074921525 -0.37232655220625765
vn 0.6949911880699772 0.4929813370968378 -0.5234086833243173
vn 0.7876767172859694 0.16632915765784556 -0.5932115983006659
vn 0.7876767172859697 -0.16632915765784553 -0.5932115983006657
vn 0.6949911880699773 -0.49298133709683756 -0.5234086833243176
vn 0.4943816965823796 -0.7854678074921524 -0.37232655220625754
vn 0.18242010541346967 -0.9735752157355124 -0.13738342129416126
vn 0.13745111657988077 0.9584631563729058 -0.24991112105432842
vn 0.3407012461874501 0.7072453038673456 -0.6194568112499085
vn 0.44002401093650995 0.4078100267236676 -0.8000436562481998
vn 0.4777145750537301 0.13180115473173884 -0.8685719546431454
vn 0.47771457505373005 -0.1318011547317388 -0.8685719546431455
vn 0.44002401093651 -0.40781002672366745 -0.8000436562481998
vn 0.34070124618745 -0.7072453038673453 -0.6194568112499088
vn 0.13745111657988068 -0.9584631563729058 -0.24991112105432842
vn 0.07326810913662143 0.9440336526418579 -0.3216088413946613
vn 0.1690793524290239 0.6485332808362152 -0.7421703013662005
vn 0.2076131010953106 0.35553439471128134 -0.9113133898011546
vn 0.22071549546856253 0.1125197838296571 -0.9688260774292744
vn 0.2207154954685626 -0.1125197838296571 -0.9688260774292743
vn 0.20761310109531048 -0.35553439471128134 -0.9113133898011546
vn 0.16907935242902403 -0.6485332808362149 -0.7421703013662007
vn 0.07326810913662145 -0.9440336526418578 -0.32160884139466117
vn 0 0.9382447370383332 -0.3459722726171404
vn 0 0.6281603132460976 -0.778083942041323
vn 0 0.33908328231257817 -0.9407563593492889
vn 0 0.10668727764975125 -0.9942926253310365
vn 0 -0.10668727764975125 -0.9942926253310366
vn 0 -0.3390832823125781 -0.940756359349289
vn 0 -0.6281603132460973 -0.7780839420413231
vn 0 -0.9382447370383332 -0.34597227261714036
vn -0.07326810913662145 0.9440336526418579 -0.32160884139466134
vn -0.16907935242902397 0.6485332808362152 -0.7421703013662004
vn -0.20761310109531034 0.3555343947112815 -0.9113133898011546
vn -0.22071549546856215 0.11251978382965708 -0.9688260774292744
vn -0.22071549546856242 -0.11251978382965709 -0.9688260774292745
vn -0.2076131010953102 -0.3555343947112814 -0.9113133898011547
vn -0.16907935242902394 -0.6485332808362149 -0.7421703013662007
vn -0.07326810913662138 -0.9440336526418578 -0.32160884139466117
vn -0.13745111657988068 0.9584631563729056 -0.24991112105432853
vn -0.3407012461874498 0.7072453038673453 -0.6194568112499088
vn -0.44002401093651017 0.40781002672366756 -0.8000436562481998
vn -0.47771457505373005 0.131801154731739 -0.8685719546431456
vn -0.4777145750537303 -0.13180115473173898 -0.8685719546431455
vn -0.44002401093650995 -0.40781002672366734 -0.8000436562482
vn -0.34070124618745007 -0.7072453038673453 -0.6194568112499087
vn -0.1374511165798807 -0.9584631563729058 -0.24991112105432844
vn -0.18242010541346973 0.9735752157355124 -0.13738342129416145
vn -0.49438169658237935 0.7854678074921524 -0.37232655220625804
vn -0.6949911880699768 0.4929813370968375 -0.5234086833243181
vn -0.787676717285969 0.16632915765784584 -0.5932115983006664
vn -0.7876767172859689 -0.1663291576578458 -0.5932115983006665
vn -0.6949911880699773 -0.4929813370968374 -0.5234086833243179
vn -0.4943816965823793 -0.7854678074921523 -0.37232655220625827
vn -0.18242010541346965 -0.9735752157355125 -0.1373834212941615
vn -0.19876276563765305 0.9800476330240645 -1.638450561146069e-16
vn -0.563026971025441 0.8264385215476813 -5.29901189046091e-16
vn -0.8363969573183946 0.5481241919387719 -5.367587321254049e-16
vn -0.9814964267653059 0.19148045395532295 0
vn -0.9814964267653059 -0.19148045395532293 -6.674793776340735e-16
vn -0.8363969573183948 -0.5481241919387718 -7.01309080469054e-16
vn -0.5630269710254413 -0.8264385215476813 -3.2637657520871826e-16
vn -0.19876276563765308 -0.9800476330240647 -1.638450561146069e-16
vn -0.18242010541346976 0.9735752157355124 0.13738342129416145
vn -0.49438169658237935 0.7854678074921525 0.37232655220625777
vn -0.6949911880699772 0.49298133709683767 0.5234086833243177
vn -0.7876767172859693 0.16632915765784556 0.5932115983006662
vn -0.7876767172859694 -0.16632915765784556 0.5932115983006659
vn -0.6949911880699772 -0.4929813370968375 0.5234086833243178
vn -0.49438169658237957 -0.7854678074921524 0.3723265522062577
vn -0.18242010541346967 -0.9735752157355124 0.13738342129416134
vn -0.13745111657988077 0.9584631563729056 0.2499111210543284
vn -0.34070124618745 0.7072453038673454 0.6194568112499086
vn -0.44002401093650995 0.4078100267236675 0.8000436562481998
vn -0.4777145750537303 0.13180115473173887 0.8685719546431454
vn -0.47771457505373005 -0.1318011547317388 0.8685719546431455
vn -0.4400240109365102 -0.4078100267236675 0.8000436562481997
vn -0.34070124618745007 -0.7072453038673452 0.6194568112499089
vn -0.13745111657988068 -0.9584631563729058 0.24991112105432844
vn -0.07326810913662145 0.9440336526418579 0.32160884139466134
vn -0.16907935242902394 0.6485332808362152 0.7421703013662005
vn -0.20761310109531067 0.3555343947112814 0.9113133898011547
vn -0.22071549546856253 0.11251978382965727 0.9688260774292743
vn -0.22071549546856264 -0.11251978382965729 0.9688260774292744
vn -0.20761310109531034 -0.3555343947112811 0.9113133898011547
vn -0.16907935242902408 -0.648533280836215 0.7421703013662007
vn -0.07326810913662148 -0.9440336526418578 0.3216088413946611
vn -7.84282092059834e-17 0.9382447370383332 0.3459722726171405
vn -2.0138394340411177e-16 0.6281603132460974 0.7780839420413229
vn -2.075327035548805e-16 0.33908328231257817 0.9407563593492889
vn 0 0.10668727764975144 0.9942926253310365
vn -1.8594993957906834e-16 -0.10668727764975144 0.9942926253310366
vn -2.7115454446547485e-16 -0.3390832823125781 0.940756359349289
vn -2.4807267131662677e-16 -0.6281603132460972 0.7780839420413233
vn -7.842820920598335e-17 -0.9382447370383332 0.34597227261714036
usemtl m_3be25f79-071f-aaae-ced0-88ed625c361a
f 1249/5393/1529 1256/5394/1529 1248/5395/1529
f 1249/5396/1530 1250/5397/1530 1257/5398/1530 1256/5399/1530
f 1250/5400/1531 1251/5401/1531 1258/5402/1531 1257/5403/1531
f 1251/5404/1532 1252/5405/1532 1259/5406/1532 1258/5407/1532
f 1252/5408/1533 1253/5409/1533 1260/5410/1533 1259/5411/1533
f 1253/5412/1534 1254/5413/1534 1261/5414/1534 1260/5415/1534
f 1254/5416/1535 1255/5417/1535 1262/5418/1535 1261/5419/1535
f 1262/5420/1536 1255/5421/1536 1247/5422/1536
f 1256/5423/1537 1263/5424/1537 1248/5425/1537
f 1256/5426/1538 1257/5427/1538 1264/5428/1538 1263/5429/1538
f 1257/5430/1539 1258/5431/1539 1265/5432/1539 1264/5433/1539
f 1258/5434/1540 1259/5435/1540 1266/5436/1540 1265/5437/1540
f 1259/5438/1541 1260/5439/1541 1267/5440/1541 1266/5441/1541
f 1260/5442/1542 1261/5443/1542 1268/5444/1542 1267/5445/1542
f 1261/5446/1543 1262/5447/1543 1269/5448/1543 1268/5449/1543
f 1269/5450/1544 1262/5451/1544 1247/5452/1544
f 1263/5453/1545 1270/5454/1545 1248/5455/1545
f 1263/5456/1546 1264/5457/1546 1271/5458/1546 1270/5459/1546
f 1264/5460/1547 1265/5461/1547 1272/5462/1547 1271/5463/1547
f 1265/5464/1548 1266/5465/1548 1273/5466/1548 1272/5467/1548
f 1266/5468/1549 1267/5469/1549 1274/5470/1549 1273/5471/1549
f 1267/5472/1550 1268/5473/1550 1275/5474/1550 1274/5475/1550
f 1268/5476/1551 1269/5477/1551 1276/5478/1551 1275/5479/1551
f 1276/5480/1552 1269/5481/1552 1247/5482/1552
f 1270/5483/1553 1277/5484/1553 1248/5485/1553
f 1270/5486/1554 1271/5487/1554 1278/5488/1554 1277/5489/1554
f 1271/5490/1555 1272/5491/1555 1279/5492/1555 1278/5493/1555
f 1272/5494/1556 1273/5495/1556 1280/5496/1556 1279/5497/1556
f 1273/5498/1557 1274/5499/1557 1281/5500/1557 1280/5501/1557
f 1274/5502/1558 1275/5503/1558 1282/5504/1558 1281/5505/1558
f 1275/5506/1559 1276/5507/1559 1283/5508/1559 1282/5509/1559
f 1283/5510/1560 1276/5511/1560 1247/5512/1560
f 1277/5513/1561 1284/5514/1561 1248/5515/1561
f 1277/5516/1562 1278/5517/1562 1285/5518/1562 1284/5519/1562
f 1278/5520/1563 1279/5521/1563 1286/5522/1563 1285/5523/1563
f 1279/5524/1564 1280/5525/1564 1287/5526/1564 1286/5527/1564
f 1280/5528/1565 1281/5529/1565 1288/5530/1565 1287/5531/1565
f 1281/5532/1566 1282/5533/1566 1289/5534/1566 1288/5535/1566
f 1282/5536/1567 1283/5537/1567 1290/5538/1567 1289/5539/1567
f 1290/5540/1568 1283/5541/1568 1247/5542/1568
f 1284/5543/1569 1291/5544/1569 1248/5545/1569
f 1284/5546/1570 1285/5547/1570 1292/5548/1570 1291/5549/1570
f 1285/5550/1571 1286/5551/1571 1293/5552/1571 1292/5553/1571
f 1286/5554/1572 1287/5555/1572 1294/5556/1572 1293/5557/1572
f 1287/5558/1573 1288/5559/1573 1295/5560/1573 1294/5561/1573
f 1288/5562/1574 1289/5563/1574 1296/5564/1574 1295/5565/1574
f 1289/5566/1575 1290/5567/1575 1297/5568/1575 1296/5569/1575
f 1297/5570/1576 1290/5571/1576 1247/5572/1576
f 1291/5573/1577 1298/5574/1577 1248/5575/1577
f 1291/5576/1578 1292/5577/1578 1299/5578/1578 1298/5579/1578
f 1292/5580/1579 1293/5581/1579 1300/5582/1579 1299/5583/1579
f 1293/5584/1580 1294/5585/1580 1301/5586/1580 1300/5587/1580
f 1294/5588/1581 1295/5589/1581 1302/5590/1581 1301/5591/1581
f 1295/5592/1582 1296/5593/1582 1303/5594/1582 1302/5595/1582
f 1296/5596/1583 1297/5597/1583 1304/5598/1583 1303/5599/1583
f 1304/5600/1584 1297/5601/1584 1247/5602/1584
f 1298/5603/1585 1305/5604/1585 1248/5605/1585
f 1298/5606/1586 1299/5607/1586 1306/5608/1586 1305/5609/1586
f 1299/5610/1587 1300/5611/1587 1307/5612/1587 1306/5613/1587
f 1300/5614/1588 1301/5615/1588 1308/5616/1588 1307/5617/1588
f 1301/5618/1589 1302/5619/1589 1309/5620/1589 1308/5621/1589
f 1302/5622/1590 1303/5623/1590 1310/5624/1590 1309/5625/1590
f 1303/5626/1591 1304/5627/1591 1311/5628/1591 1310/5629/1591
f 1311/5630/1592 1304/5631/1592 1247/5632/1592
f 1305/5633/1593 1312/5634/1593 1248/5635/1593
f 1305/5636/1594 1306/5637/1594 1313/5638/1594 1312/5639/1594
f 1306/5640/1595 1307/5641/1595 1314/5642/1595 1313/5643/1595
f 1307/5644/1596 1308/5645/1596 1315/5646/1596 1314/5647/1596
f 1308/5648/1597 1309/5649/1597 1316/5650/1597 1315/5651/1597
f 1309/5652/1598 1310/5653/1598 1317/5654/1598 1316/5655/1598
f 1310/5656/1599 1311/5657/1599 1318/5658/1599 1317/5659/1599
f 1318/5660/1600 1311/5661/1600 1247/5662/1600
f 1312/5663/1601 1319/5664/1601 1248/5665/1601
f 1312/5666/1602 1313/5667/1602 1320/5668/1602 1319/5669/1602
f 1313/5670/1603 1314/5671/1603 1321/5672/1603 1320/5673/1603
f 1314/5674/1604 1315/5675/1604 1322/5676/1604 1321/5677/1604
f 1315/5678/1605 1316/5679/1605 1323/5680/1605 1322/5681/1605
f 1316/5682/1606 1317/5683/1606 1324/5684/1606 1323/5685/1606
f 1317/5686/1607 1318/5687/1607 1325/5688/1607 1324/5689/1607
f 1325/5690/1608 1318/5691/1608 1247/5692/1608
f 1319/5693/1609 1326/5694/1609 1248/5695/1609
f 1319/5696/1610 1320/5697/1610 1327/5698/1610 1326/5699/1610
f 1320/5700/1611 1321/5701/1611 1328/5702/1611 1327/5703/1611
f 1321/5704/1612 1322/5705/1612 1329/5706/1612 1328/5707/1612
f 1322/5708/1613 1323/5709/1613 1330/5710/1613 1329/5711/1613
f 1323/5712/1614 1324/5713/1614 1331/5714/1614 1330/5715/1614
f 1324/5716/1615 1325/5717/1615 1332/5718/1615 1331/5719/1615
f 1332/5720/1616 1325/5721/1616 1247/5722/1616
f 1326/5723/1617 1333/5724/1617 1248/5725/1617
f 1326/5726/1618 1327/5727/1618 1334/5728/1618 1333/5729/1618
f 1327/5730/1619 1328/5731/1619 1335/5732/1619 1334/5733/1619
f 1328/5734/1620 1329/5735/1620 1336/5736/1620 1335/5737/1620
f 1329/5738/1621 1330/5739/1621 1337/5740/1621 1336/5741/1621
f 1330/5742/1622 1331/5743/1622 1338/5744/1622 1337/5745/1622
f 1331/5746/1623 1332/5747/1623 1339/5748/1623 1338/5749/1623
f 1339/5750/1624 1332/5751/1624 1247/5752/1624
f 1333/5753/1625 1340/5754/1625 1248/5755/1625
f 1333/5756/1626 1334/5757/1626 1341/5758/1626 1340/5759/1626
f 1334/5760/1627 1335/5761/1627 1342/5762/1627 1341/5763/1627
f 1335/5764/1628 1336/5765/1628 1343/5766/1628 1342/5767/1628
f 1336/5768/1629 1337/5769/1629 1344/5770/1629 1343/5771/1629
f 1337/5772/1630 1338/5773/1630 1345/5774/1630 1344/5775/1630
f 1338/5776/1631 1339/5777/1631 1346/5778/1631 1345/5779/1631
f 1346/5780/1632 1339/5781/1632 1247/5782/1632
f 1340/5783/1633 1347/5784/1633 1248/5785/1633
f 1340/5786/1634 1341/5787/1634 1348/5788/1634 1347/5789/1634
f 1341/5790/1635 1342/5791/1635 1349/5792/1635 1348/5793/1635
f 1342/5794/1636 1343/5795/1636 1350/5796/1636 1349/5797/1636
f 1343/5798/1637 1344/5799/1637 1351/5800/1637 1350/5801/1637
f 1344/5802/1638 1345/5803/1638 1352/5804/1638 1351/5805/1638
f 1345/5806/1639 1346/5807/1639 1353/5808/1639 1352/5809/1639
f 1353/5810/1640 1346/5811/1640 1247/5812/1640
f 1347/5813/1641 1354/5814/1641 1248/5815/1641
f 1347/5816/1642 1348/5817/1642 1355/5818/1642 1354/5819/1642
f 1348/5820/1643 1349/5821/1643 1356/5822/1643 1355/5823/1643
f 1349/5824/1644 1350/5825/1644 1357/5826/1644 1356/5827/1644
f 1350/5828/1645 1351/5829/1645 1358/5830/1645 1357/5831/1645
f 1351/5832/1646 1352/5833/1646 1359/5834/1646 1358/5835/1646
f 1352/5836/1647 1353/5837/1647 1360/5838/1647 1359/5839/1647
f 1360/5840/1648 1353/5841/1648 1247/5842/1648
f 1354/5843/1649 1249/5844/1649 1248/5845/1649
f 1354/5846/1650 1355/5847/1650 1250/5848/1650 1249/5849/1650
f 1355/5850/1651 1356/5851/1651 1251/5852/1651 1250/5853/1651
f 1356/5854/1652 1357/5855/1652 1252/5856/1652 1251/5857/1652
f 1357/5858/1653 1358/5859/1653 1253/5860/1653 1252/5861/1653
f 1358/5862/1654 1359/5863/1654 1254/5864/1654 1253/5865/1654
f 1359/5866/1655 1360/5867/1655 1255/5868/1655 1254/5869/1655
f 1255/5870/1656 1360/5871/1656 1247/5872/1656
o guard_front_rivet_low
v -2.7301969578491303e-17 2.04625 0.14862499999999998
v -2.7301969578491303e-17 2.0974999999999997 0.14862499999999998
v 0.0010522088486469886 2.095549413020602 0.15824283836139527
v 0.0019442284383844614 2.089994611267905 0.16639644801818998
v 0.002540256872852578 2.0816812629543553 0.17184451581279273
v 0.00274955422591478 2.071875 0.17375762281033275
v 0.002540256872852578 2.0620687370456445 0.17184451581279273
v 0.0019442284383844616 2.0537553887320947 0.16639644801818998
v 0.001052208848646989 2.048200586979398 0.15824283836139527
v 0.002996437287031478 2.095549413020602 0.1567786096567947
v 0.0055366941598840825 2.089994611267905 0.16369090615599802
v 0.0072340395371518745 2.0816812629543553 0.16830955501573003
v 0.00783006797161999 2.071875 0.1699314088152527
v 0.0072340395371518745 2.0620687370456445 0.16830955501573003
v 0.005536694159884084 2.0537553887320947 0.16369090615599802
v 0.0029964372870314787 2.048200586979398 0.1567786096567947
v 0.004484485311237068 2.095549413020602 0.15407306779460272
v 0.00828624838579889 2.089994611267905 0.15869171665433474
v 0.010826505258651496 2.0816812629543553 0.16177779915845797
v 0.01171852484838897 2.071875 0.16286148722112728
v 0.010826505258651496 2.0620687370456445 0.16177779915845797
v 0.008286248385798892 2.0537553887320947 0.15869171665433474
v 0.004484485311237069 2.048200586979398 0.15407306779460272
v 0.005289811098767386 2.095549413020602 0.15053810699754
v 0.009774296410004478 2.089994611267905 0.15215996079706268
v 0.012770733697035986 2.0816812629543553 0.153243648859732
v 0.013822942545683 2.071875 0.15362418950166326
v 0.012770733697035986 2.0620687370456445 0.153243648859732
v 0.00977429641000448 2.0537553887320947 0.15215996079706268
v 0.005289811098767388 2.048200586979398 0.15053810699754
v 0.005289811098767386 2.095549413020602 0.14671189300245996
v 0.009774296410004478 2.089994611267905 0.14509003920293728
v 0.012770733697035986 2.0816812629543553 0.14400635114026797
v 0.013822942545683 2.071875 0.1436258104983367
v 0.012770733697035986 2.0620687370456445 0.14400635114026797
v 0.00977429641000448 2.0537553887320947 0.14509003920293728
v 0.005289811098767388 2.048200586979398 0.14671189300245996
v 0.004484485311237069 2.095549413020602 0.14317693220539723
v 0.008286248385798892 2.089994611267905 0.13855828334566525
v 0.0108265052586515 2.0816812629543553 0.135472200841542
v 0.011718524848388973 2.071875 0.13438851277887268
v 0.0108265052586515 2.0620687370456445 0.135472200841542
v 0.008286248385798894 2.0537553887320947 0.13855828334566522
v 0.004484485311237071 2.048200586979398 0.14317693220539723
v 0.002996437287031478 2.095549413020602 0.14047139034320527
v 0.0055366941598840825 2.089994611267905 0.13355909384400194
v 0.0072340395371518745 2.0816812629543553 0.12894044498426993
v 0.00783006797161999 2.071875 0.12731859118474725
v 0.0072340395371518745 2.0620687370456445 0.12894044498426993
v 0.005536694159884084 2.0537553887320947 0.13355909384400194
v 0.0029964372870314787 2.048200586979398 0.14047139034320527
v 0.0010522088486469906 2.095549413020602 0.1390071616386047
v 0.001944228438384465 2.089994611267905 0.13085355198180998
v 0.0025402568728525826 2.0816812629543553 0.12540548418720723
v 0.0027495542259147856 2.071875 0.1234923771896672
v 0.0025402568728525826 2.0620687370456445 0.12540548418720723
v 0.0019442284383844651 2.0537553887320947 0.13085355198180998
v 0.001052208848646991 2.048200586979398 0.1390071616386047
v -0.001052208848647044 2.095549413020602 0.1390071616386047
v -0.0019442284383845172 2.089994611267905 0.13085355198180998
v -0.0025402568728526338 2.0816812629543553 0.12540548418720723
v -0.0027495542259148367 2.071875 0.1234923771896672
v -0.0025402568728526338 2.0620687370456445 0.12540548418720723
v -0.0019442284383845174 2.0537553887320947 0.13085355198180998
v -0.0010522088486470444 2.048200586979398 0.1390071616386047
v -0.002996437287031531 2.095549413020602 0.14047139034320527
v -0.005536694159884134 2.089994611267905 0.13355909384400194
v -0.0072340395371519265 2.0816812629543553 0.12894044498426993
v -0.007830067971620043 2.071875 0.12731859118474725
v -0.0072340395371519265 2.0620687370456445 0.12894044498426993
v -0.0055366941598841354 2.0537553887320947 0.13355909384400194
v -0.002996437287031532 2.048200586979398 0.14047139034320527
v -0.004484485311237122 2.095549413020602 0.14317693220539723
v -0.008286248385798946 2.089994611267905 0.13855828334566522
v -0.010826505258651552 2.0816812629543553 0.135472200841542
v -0.011718524848389025 2.071875 0.13438851277887268
v -0.010826505258651552 2.0620687370456445 0.135472200841542
v -0.008286248385798948 2.0537553887320947 0.13855828334566522
v -0.004484485311237123 2.048200586979398 0.14317693220539723
v -0.005289811098767439 2.095549413020602 0.14671189300245996
v -0.009774296410004532 2.089994611267905 0.14509003920293725
v -0.01277073369703604 2.0816812629543553 0.14400635114026797
v -0.013822942545683056 2.071875 0.14362581049833667
v -0.01277073369703604 2.0620687370456445 0.14400635114026797
v -0.009774296410004534 2.0537553887320947 0.14509003920293725
v -0.005289811098767441 2.048200586979398 0.14671189300245996
v -0.00528981109876744 2.095549413020602 0.15053810699754
v -0.009774296410004534 2.089994611267905 0.15215996079706268
v -0.012770733697036041 2.0816812629543553 0.153243648859732
v -0.013822942545683056 2.071875 0.15362418950166326
v -0.012770733697036041 2.0620687370456445 0.153243648859732
v -0.009774296410004536 2.0537553887320947 0.15215996079706268
v -0.0052898110987674414 2.048200586979398 0.15053810699754
v -0.004484485311237123 2.095549413020602 0.15407306779460272
v -0.008286248385798948 2.089994611267905 0.1586917166543347
v -0.010826505258651555 2.0816812629543553 0.16177779915845797
v -0.011718524848389028 2.071875 0.16286148722112728
v -0.010826505258651555 2.0620687370456445 0.16177779915845797
v -0.00828624838579895 2.0537553887320947 0.1586917166543347
v -0.0044844853112371245 2.048200586979398 0.15407306779460272
v -0.0029964372870315325 2.095549413020602 0.1567786096567947
v -0.005536694159884136 2.089994611267905 0.16369090615599802
v -0.007234039537151928 2.0816812629543553 0.16830955501573003
v -0.007830067971620046 2.071875 0.1699314088152527
v -0.007234039537151928 2.0620687370456445 0.16830955501573003
v -0.005536694159884138 2.0537553887320947 0.16369090615599802
v -0.0029964372870315333 2.048200586979398 0.1567786096567947
v -0.0010522088486470459 2.095549413020602 0.15824283836139527
v -0.0019442284383845206 2.089994611267905 0.16639644801818998
v -0.0025402568728526385 2.0816812629543553 0.17184451581279273
v -0.0027495542259148415 2.071875 0.17375762281033275
v -0.0025402568728526385 2.0620687370456445 0.17184451581279273
v -0.001944228438384521 2.0537553887320947 0.16639644801818998
v -0.0010522088486470463 2.048200586979398 0.15824283836139527
vt 0.5 0.5
vt 0.5 0.5
vt 0.5 0.5
vt 0.5 0.5
vt 0.5 0.5
vt 0.5 0.5
vt 0.5 0.5
vt 0.5 0.5
vt 0.5 0.5
vt 0.5 0.5
vt 0.5 0.5
vt 0.5 0.5
vt 0.5 0.5
vt 0.5 0.5
vt 0.5 0.5
vt 0.5 0.5
vt 0.5 0.5
vt 0.5 0.5
vt 0.5 0.5
vt 0.5 0.5
vt 0.5 0.5
vt 0.5 0.5
vt 0.5 0.5
vt 0.5 0.5
vt 0.5 0.5
vt 0.5 0.5
vt 0.5 0.5
vt 0.5 0.5
vt 0.5 0.5
vt 0.5 0.5
vt 0.5 0.5
vt 0.5 0.5
vt 0.5 0.5
vt 0.5 0.5
vt 0.5 0.5
vt 0.5 0.5
vt 0.5 0.5
vt 0.5 0.5
vt 0.5 0.5
vt 0.5 0.5
vt 0.5 0.5
vt 0.5 0.5
vt 0.5 0.5
vt 0.5 0.5
vt 0.5 0.5
vt 0.5 0.5
vt 0.5 0.5
vt 0.5 0.5
vt 0.5 0.5
vt 0.5 0.5
vt 0.5 0.5
vt 0.5 0.5
vt 0.5 0.5
vt 0.5 0.5
vt 0.5 0.5
vt 0.5 0.5
vt 0.5 0.5
vt 0.5 0.5
vt 0.5 0.5
vt 0.5 0.5
vt 0.5 0.5
vt 0.5 0.5
vt 0.5 0.5
vt 0.5 0.5
vt 0.5 0.5
vt 0.5 0.5
vt 0.5 0.5
vt 0.5 0.5
vt 0.5 0.5
vt 0.5 0.5
vt 0.5 0.5
vt 0.5 0.5
vt 0.5 0.5
vt 0.5 0.5
vt 0.5 0.5
vt 0.5 0.5
vt 0.5 0.5
vt 0.5 0.5
vt 0.5 0.5
vt 0.5 0.5
vt 0.5 0.5
vt 0.5 0.5
vt 0.5 0.5
vt 0.5 0.5
vt 0.5 0.5
vt 0.5 0.5
vt 0.5 0.5
vt 0.5 0.5
vt 0.5 0.5
vt 0.5 0.5
vt 0.5 0.5
vt 0.5 0.5
vt 0.5 0.5
vt 0.5 0.5
vt 0.5 0.5
vt 0.5 0.5
vt 0.5 0.5
vt 0.5 0.5
vt 0.5 0.5
vt 0.5 0.5
vt 0.5 0.5
vt 0.5 0.5
vt 0.5 0.5
vt 0.5 0.5
vt 0.5 0.5
vt 0.5 0.5
vt 0.5 0.5
vt 0.5 0.5
vt 0.5 0.5
vt 0.5 0.5
vt 0.5 0.5
vt 0.5 0.5
vt 0.5 0.5
vt 0.5 0.5
vt 0.5 0.5
vt 0.5 0.5
vt 0.5 0.5
vt 0.5 0.5
vt 0.5 0.5
vt 0.5 0.5
vt 0.5 0.5
vt 0.5 0.5
vt 0.5 0.5
vt 0.5 0.5
vt 0.5 0.5
vt 0.5 0.5
vt 0.5 0.5
vt 0.5 0.5
vt 0.5 0.5
vt 0.5 0.5
vt 0.5 0.5
vt 0.5 0.5
vt 0.5 0.5
vt 0.5 0.5
vt 0.5 0.5
vt 0.5 0.5
vt 0.5 0.5
vt 0.5 0.5
vt 0.5 0.5
vt 0.5 0.5
vt 0.5 0.5
vt 0.5 0.5
vt 0.5 0.5
vt 0.5 0.5
vt 0.5 0.5
vt 0.5 0.5
vt 0.5 0.5
vt 0.5 0.5
vt 0.5 0.5
vt 0.5 0.5
vt 0.5 0.5
vt 0.5 0.5
vt 0.5 0.5
vt 0.5 0.5
vt 0.5 0.5
vt 0.5 0.5
vt 0.5 0.5
vt 0.5 0.5
vt 0.5 0.5
vt 0.5 0.5
vt 0.5 0.5
vt 0.5 0.5
vt 0.5 0.5
vt 0.5 0.5
vt 0.5 0.5
vt 0.5 0.5
vt 0.5 0.5
vt 0.5 0.5
vt 0.5 0.5
vt 0.5 0.5
vt 0.5 0.5
vt 0.5 0.5
vt 0.5 0.5
vt 0.5 0.5
vt 0.5 0.5
vt 0.5 0.5
vt 0.5 0.5
vt 0.5 0.5
vt 0.5 0.5
vt 0.5 0.5
vt 0.5 0.5
vt 0.5 0.5
vt 0.5 0.5
vt 0.5 0.5
vt 0.5 0.5
vt 0.5 0.5
vt 0.5 0.5
vt 0.5 0.5
vt 0.5 0.5
vt 0.5 0.5
vt 0.5 0.5
vt 0.5 0.5
vt 0.5 0.5
vt 0.5 0.5
vt 0.5 0.5
vt 0.5 0.5
vt 0.5 0.5
vt 0.5 0.5
vt 0.5 0.5
vt 0.5 0.5
vt 0.5 0.5
vt 0.5 0.5
vt 0.5 0.5
vt 0.5 0.5
vt 0.5 0.5
vt 0.5 0.5
vt 0.5 0.5
vt 0.5 0.5
vt 0.5 0.5
vt 0.5 0.5
vt 0.5 0.5
vt 0.5 0.5
vt 0.5 0.5
vt 0.5 0.5
vt 0.5 0.5
vt 0.5 0.5
vt 0.5 0.5
vt 0.5 0.5
vt 0.5 0.5
vt 0.5 0.5
vt 0.5 0.5
vt 0.5 0.5
vt 0.5 0.5
vt 0.5 0.5
vt 0.5 0.5
vt 0.5 0.5
vt 0.5 0.5
vt 0.5 0.5
vt 0.5 0.5
vt 0.5 0.5
vt 0.5 0.5
vt 0.5 0.5
vt 0.5 0.5
vt 0.5 0.5
vt 0.5 0.5
vt 0.5 0.5
vt 0.5 0.5
vt 0.5 0.5
vt 0.5 0.5
vt 0.5 0.5
vt 0.5 0.5
vt 0.5 0.5
vt 0.5 0.5
vt 0.5 0.5
vt 0.5 0.5
vt 0.5 0.5
vt 0.5 0.5
vt 0.5 0.5
vt 0.5 0.5
vt 0.5 0.5
vt 0.5 0.5
vt 0.5 0.5
vt 0.5 0.5
vt 0.5 0.5
vt 0.5 0.5
vt 0.5 0.5
vt 0.5 0.5
vt 0.5 0.5
vt 0.5 0.5
vt 0.5 0.5
vt 0.5 0.5
vt 0.5 0.5
vt 0.5 0.5
vt 0.5 0.5
vt 0.5 0.5
vt 0.5 0.5
vt 0.5 0.5
vt 0.5 0.5
vt 0.5 0.5
vt 0.5 0.5
vt 0.5 0.5
vt 0.5 0.5
vt 0.5 0.5
vt 0.5 0.5
vt 0.5 0.5
vt 0.5 0.5
vt 0.5 0.5
vt 0.5 0.5
vt 0.5 0.5
vt 0.5 0.5
vt 0.5 0.5
vt 0.5 0.5
vt 0.5 0.5
vt 0.5 0.5
vt 0.5 0.5
vt 0.5 0.5
vt 0.5 0.5
vt 0.5 0.5
vt 0.5 0.5
vt 0.5 0.5
vt 0.5 0.5
vt 0.5 0.5
vt 0.5 0.5
vt 0.5 0.5
vt 0.5 0.5
vt 0.5 0.5
vt 0.5 0.5
vt 0.5 0.5
vt 0.5 0.5
vt 0.5 0.5
vt 0.5 0.5
vt 0.5 0.5
vt 0.5 0.5
vt 0.5 0.5
vt 0.5 0.5
vt 0.5 0.5
vt 0.5 0.5
vt 0.5 0.5
vt 0.5 0.5
vt 0.5 0.5
vt 0.5 0.5
vt 0.5 0.5
vt 0.5 0.5
vt 0.5 0.5
vt 0.5 0.5
vt 0.5 0.5
vt 0.5 0.5
vt 0.5 0.5
vt 0.5 0.5
vt 0.5 0.5
vt 0.5 0.5
vt 0.5 0.5
vt 0.5 0.5
vt 0.5 0.5
vt 0.5 0.5
vt 0.5 0.5
vt 0.5 0.5
vt 0.5 0.5
vt 0.5 0.5
vt 0.5 0.5
vt 0.5 0.5
vt 0.5 0.5
vt 0.5 0.5
vt 0.5 0.5
vt 0.5 0.5
vt 0.5 0.5
vt 0.5 0.5
vt 0.5 0.5
vt 0.5 0.5
vt 0.5 0.5
vt 0.5 0.5
vt 0.5 0.5
vt 0.5 0.5
vt 0.5 0.5
vt 0.5 0.5
vt 0.5 0.5
vt 0.5 0.5
vt 0.5 0.5
vt 0.5 0.5
vt 0.5 0.5
vt 0.5 0.5
vt 0.5 0.5
vt 0.5 0.5
vt 0.5 0.5
vt 0.5 0.5
vt 0.5 0.5
vt 0.5 0.5
vt 0.5 0.5
vt 0.5 0.5
vt 0.5 0.5
vt 0.5 0.5
vt 0.5 0.5
vt 0.5 0.5
vt 0.5 0.5
vt 0.5 0.5
vt 0.5 0.5
vt 0.5 0.5
vt 0.5 0.5
vt 0.5 0.5
vt 0.5 0.5
vt 0.5 0.5
vt 0.5 0.5
vt 0.5 0.5
vt 0.5 0.5
vt 0.5 0.5
vt 0.5 0.5
vt 0.5 0.5
vt 0.5 0.5
vt 0.5 0.5
vt 0.5 0.5
vt 0.5 0.5
vt 0.5 0.5
vt 0.5 0.5
vt 0.5 0.5
vt 0.5 0.5
vt 0.5 0.5
vt 0.5 0.5
vt 0.5 0.5
vt 0.5 0.5
vt 0.5 0.5
vt 0.5 0.5
vt 0.5 0.5
vt 0.5 0.5
vt 0.5 0.5
vt 0.5 0.5
vt 0.5 0.5
vt 0.5 0.5
vt 0.5 0.5
vt 0.5 0.5
vt 0.5 0.5
vt 0.5 0.5
vt 0.5 0.5
vt 0.5 0.5
vt 0.5 0.5
vt 0.5 0.5
vt 0.5 0.5
vt 0.5 0.5
vt 0.5 0.5
vt 0.5 0.5
vt 0.5 0.5
vt 0.5 0.5
vt 0.5 0.5
vt 0.5 0.5
vt 0.5 0.5
vt 0.5 0.5
vt 0.5 0.5
vt 0.5 0.5
vt 0.5 0.5
vt 0.5 0.5
vt 0.5 0.5
vt 0.5 0.5
vt 0.5 0.5
vt 0.5 0.5
vt 0.5 0.5
vt 0.5 0.5
vt 0.5 0.5
vt 0.5 0.5
vt 0.5 0.5
vt 0.5 0.5
vt 0.5 0.5
vt 0.5 0.5
vt 0.5 0.5
vt 0.5 0.5
vt 0.5 0.5
vt 0.5 0.5
vt 0.5 0.5
vt 0.5 0.5
vt 0.5 0.5
vt 0.5 0.5
vt 0.5 0.5
vt 0.5 0.5
vt 0.5 0.5
vt 0.5 0.5
vt 0.5 0.5
vt 0.5 0.5
vt 0.5 0.5
vt 0.5 0.5
vt 0.5 0.5
vt 0.5 0.5
vt 0.5 0.5
vt 0.5 0.5
vt 0.5 0.5
vt 0.5 0.5
vt 0.5 0.5
vt 0.5 0.5
vt 0.5 0.5
vt 0.5 0.5
vt 0.5 0.5
vt 0.5 0.5
vt 0.5 0.5
vt 0.5 0.5
vt 0.5 0.5
vt 0.5 0.5
vt 0.5 0.5
vt 0.5 0.5
vt 0.5 0.5
vt 0.5 0.5
vt 0.5 0.5
vt 0.5 0.5
vt 0.5 0.5
vt 0.5 0.5
vt 0.5 0.5
vt 0.5 0.5
vt 0.5 0.5
vt 0.5 0.5
vt 0.5 0.5
vt 0.5 0.5
vt 0.5 0.5
vt 0.5 0.5
vt 0.5 0.5
vn 0.13738342129416142 0.9735752157355124 0.18242010541346973
vn 0.37232655220625793 0.7854678074921524 0.49438169658237924
vn 0.5234086833243181 0.4929813370968376 0.694991188069977
vn 0.5932115983006662 0.1663291576578456 0.7876767172859694
vn 0.5932115983006664 -0.16632915765784548 0.7876767172859691
vn 0.5234086833243178 -0.4929813370968375 0.6949911880699772
vn 0.3723265522062582 -0.7854678074921521 0.49438169658237935
vn 0.1373834212941615 -0.9735752157355124 0.18242010541346965
vn 0.2499111210543284 0.9584631563729057 0.13745111657988074
vn 0.6194568112499086 0.7072453038673455 0.34070124618744996
vn 0.8000436562481998 0.4078100267236675 0.44002401093651017
vn 0.8685719546431454 0.1318011547317392 0.47771457505373016
vn 0.8685719546431454 -0.13180115473173915 0.47771457505373016
vn 0.8000436562482 -0.4078100267236671 0.4400240109365101
vn 0.6194568112499087 -0.7072453038673453 0.34070124618744996
vn 0.24991112105432836 -0.9584631563729058 0.13745111657988068
vn 0.3216088413946613 0.9440336526418579 0.07326810913662142
vn 0.7421703013662005 0.6485332808362151 0.16907935242902392
vn 0.9113133898011546 0.3555343947112814 0.20761310109531056
vn 0.9688260774292744 0.1125197838296573 0.2207154954685623
vn 0.9688260774292744 -0.11251978382965729 0.2207154954685625
vn 0.911313389801155 -0.3555343947112811 0.20761310109531025
vn 0.7421703013662007 -0.6485332808362151 0.16907935242902405
vn 0.3216088413946612 -0.9440336526418578 0.07326810913662146
vn 0.3459722726171405 0.9382447370383333 0
vn 0.7780839420413229 0.6281603132460974 0
vn 0.940756359349289 0.33908328231257817 0
vn 0.9942926253310365 0.10668727764975126 0
vn 0.9942926253310366 -0.10668727764975126 0
vn 0.940756359349289 -0.339083282312578 0
vn 0.778083942041323 -0.6281603132460973 0
vn 0.3459722726171403 -0.9382447370383334 0
vn 0.3216088413946613 0.9440336526418578 -0.07326810913662139
vn 0.7421703013662004 0.6485332808362152 -0.16907935242902392
vn 0.9113133898011546 0.3555343947112815 -0.20761310109531025
vn 0.9688260774292744 0.11251978382965706 -0.22071549546856203
vn 0.9688260774292744 -0.11251978382965704 -0.22071549546856223
vn 0.9113133898011547 -0.3555343947112814 -0.20761310109531012
vn 0.7421703013662007 -0.648533280836215 -0.1690793524290239
vn 0.3216088413946612 -0.9440336526418578 -0.07326810913662136
vn 0.24991112105432858 0.9584631563729056 -0.13745111657988063
vn 0.6194568112499089 0.7072453038673454 -0.3407012461874497
vn 0.8000436562481998 0.40781002672366756 -0.44002401093650995
vn 0.8685719546431456 0.131801154731739 -0.47771457505373005
vn 0.8685719546431455 -0.13180115473173895 -0.47771457505373
vn 0.8000436562482 -0.40781002672366734 -0.44002401093650995
vn 0.6194568112499088 -0.7072453038673453 -0.34070124618744996
vn 0.24991112105432844 -0.9584631563729056 -0.13745111657988063
vn 0.1373834212941614 0.9735752157355124 -0.18242010541346973
vn 0.37232655220625777 0.7854678074921525 -0.49438169658237935
vn 0.5234086833243181 0.49298133709683756 -0.6949911880699771
vn 0.5932115983006664 0.16632915765784556 -0.787676717285969
vn 0.5932115983006666 -0.16632915765784556 -0.7876767172859691
vn 0.523408683324318 -0.4929813370968375 -0.694991188069977
vn 0.3723265522062581 -0.7854678074921523 -0.49438169658237935
vn 0.13738342129416148 -0.9735752157355124 -0.18242010541346965
vn 0 0.9800476330240645 -0.19876276563765305
vn 0 0.8264385215476815 -0.563026971025441
vn 0 0.5481241919387719 -0.8363969573183947
vn 0 0.1914804539553227 -0.9814964267653061
vn 0 -0.1914804539553226 -0.981496426765306
vn 0 -0.5481241919387717 -0.8363969573183947
vn 0 -0.8264385215476812 -0.5630269710254411
vn 0 -0.9800476330240647 -0.19876276563765305
vn -0.13738342129416142 0.9735752157355124 -0.18242010541346976
vn -0.3723265522062579 0.7854678074921524 -0.49438169658237935
vn -0.5234086833243176 0.49298133709683767 -0.6949911880699772
vn -0.5932115983006662 0.1663291576578456 -0.7876767172859693
vn -0.5932115983006659 -0.16632915765784556 -0.7876767172859694
vn -0.5234086833243177 -0.4929813370968375 -0.6949911880699772
vn -0.3723265522062577 -0.7854678074921524 -0.49438169658237957
vn -0.13738342129416134 -0.9735752157355124 -0.18242010541346967
vn -0.24991112105432847 0.9584631563729056 -0.13745111657988074
vn -0.6194568112499086 0.7072453038673454 -0.34070124618745
vn -0.8000436562482001 0.4078100267236677 -0.4400240109365099
vn -0.8685719546431454 0.13180115473173884 -0.4777145750537301
vn -0.8685719546431457 -0.13180115473173884 -0.4777145750537299
vn -0.8000436562482001 -0.40781002672366756 -0.4400240109365101
vn -0.6194568112499089 -0.7072453038673452 -0.3407012461874499
vn -0.24991112105432847 -0.9584631563729056 -0.13745111657988066
vn -0.32160884139466134 0.9440336526418579 -0.07326810913662145
vn -0.7421703013662004 0.6485332808362152 -0.16907935242902392
vn -0.9113133898011547 0.3555343947112814 -0.20761310109531067
vn -0.9688260774292743 0.11251978382965727 -0.22071549546856253
vn -0.9688260774292744 -0.11251978382965729 -0.22071549546856264
vn -0.9113133898011547 -0.3555343947112812 -0.20761310109531028
vn -0.7421703013662007 -0.648533280836215 -0.16907935242902408
vn -0.32160884139466117 -0.9440336526418578 -0.07326810913662146
vn -0.3459722726171405 0.9382447370383332 -7.84282092059834e-17
vn -0.7780839420413229 0.6281603132460974 -2.0138394340411177e-16
vn -0.9407563593492889 0.3390832823125781 -2.0753270355488045e-16
vn -0.9942926253310365 0.10668727764975144 0
vn -0.9942926253310366 -0.10668727764975143 -1.859499395790683e-16
vn -0.940756359349289 -0.3390832823125781 -2.7115454446547485e-16
vn -0.778083942041323 -0.6281603132460973 -2.4807267131662677e-16
vn -0.34597227261714036 -0.9382447370383332 -7.842820920598335e-17
vn -0.3216088413946613 0.9440336526418579 0.07326810913662145
vn -0.7421703013662004 0.6485332808362152 0.16907935242902394
vn -0.9113133898011546 0.3555343947112815 0.2076131010953104
vn -0.9688260774292745 0.11251978382965706 0.22071549546856223
vn -0.9688260774292745 -0.11251978382965708 0.22071549546856242
vn -0.9113133898011548 -0.35553439471128145 0.2076131010953103
vn -0.7421703013662008 -0.648533280836215 0.16907935242902394
vn -0.32160884139466117 -0.9440336526418578 0.07326810913662138
vn -0.24991112105432856 0.9584631563729056 0.13745111657988066
vn -0.6194568112499088 0.7072453038673454 0.3407012461874498
vn -0.8000436562482001 0.4078100267236675 0.44002401093651006
vn -0.8685719546431456 0.13180115473173898 0.4777145750537298
vn -0.8685719546431455 -0.13180115473173895 0.47771457505373
vn -0.8000436562482002 -0.40781002672366723 0.4400240109365097
vn -0.6194568112499088 -0.7072453038673452 0.34070124618745007
vn -0.24991112105432844 -0.9584631563729056 0.13745111657988066
vn -0.13738342129416145 0.9735752157355124 0.18242010541346973
vn -0.3723265522062581 0.7854678074921525 0.49438169658237935
vn -0.5234086833243181 0.49298133709683745 0.6949911880699768
vn -0.5932115983006665 0.16632915765784584 0.7876767172859691
vn -0.5932115983006665 -0.1663291576578458 0.7876767172859689
vn -0.5234086833243178 -0.49298133709683734 0.6949911880699773
vn -0.3723265522062582 -0.7854678074921524 0.49438169658237935
vn -0.1373834212941615 -0.9735752157355124 0.18242010541346965
vn -1.6384505611460693e-16 0.9800476330240645 0.19876276563765305
vn -5.299011890460911e-16 0.8264385215476815 0.563026971025441
vn -5.367587321254049e-16 0.5481241919387719 0.8363969573183946
vn 0 0.191480453955323 0.981496426765306
vn -6.674793776340735e-16 -0.19148045395532293 0.9814964267653059
vn -7.01309080469054e-16 -0.5481241919387718 0.8363969573183948
vn -3.2637657520871826e-16 -0.8264385215476813 0.5630269710254413
vn -1.6384505611460688e-16 -0.9800476330240647 0.19876276563765308
usemtl m_3be25f79-071f-aaae-ced0-88ed625c361a
f 1363/5873/1657 1370/5874/1657 1362/5875/1657
f 1363/5876/1658 1364/5877/1658 1371/5878/1658 1370/5879/1658
f 1364/5880/1659 1365/5881/1659 1372/5882/1659 1371/5883/1659
f 1365/5884/1660 1366/5885/1660 1373/5886/1660 1372/5887/1660
f 1366/5888/1661 1367/5889/1661 1374/5890/1661 1373/5891/1661
f 1367/5892/1662 1368/5893/1662 1375/5894/1662 1374/5895/1662
f 1368/5896/1663 1369/5897/1663 1376/5898/1663 1375/5899/1663
f 1376/5900/1664 1369/5901/1664 1361/5902/1664
f 1370/5903/1665 1377/5904/1665 1362/5905/1665
f 1370/5906/1666 1371/5907/1666 1378/5908/1666 1377/5909/1666
f 1371/5910/1667 1372/5911/1667 1379/5912/1667 1378/5913/1667
f 1372/5914/1668 1373/5915/1668 1380/5916/1668 1379/5917/1668
f 1373/5918/1669 1374/5919/1669 1381/5920/1669 1380/5921/1669
f 1374/5922/1670 1375/5923/1670 1382/5924/1670 1381/5925/1670
f 1375/5926/1671 1376/5927/1671 1383/5928/1671 1382/5929/1671
f 1383/5930/1672 1376/5931/1672 1361/5932/1672
f 1377/5933/1673 1384/5934/1673 1362/5935/1673
f 1377/5936/1674 1378/5937/1674 1385/5938/1674 1384/5939/1674
f 1378/5940/1675 1379/5941/1675 1386/5942/1675 1385/5943/1675
f 1379/5944/1676 1380/5945/1676 1387/5946/1676 1386/5947/1676
f 1380/5948/1677 1381/5949/1677 1388/5950/1677 1387/5951/1677
f 1381/5952/1678 1382/5953/1678 1389/5954/1678 1388/5955/1678
f 1382/5956/1679 1383/5957/1679 1390/5958/1679 1389/5959/1679
f 1390/5960/1680 1383/5961/1680 1361/5962/1680
f 1384/5963/1681 1391/5964/1681 1362/5965/1681
f 1384/5966/1682 1385/5967/1682 1392/5968/1682 1391/5969/1682
f 1385/5970/1683 1386/5971/1683 1393/5972/1683 1392/5973/1683
f 1386/5974/1684 1387/5975/1684 1394/5976/1684 1393/5977/1684
f 1387/5978/1685 1388/5979/1685 1395/5980/1685 1394/5981/1685
f 1388/5982/1686 1389/5983/1686 1396/5984/1686 1395/5985/1686
f 1389/5986/1687 1390/5987/1687 1397/5988/1687 1396/5989/1687
f 1397/5990/1688 1390/5991/1688 1361/5992/1688
f 1391/5993/1689 1398/5994/1689 1362/5995/1689
f 1391/5996/1690 1392/5997/1690 1399/5998/1690 1398/5999/1690
f 1392/6000/1691 1393/6001/1691 1400/6002/1691 1399/6003/1691
f 1393/6004/1692 1394/6005/1692 1401/6006/1692 1400/6007/1692
f 1394/6008/1693 1395/6009/1693 1402/6010/1693 1401/6011/1693
f 1395/6012/1694 1396/6013/1694 1403/6014/1694 1402/6015/1694
f 1396/6016/1695 1397/6017/1695 1404/6018/1695 1403/6019/1695
f 1404/6020/1696 1397/6021/1696 1361/6022/1696
f 1398/6023/1697 1405/6024/1697 1362/6025/1697
f 1398/6026/1698 1399/6027/1698 1406/6028/1698 1405/6029/1698
f 1399/6030/1699 1400/6031/1699 1407/6032/1699 1406/6033/1699
f 1400/6034/1700 1401/6035/1700 1408/6036/1700 1407/6037/1700
f 1401/6038/1701 1402/6039/1701 1409/6040/1701 1408/6041/1701
f 1402/6042/1702 1403/6043/1702 1410/6044/1702 1409/6045/1702
f 1403/6046/1703 1404/6047/1703 1411/6048/1703 1410/6049/1703
f 1411/6050/1704 1404/6051/1704 1361/6052/1704
f 1405/6053/1705 1412/6054/1705 1362/6055/1705
f 1405/6056/1706 1406/6057/1706 1413/6058/1706 1412/6059/1706
f 1406/6060/1707 1407/6061/1707 1414/6062/1707 1413/6063/1707
f 1407/6064/1708 1408/6065/1708 1415/6066/1708 1414/6067/1708
f 1408/6068/1709 1409/6069/1709 1416/6070/1709 1415/6071/1709
f 1409/6072/1710 1410/6073/1710 1417/6074/1710 1416/6075/1710
f 1410/6076/1711 1411/6077/1711 1418/6078/1711 1417/6079/1711
f 1418/6080/1712 1411/6081/1712 1361/6082/1712
f 1412/6083/1713 1419/6084/1713 1362/6085/1713
f 1412/6086/1714 1413/6087/1714 1420/6088/1714 1419/6089/1714
f 1413/6090/1715 1414/6091/1715 1421/6092/1715 1420/6093/1715
f 1414/6094/1716 1415/6095/1716 1422/6096/1716 1421/6097/1716
f 1415/6098/1717 1416/6099/1717 1423/6100/1717 1422/6101/1717
f 1416/6102/1718 1417/6103/1718 1424/6104/1718 1423/6105/1718
f 1417/6106/1719 1418/6107/1719 1425/6108/1719 1424/6109/1719
f 1425/6110/1720 1418/6111/1720 1361/6112/1720
f 1419/6113/1721 1426/6114/1721 1362/6115/1721
f 1419/6116/1722 1420/6117/1722 1427/6118/1722 1426/6119/1722
f 1420/6120/1723 1421/6121/1723 1428/6122/1723 1427/6123/1723
f 1421/6124/1724 1422/6125/1724 1429/6126/1724 1428/6127/1724
f 1422/6128/1725 1423/6129/1725 1430/6130/1725 1429/6131/1725
f 1423/6132/1726 1424/6133/1726 1431/6134/1726 1430/6135/1726
f 1424/6136/1727 1425/6137/1727 1432/6138/1727 1431/6139/1727
f 1432/6140/1728 1425/6141/1728 1361/6142/1728
f 1426/6143/1729 1433/6144/1729 1362/6145/1729
f 1426/6146/1730 1427/6147/1730 1434/6148/1730 1433/6149/1730
f 1427/6150/1731 1428/6151/1731 1435/6152/1731 1434/6153/1731
f 1428/6154/1732 1429/6155/1732 1436/6156/1732 1435/6157/1732
f 1429/6158/1733 1430/6159/1733 1437/6160/1733 1436/6161/1733
f 1430/6162/1734 1431/6163/1734 1438/6164/1734 1437/6165/1734
f 1431/6166/1735 1432/6167/1735 1439/6168/1735 1438/6169/1735
f 1439/6170/1736 1432/6171/1736 1361/6172/1736
f 1433/6173/1737 1440/6174/1737 1362/6175/1737
f 1433/6176/1738 1434/6177/1738 1441/6178/1738 1440/6179/1738
f 1434/6180/1739 1435/6181/1739 1442/6182/1739 1441/6183/1739
f 1435/6184/1740 1436/6185/1740 1443/6186/1740 1442/6187/1740
f 1436/6188/1741 1437/6189/1741 1444/6190/1741 1443/6191/1741
f 1437/6192/1742 1438/6193/1742 1445/6194/1742 1444/6195/1742
f 1438/6196/1743 1439/6197/1743 1446/6198/1743 1445/6199/1743
f 1446/6200/1744 1439/6201/1744 1361/6202/1744
f 1440/6203/1745 1447/6204/1745 1362/6205/1745
f 1440/6206/1746 1441/6207/1746 1448/6208/1746 1447/6209/1746
f 1441/6210/1747 1442/6211/1747 1449/6212/1747 1448/6213/1747
f 1442/6214/1748 1443/6215/1748 1450/6216/1748 1449/6217/1748
f 1443/6218/1749 1444/6219/1749 1451/6220/1749 1450/6221/1749
f 1444/6222/1750 1445/6223/1750 1452/6224/1750 1451/6225/1750
f 1445/6226/1751 1446/6227/1751 1453/6228/1751 1452/6229/1751
f 1453/6230/1752 1446/6231/1752 1361/6232/1752
f 1447/6233/1753 1454/6234/1753 1362/6235/1753
f 1447/6236/1754 1448/6237/1754 1455/6238/1754 1454/6239/1754
f 1448/6240/1755 1449/6241/1755 1456/6242/1755 1455/6243/1755
f 1449/6244/1756 1450/6245/1756 1457/6246/1756 1456/6247/1756
f 1450/6248/1757 1451/6249/1757 1458/6250/1757 1457/6251/1757
f 1451/6252/1758 1452/6253/1758 1459/6254/1758 1458/6255/1758
f 1452/6256/1759 1453/6257/1759 1460/6258/1759 1459/6259/1759
f 1460/6260/1760 1453/6261/1760 1361/6262/1760
f 1454/6263/1761 1461/6264/1761 1362/6265/1761
f 1454/6266/1762 1455/6267/1762 1462/6268/1762 1461/6269/1762
f 1455/6270/1763 1456/6271/1763 1463/6272/1763 1462/6273/1763
f 1456/6274/1764 1457/6275/1764 1464/6276/1764 1463/6277/1764
f 1457/6278/1765 1458/6279/1765 1465/6280/1765 1464/6281/1765
f 1458/6282/1766 1459/6283/1766 1466/6284/1766 1465/6285/1766
f 1459/6286/1767 1460/6287/1767 1467/6288/1767 1466/6289/1767
f 1467/6290/1768 1460/6291/1768 1361/6292/1768
f 1461/6293/1769 1468/6294/1769 1362/6295/1769
f 1461/6296/1770 1462/6297/1770 1469/6298/1770 1468/6299/1770
f 1462/6300/1771 1463/6301/1771 1470/6302/1771 1469/6303/1771
f 1463/6304/1772 1464/6305/1772 1471/6306/1772 1470/6307/1772
f 1464/6308/1773 1465/6309/1773 1472/6310/1773 1471/6311/1773
f 1465/6312/1774 1466/6313/1774 1473/6314/1774 1472/6315/1774
f 1466/6316/1775 1467/6317/1775 1474/6318/1775 1473/6319/1775
f 1474/6320/1776 1467/6321/1776 1361/6322/1776
f 1468/6323/1777 1363/6324/1777 1362/6325/1777
f 1468/6326/1778 1469/6327/1778 1364/6328/1778 1363/6329/1778
f 1469/6330/1779 1470/6331/1779 1365/6332/1779 1364/6333/1779
f 1470/6334/1780 1471/6335/1780 1366/6336/1780 1365/6337/1780
f 1471/6338/1781 1472/6339/1781 1367/6340/1781 1366/6341/1781
f 1472/6342/1782 1473/6343/1782 1368/6344/1782 1367/6345/1782
f 1473/6346/1783 1474/6347/1783 1369/6348/1783 1368/6349/1783
f 1369/6350/1784 1474/6351/1784 1361/6352/1784
o guard_front_rivet_high
v -2.4006904284535453e-17 2.286875 0.13068749999999998
v -2.4006904284535453e-17 2.338125 0.13068749999999998
v 0.0010522088486469919 2.336174413020602 0.14030533836139528
v 0.0019442284383844647 2.330619611267905 0.14845894801818998
v 0.0025402568728525813 2.3223062629543554 0.15390701581279273
v 0.0027495542259147834 2.3125 0.15582012281033275
v 0.0025402568728525813 2.3026937370456446 0.15390701581279273
v 0.001944228438384465 2.294380388732095 0.14845894801818998
v 0.0010522088486469923 2.288825586979398 0.14030533836139528
v 0.0029964372870314813 2.336174413020602 0.1388411096567947
v 0.005536694159884085 2.330619611267905 0.14575340615599802
v 0.007234039537151877 2.3223062629543554 0.15037205501573003
v 0.007830067971619994 2.3125 0.1519939088152527
v 0.007234039537151877 2.3026937370456446 0.15037205501573003
v 0.005536694159884087 2.294380388732095 0.14575340615599802
v 0.002996437287031482 2.288825586979398 0.1388411096567947
v 0.004484485311237071 2.336174413020602 0.13613556779460273
v 0.008286248385798894 2.330619611267905 0.14075421665433474
v 0.0108265052586515 2.3223062629543554 0.14384029915845797
v 0.011718524848388973 2.3125 0.1449239872211273
v 0.0108265052586515 2.3026937370456446 0.14384029915845797
v 0.008286248385798896 2.294380388732095 0.14075421665433474
v 0.0044844853112370716 2.288825586979398 0.13613556779460273
v 0.0052898110987673885 2.336174413020602 0.13260060699754
v 0.009774296410004482 2.330619611267905 0.13422246079706268
v 0.012770733697035989 2.3223062629543554 0.135306148859732
v 0.013822942545683004 2.3125 0.13568668950166327
v 0.012770733697035989 2.3026937370456446 0.135306148859732
v 0.009774296410004484 2.294380388732095 0.13422246079706268
v 0.00528981109876739 2.288825586979398 0.13260060699754
v 0.0052898110987673885 2.336174413020602 0.12877439300245996
v 0.009774296410004482 2.330619611267905 0.1271525392029373
v 0.012770733697035989 2.3223062629543554 0.12606885114026797
v 0.013822942545683004 2.3125 0.1256883104983367
v 0.012770733697035989 2.3026937370456446 0.12606885114026797
v 0.009774296410004484 2.294380388732095 0.1271525392029373
v 0.00528981109876739 2.288825586979398 0.12877439300245996
v 0.0044844853112370716 2.336174413020602 0.12523943220539724
v 0.008286248385798896 2.330619611267905 0.12062078334566524
v 0.010826505258651503 2.3223062629543554 0.11753470084154198
v 0.011718524848388976 2.3125 0.11645101277887268
v 0.010826505258651503 2.3026937370456446 0.11753470084154198
v 0.008286248385798898 2.294380388732095 0.12062078334566524
v 0.004484485311237073 2.288825586979398 0.12523943220539724
v 0.0029964372870314813 2.336174413020602 0.12253389034320526
v 0.005536694159884085 2.330619611267905 0.11562159384400195
v 0.007234039537151877 2.3223062629543554 0.11100294498426994
v 0.007830067971619994 2.3125 0.10938109118474726
v 0.007234039537151877 2.3026937370456446 0.11100294498426994
v 0.005536694159884087 2.294380388732095 0.11562159384400195
v 0.002996437287031482 2.288825586979398 0.12253389034320526
v 0.0010522088486469938 2.336174413020602 0.12106966163860469
v 0.0019442284383844682 2.330619611267905 0.11291605198180997
v 0.002540256872852586 2.3223062629543554 0.10746798418720724
v 0.002749554225914789 2.3125 0.1055548771896672
v 0.002540256872852586 2.3026937370456446 0.10746798418720724
v 0.0019442284383844684 2.294380388732095 0.11291605198180997
v 0.0010522088486469943 2.288825586979398 0.12106966163860469
v -0.0010522088486470407 2.336174413020602 0.12106966163860469
v -0.001944228438384514 2.330619611267905 0.11291605198180997
v -0.0025402568728526303 2.3223062629543554 0.10746798418720724
v -0.0027495542259148333 2.3125 0.1055548771896672
v -0.0025402568728526303 2.3026937370456446 0.10746798418720724
v -0.0019442284383845141 2.294380388732095 0.11291605198180997
v -0.001052208848647041 2.288825586979398 0.12106966163860469
v -0.0029964372870315277 2.336174413020602 0.12253389034320526
v -0.005536694159884131 2.330619611267905 0.11562159384400195
v -0.007234039537151924 2.3223062629543554 0.11100294498426994
v -0.00783006797162004 2.3125 0.10938109118474726
v -0.007234039537151924 2.3026937370456446 0.11100294498426994
v -0.005536694159884133 2.294380388732095 0.11562159384400195
v -0.0029964372870315286 2.288825586979398 0.12253389034320526
v -0.004484485311237119 2.336174413020602 0.12523943220539724
v -0.008286248385798943 2.330619611267905 0.12062078334566524
v -0.010826505258651548 2.3223062629543554 0.11753470084154198
v -0.011718524848389021 2.3125 0.11645101277887268
v -0.010826505258651548 2.3026937370456446 0.11753470084154198
v -0.008286248385798944 2.294380388732095 0.12062078334566524
v -0.00448448531123712 2.288825586979398 0.12523943220539724
v -0.005289811098767436 2.336174413020602 0.12877439300245996
v -0.009774296410004529 2.330619611267905 0.12715253920293726
v -0.012770733697036036 2.3223062629543554 0.12606885114026797
v -0.013822942545683052 2.3125 0.12568831049833668
v -0.012770733697036036 2.3026937370456446 0.12606885114026797
v -0.00977429641000453 2.294380388732095 0.12715253920293726
v -0.005289811098767438 2.288825586979398 0.12877439300245996
v -0.005289811098767437 2.336174413020602 0.13260060699754
v -0.00977429641000453 2.330619611267905 0.13422246079706268
v -0.012770733697036038 2.3223062629543554 0.135306148859732
v -0.013822942545683052 2.3125 0.13568668950166327
v -0.012770733697036038 2.3026937370456446 0.135306148859732
v -0.009774296410004532 2.294380388732095 0.13422246079706268
v -0.005289811098767439 2.288825586979398 0.13260060699754
v -0.00448448531123712 2.336174413020602 0.13613556779460273
v -0.008286248385798944 2.330619611267905 0.1407542166543347
v -0.010826505258651552 2.3223062629543554 0.14384029915845797
v -0.011718524848389025 2.3125 0.1449239872211273
v -0.010826505258651552 2.3026937370456446 0.14384029915845797
v -0.008286248385798946 2.294380388732095 0.1407542166543347
v -0.004484485311237122 2.288825586979398 0.13613556779460273
v -0.002996437287031529 2.336174413020602 0.1388411096567947
v -0.005536694159884134 2.330619611267905 0.14575340615599802
v -0.007234039537151926 2.3223062629543554 0.15037205501573003
v -0.007830067971620043 2.3125 0.1519939088152527
v -0.007234039537151926 2.3026937370456446 0.15037205501573003
v -0.0055366941598841354 2.294380388732095 0.14575340615599802
v -0.00299643728703153 2.288825586979398 0.1388411096567947
v -0.0010522088486470426 2.336174413020602 0.14030533836139528
v -0.0019442284383845174 2.330619611267905 0.14845894801818998
v -0.002540256872852635 2.3223062629543554 0.15390701581279273
v -0.002749554225914838 2.3125 0.15582012281033275
v -0.002540256872852635 2.3026937370456446 0.15390701581279273
v -0.0019442284383845178 2.294380388732095 0.14845894801818998
v -0.001052208848647043 2.288825586979398 0.14030533836139528
vt 0.5 0.5
vt 0.5 0.5
vt 0.5 0.5
vt 0.5 0.5
vt 0.5 0.5
vt 0.5 0.5
vt 0.5 0.5
vt 0.5 0.5
vt 0.5 0.5
vt 0.5 0.5
vt 0.5 0.5
vt 0.5 0.5
vt 0.5 0.5
vt 0.5 0.5
vt 0.5 0.5
vt 0.5 0.5
vt 0.5 0.5
vt 0.5 0.5
vt 0.5 0.5
vt 0.5 0.5
vt 0.5 0.5
vt 0.5 0.5
vt 0.5 0.5
vt 0.5 0.5
vt 0.5 0.5
vt 0.5 0.5
vt 0.5 0.5
vt 0.5 0.5
vt 0.5 0.5
vt 0.5 0.5
vt 0.5 0.5
vt 0.5 0.5
vt 0.5 0.5
vt 0.5 0.5
vt 0.5 0.5
vt 0.5 0.5
vt 0.5 0.5
vt 0.5 0.5
vt 0.5 0.5
vt 0.5 0.5
vt 0.5 0.5
vt 0.5 0.5
vt 0.5 0.5
vt 0.5 0.5
vt 0.5 0.5
vt 0.5 0.5
vt 0.5 0.5
vt 0.5 0.5
vt 0.5 0.5
vt 0.5 0.5
vt 0.5 0.5
vt 0.5 0.5
vt 0.5 0.5
vt 0.5 0.5
vt 0.5 0.5
vt 0.5 0.5
vt 0.5 0.5
vt 0.5 0.5
vt 0.5 0.5
vt 0.5 0.5
vt 0.5 0.5
vt 0.5 0.5
vt 0.5 0.5
vt 0.5 0.5
vt 0.5 0.5
vt 0.5 0.5
vt 0.5 0.5
vt 0.5 0.5
vt 0.5 0.5
vt 0.5 0.5
vt 0.5 0.5
vt 0.5 0.5
vt 0.5 0.5
vt 0.5 0.5
vt 0.5 0.5
vt 0.5 0.5
vt 0.5 0.5
vt 0.5 0.5
vt 0.5 0.5
vt 0.5 0.5
vt 0.5 0.5
vt 0.5 0.5
vt 0.5 0.5
vt 0.5 0.5
vt 0.5 0.5
vt 0.5 0.5
vt 0.5 0.5
vt 0.5 0.5
vt 0.5 0.5
vt 0.5 0.5
vt 0.5 0.5
vt 0.5 0.5
vt 0.5 0.5
vt 0.5 0.5
vt 0.5 0.5
vt 0.5 0.5
vt 0.5 0.5
vt 0.5 0.5
vt 0.5 0.5
vt 0.5 0.5
vt 0.5 0.5
vt 0.5 0.5
vt 0.5 0.5
vt 0.5 0.5
vt 0.5 0.5
vt 0.5 0.5
vt 0.5 0.5
vt 0.5 0.5
vt 0.5 0.5
vt 0.5 0.5
vt 0.5 0.5
vt 0.5 0.5
vt 0.5 0.5
vt 0.5 0.5
vt 0.5 0.5
vt 0.5 0.5
vt 0.5 0.5
vt 0.5 0.5
vt 0.5 0.5
vt 0.5 0.5
vt 0.5 0.5
vt 0.5 0.5
vt 0.5 0.5
vt 0.5 0.5
vt 0.5 0.5
vt 0.5 0.5
vt 0.5 0.5
vt 0.5 0.5
vt 0.5 0.5
vt 0.5 0.5
vt 0.5 0.5
vt 0.5 0.5
vt 0.5 0.5
vt 0.5 0.5
vt 0.5 0.5
vt 0.5 0.5
vt 0.5 0.5
vt 0.5 0.5
vt 0.5 0.5
vt 0.5 0.5
vt 0.5 0.5
vt 0.5 0.5
vt 0.5 0.5
vt 0.5 0.5
vt 0.5 0.5
vt 0.5 0.5
vt 0.5 0.5
vt 0.5 0.5
vt 0.5 0.5
vt 0.5 0.5
vt 0.5 0.5
vt 0.5 0.5
vt 0.5 0.5
vt 0.5 0.5
vt 0.5 0.5
vt 0.5 0.5
vt 0.5 0.5
vt 0.5 0.5
vt 0.5 0.5
vt 0.5 0.5
vt 0.5 0.5
vt 0.5 0.5
vt 0.5 0.5
vt 0.5 0.5
vt 0.5 0.5
vt 0.5 0.5
vt 0.5 0.5
vt 0.5 0.5
vt 0.5 0.5
vt 0.5 0.5
vt 0.5 0.5
vt 0.5 0.5
vt 0.5 0.5
vt 0.5 0.5
vt 0.5 0.5
vt 0.5 0.5
vt 0.5 0.5
vt 0.5 0.5
vt 0.5 0.5
vt 0.5 0.5
vt 0.5 0.5
vt 0.5 0.5
vt 0.5 0.5
vt 0.5 0.5
vt 0.5 0.5
vt 0.5 0.5
vt 0.5 0.5
vt 0.5 0.5
vt 0.5 0.5
vt 0.5 0.5
vt 0.5 0.5
vt 0.5 0.5
vt 0.5 0.5
vt 0.5 0.5
vt 0.5 0.5
vt 0.5 0.5
vt 0.5 0.5
vt 0.5 0.5
vt 0.5 0.5
vt 0.5 0.5
vt 0.5 0.5
vt 0.5 0.5
vt 0.5 0.5
vt 0.5 0.5
vt 0.5 0.5
vt 0.5 0.5
vt 0.5 0.5
vt 0.5 0.5
vt 0.5 0.5
vt 0.5 0.5
vt 0.5 0.5
vt 0.5 0.5
vt 0.5 0.5
vt 0.5 0.5
vt 0.5 0.5
vt 0.5 0.5
vt 0.5 0.5
vt 0.5 0.5
vt 0.5 0.5
vt 0.5 0.5
vt 0.5 0.5
vt 0.5 0.5
vt 0.5 0.5
vt 0.5 0.5
vt 0.5 0.5
vt 0.5 0.5
vt 0.5 0.5
vt 0.5 0.5
vt 0.5 0.5
vt 0.5 0.5
vt 0.5 0.5
vt 0.5 0.5
vt 0.5 0.5
vt 0.5 0.5
vt 0.5 0.5
vt 0.5 0.5
vt 0.5 0.5
vt 0.5 0.5
vt 0.5 0.5
vt 0.5 0.5
vt 0.5 0.5
vt 0.5 0.5
vt 0.5 0.5
vt 0.5 0.5
vt 0.5 0.5
vt 0.5 0.5
vt 0.5 0.5
vt 0.5 0.5
vt 0.5 0.5
vt 0.5 0.5
vt 0.5 0.5
vt 0.5 0.5
vt 0.5 0.5
vt 0.5 0.5
vt 0.5 0.5
vt 0.5 0.5
vt 0.5 0.5
vt 0.5 0.5
vt 0.5 0.5
vt 0.5 0.5
vt 0.5 0.5
vt 0.5 0.5
vt 0.5 0.5
vt 0.5 0.5
vt 0.5 0.5
vt 0.5 0.5
vt 0.5 0.5
vt 0.5 0.5
vt 0.5 0.5
vt 0.5 0.5
vt 0.5 0.5
vt 0.5 0.5
vt 0.5 0.5
vt 0.5 0.5
vt 0.5 0.5
vt 0.5 0.5
vt 0.5 0.5
vt 0.5 0.5
vt 0.5 0.5
vt 0.5 0.5
vt 0.5 0.5
vt 0.5 0.5
vt 0.5 0.5
vt 0.5 0.5
vt 0.5 0.5
vt 0.5 0.5
vt 0.5 0.5
vt 0.5 0.5
vt 0.5 0.5
vt 0.5 0.5
vt 0.5 0.5
vt 0.5 0.5
vt 0.5 0.5
vt 0.5 0.5
vt 0.5 0.5
vt 0.5 0.5
vt 0.5 0.5
vt 0.5 0.5
vt 0.5 0.5
vt 0.5 0.5
vt 0.5 0.5
vt 0.5 0.5
vt 0.5 0.5
vt 0.5 0.5
vt 0.5 0.5
vt 0.5 0.5
vt 0.5 0.5
vt 0.5 0.5
vt 0.5 0.5
vt 0.5 0.5
vt 0.5 0.5
vt 0.5 0.5
vt 0.5 0.5
vt 0.5 0.5
vt 0.5 0.5
vt 0.5 0.5
vt 0.5 0.5
vt 0.5 0.5
vt 0.5 0.5
vt 0.5 0.5
vt 0.5 0.5
vt 0.5 0.5
vt 0.5 0.5
vt 0.5 0.5
vt 0.5 0.5
vt 0.5 0.5
vt 0.5 0.5
vt 0.5 0.5
vt 0.5 0.5
vt 0.5 0.5
vt 0.5 0.5
vt 0.5 0.5
vt 0.5 0.5
vt 0.5 0.5
vt 0.5 0.5
vt 0.5 0.5
vt 0.5 0.5
vt 0.5 0.5
vt 0.5 0.5
vt 0.5 0.5
vt 0.5 0.5
vt 0.5 0.5
vt 0.5 0.5
vt 0.5 0.5
vt 0.5 0.5
vt 0.5 0.5
vt 0.5 0.5
vt 0.5 0.5
vt 0.5 0.5
vt 0.5 0.5
vt 0.5 0.5
vt 0.5 0.5
vt 0.5 0.5
vt 0.5 0.5
vt 0.5 0.5
vt 0.5 0.5
vt 0.5 0.5
vt 0.5 0.5
vt 0.5 0.5
vt 0.5 0.5
vt 0.5 0.5
vt 0.5 0.5
vt 0.5 0.5
vt 0.5 0.5
vt 0.5 0.5
vt 0.5 0.5
vt 0.5 0.5
vt 0.5 0.5
vt 0.5 0.5
vt 0.5 0.5
vt 0.5 0.5
vt 0.5 0.5
vt 0.5 0.5
vt 0.5 0.5
vt 0.5 0.5
vt 0.5 0.5
vt 0.5 0.5
vt 0.5 0.5
vt 0.5 0.5
vt 0.5 0.5
vt 0.5 0.5
vt 0.5 0.5
vt 0.5 0.5
vt 0.5 0.5
vt 0.5 0.5
vt 0.5 0.5
vt 0.5 0.5
vt 0.5 0.5
vt 0.5 0.5
vt 0.5 0.5
vt 0.5 0.5
vt 0.5 0.5
vt 0.5 0.5
vt 0.5 0.5
vt 0.5 0.5
vt 0.5 0.5
vt 0.5 0.5
vt 0.5 0.5
vt 0.5 0.5
vt 0.5 0.5
vt 0.5 0.5
vt 0.5 0.5
vt 0.5 0.5
vt 0.5 0.5
vt 0.5 0.5
vt 0.5 0.5
vt 0.5 0.5
vt 0.5 0.5
vt 0.5 0.5
vt 0.5 0.5
vt 0.5 0.5
vt 0.5 0.5
vt 0.5 0.5
vt 0.5 0.5
vt 0.5 0.5
vt 0.5 0.5
vt 0.5 0.5
vt 0.5 0.5
vt 0.5 0.5
vt 0.5 0.5
vt 0.5 0.5
vt 0.5 0.5
vt 0.5 0.5
vt 0.5 0.5
vt 0.5 0.5
vt 0.5 0.5
vt 0.5 0.5
vt 0.5 0.5
vt 0.5 0.5
vt 0.5 0.5
vt 0.5 0.5
vt 0.5 0.5
vt 0.5 0.5
vt 0.5 0.5
vt 0.5 0.5
vt 0.5 0.5
vt 0.5 0.5
vt 0.5 0.5
vt 0.5 0.5
vt 0.5 0.5
vt 0.5 0.5
vt 0.5 0.5
vt 0.5 0.5
vt 0.5 0.5
vt 0.5 0.5
vt 0.5 0.5
vt 0.5 0.5
vt 0.5 0.5
vt 0.5 0.5
vt 0.5 0.5
vt 0.5 0.5
vt 0.5 0.5
vt 0.5 0.5
vt 0.5 0.5
vt 0.5 0.5
vt 0.5 0.5
vt 0.5 0.5
vt 0.5 0.5
vt 0.5 0.5
vt 0.5 0.5
vt 0.5 0.5
vt 0.5 0.5
vt 0.5 0.5
vt 0.5 0.5
vt 0.5 0.5
vt 0.5 0.5
vt 0.5 0.5
vt 0.5 0.5
vt 0.5 0.5
vt 0.5 0.5
vt 0.5 0.5
vt 0.5 0.5
vt 0.5 0.5
vt 0.5 0.5
vt 0.5 0.5
vt 0.5 0.5
vt 0.5 0.5
vt 0.5 0.5
vt 0.5 0.5
vt 0.5 0.5
vn 0.13738342129416142 0.9735752157355124 0.18242010541346973
vn 0.37232655220625793 0.7854678074921524 0.49438169658237924
vn 0.5234086833243181 0.4929813370968376 0.694991188069977
vn 0.5932115983006662 0.1663291576578456 0.7876767172859694
vn 0.5932115983006664 -0.16632915765784548 0.7876767172859691
vn 0.5234086833243178 -0.4929813370968375 0.6949911880699772
vn 0.3723265522062582 -0.7854678074921521 0.49438169658237935
vn 0.1373834212941615 -0.9735752157355124 0.18242010541346965
vn 0.2499111210543284 0.9584631563729057 0.13745111657988074
vn 0.6194568112499086 0.7072453038673455 0.34070124618744996
vn 0.8000436562481998 0.4078100267236675 0.44002401093651017
vn 0.8685719546431454 0.1318011547317392 0.47771457505373016
vn 0.8685719546431454 -0.13180115473173915 0.47771457505373016
vn 0.8000436562482 -0.4078100267236671 0.4400240109365101
vn 0.6194568112499087 -0.7072453038673453 0.34070124618744996
vn 0.24991112105432836 -0.9584631563729058 0.13745111657988068
vn 0.3216088413946613 0.9440336526418579 0.07326810913662142
vn 0.7421703013662005 0.6485332808362151 0.16907935242902392
vn 0.9113133898011546 0.3555343947112814 0.20761310109531056
vn 0.9688260774292744 0.1125197838296573 0.2207154954685623
vn 0.9688260774292744 -0.11251978382965729 0.2207154954685625
vn 0.911313389801155 -0.3555343947112811 0.20761310109531025
vn 0.7421703013662007 -0.6485332808362151 0.16907935242902405
vn 0.3216088413946612 -0.9440336526418578 0.07326810913662146
vn 0.3459722726171405 0.9382447370383333 0
vn 0.7780839420413229 0.6281603132460974 0
vn 0.940756359349289 0.33908328231257817 0
vn 0.9942926253310365 0.10668727764975126 0
vn 0.9942926253310366 -0.10668727764975126 0
vn 0.940756359349289 -0.339083282312578 0
vn 0.778083942041323 -0.6281603132460973 0
vn 0.3459722726171403 -0.9382447370383334 0
vn 0.3216088413946613 0.9440336526418578 -0.07326810913662139
vn 0.7421703013662004 0.6485332808362152 -0.16907935242902392
vn 0.9113133898011546 0.3555343947112815 -0.20761310109531025
vn 0.9688260774292744 0.11251978382965706 -0.22071549546856203
vn 0.9688260774292744 -0.11251978382965704 -0.22071549546856223
vn 0.9113133898011547 -0.3555343947112814 -0.20761310109531012
vn 0.7421703013662007 -0.648533280836215 -0.1690793524290239
vn 0.3216088413946612 -0.9440336526418578 -0.07326810913662136
vn 0.24991112105432858 0.9584631563729056 -0.13745111657988063
vn 0.6194568112499089 0.7072453038673454 -0.3407012461874497
vn 0.8000436562481998 0.40781002672366756 -0.44002401093650995
vn 0.8685719546431456 0.131801154731739 -0.47771457505373005
vn 0.8685719546431455 -0.13180115473173895 -0.47771457505373
vn 0.8000436562482 -0.40781002672366734 -0.44002401093650995
vn 0.6194568112499088 -0.7072453038673453 -0.34070124618744996
vn 0.24991112105432844 -0.9584631563729056 -0.13745111657988063
vn 0.1373834212941614 0.9735752157355124 -0.18242010541346973
vn 0.37232655220625777 0.7854678074921525 -0.49438169658237935
vn 0.5234086833243181 0.49298133709683756 -0.6949911880699771
vn 0.5932115983006664 0.16632915765784556 -0.787676717285969
vn 0.5932115983006666 -0.16632915765784556 -0.7876767172859691
vn 0.523408683324318 -0.4929813370968375 -0.694991188069977
vn 0.3723265522062581 -0.7854678074921523 -0.49438169658237935
vn 0.13738342129416148 -0.9735752157355124 -0.18242010541346965
vn 0 0.9800476330240645 -0.19876276563765305
vn 0 0.8264385215476815 -0.563026971025441
vn 0 0.5481241919387719 -0.8363969573183947
vn 0 0.1914804539553227 -0.9814964267653061
vn 0 -0.1914804539553226 -0.981496426765306
vn 0 -0.5481241919387717 -0.8363969573183947
vn 0 -0.8264385215476812 -0.5630269710254411
vn 0 -0.9800476330240647 -0.19876276563765305
vn -0.13738342129416142 0.9735752157355124 -0.18242010541346976
vn -0.3723265522062579 0.7854678074921524 -0.49438169658237935
vn -0.5234086833243176 0.49298133709683767 -0.6949911880699772
vn -0.5932115983006662 0.1663291576578456 -0.7876767172859693
vn -0.5932115983006659 -0.16632915765784556 -0.7876767172859694
vn -0.5234086833243177 -0.4929813370968375 -0.6949911880699772
vn -0.3723265522062577 -0.7854678074921524 -0.49438169658237957
vn -0.13738342129416134 -0.9735752157355124 -0.18242010541346967
vn -0.24991112105432847 0.9584631563729056 -0.13745111657988074
vn -0.6194568112499086 0.7072453038673454 -0.34070124618745
vn -0.8000436562482001 0.4078100267236677 -0.4400240109365099
vn -0.8685719546431454 0.13180115473173884 -0.4777145750537301
vn -0.8685719546431457 -0.13180115473173884 -0.4777145750537299
vn -0.8000436562482001 -0.40781002672366756 -0.4400240109365101
vn -0.6194568112499089 -0.7072453038673452 -0.3407012461874499
vn -0.24991112105432847 -0.9584631563729056 -0.13745111657988066
vn -0.32160884139466134 0.9440336526418579 -0.07326810913662145
vn -0.7421703013662004 0.6485332808362152 -0.16907935242902392
vn -0.9113133898011547 0.3555343947112814 -0.20761310109531067
vn -0.9688260774292743 0.11251978382965727 -0.22071549546856253
vn -0.9688260774292744 -0.11251978382965729 -0.22071549546856264
vn -0.9113133898011547 -0.3555343947112812 -0.20761310109531028
vn -0.7421703013662007 -0.648533280836215 -0.16907935242902408
vn -0.32160884139466117 -0.9440336526418578 -0.07326810913662146
vn -0.3459722726171405 0.9382447370383332 -7.84282092059834e-17
vn -0.7780839420413229 0.6281603132460974 -2.0138394340411177e-16
vn -0.9407563593492889 0.3390832823125781 -2.0753270355488045e-16
vn -0.9942926253310365 0.10668727764975144 0
vn -0.9942926253310366 -0.10668727764975143 -1.859499395790683e-16
vn -0.940756359349289 -0.3390832823125781 -2.7115454446547485e-16
vn -0.778083942041323 -0.6281603132460973 -2.4807267131662677e-16
vn -0.34597227261714036 -0.9382447370383332 -7.842820920598335e-17
vn -0.3216088413946613 0.9440336526418579 0.07326810913662145
vn -0.7421703013662004 0.6485332808362152 0.16907935242902394
vn -0.9113133898011546 0.3555343947112815 0.2076131010953104
vn -0.9688260774292745 0.11251978382965706 0.22071549546856223
vn -0.9688260774292745 -0.11251978382965708 0.22071549546856242
vn -0.9113133898011548 -0.35553439471128145 0.2076131010953103
vn -0.7421703013662008 -0.648533280836215 0.16907935242902394
vn -0.32160884139466117 -0.9440336526418578 0.07326810913662138
vn -0.24991112105432856 0.9584631563729056 0.13745111657988066
vn -0.6194568112499088 0.7072453038673454 0.3407012461874498
vn -0.8000436562482001 0.4078100267236675 0.44002401093651006
vn -0.8685719546431456 0.13180115473173898 0.4777145750537298
vn -0.8685719546431455 -0.13180115473173895 0.47771457505373
vn -0.8000436562482002 -0.40781002672366723 0.4400240109365097
vn -0.6194568112499088 -0.7072453038673452 0.34070124618745007
vn -0.24991112105432844 -0.9584631563729056 0.13745111657988066
vn -0.13738342129416145 0.9735752157355124 0.18242010541346973
vn -0.3723265522062581 0.7854678074921525 0.49438169658237935
vn -0.5234086833243181 0.49298133709683745 0.6949911880699768
vn -0.5932115983006665 0.16632915765784584 0.7876767172859691
vn -0.5932115983006665 -0.1663291576578458 0.7876767172859689
vn -0.5234086833243178 -0.49298133709683734 0.6949911880699773
vn -0.3723265522062582 -0.7854678074921524 0.49438169658237935
vn -0.1373834212941615 -0.9735752157355124 0.18242010541346965
vn -1.6384505611460693e-16 0.9800476330240645 0.19876276563765305
vn -5.299011890460911e-16 0.8264385215476815 0.563026971025441
vn -5.367587321254049e-16 0.5481241919387719 0.8363969573183946
vn 0 0.191480453955323 0.981496426765306
vn -6.674793776340735e-16 -0.19148045395532293 0.9814964267653059
vn -7.01309080469054e-16 -0.5481241919387718 0.8363969573183948
vn -3.2637657520871826e-16 -0.8264385215476813 0.5630269710254413
vn -1.6384505611460688e-16 -0.9800476330240647 0.19876276563765308
usemtl m_3be25f79-071f-aaae-ced0-88ed625c361a
f 1477/6353/1785 1484/6354/1785 1476/6355/1785
f 1477/6356/1786 1478/6357/1786 1485/6358/1786 1484/6359/1786
f 1478/6360/1787 1479/6361/1787 1486/6362/1787 1485/6363/1787
f 1479/6364/1788 1480/6365/1788 1487/6366/1788 1486/6367/1788
f 1480/6368/1789 1481/6369/1789 1488/6370/1789 1487/6371/1789
f 1481/6372/1790 1482/6373/1790 1489/6374/1790 1488/6375/1790
f 1482/6376/1791 1483/6377/1791 1490/6378/1791 1489/6379/1791
f 1490/6380/1792 1483/6381/1792 1475/6382/1792
f 1484/6383/1793 1491/6384/1793 1476/6385/1793
f 1484/6386/1794 1485/6387/1794 1492/6388/1794 1491/6389/1794
f 1485/6390/1795 1486/6391/1795 1493/6392/1795 1492/6393/1795
f 1486/6394/1796 1487/6395/1796 1494/6396/1796 1493/6397/1796
f 1487/6398/1797 1488/6399/1797 1495/6400/1797 1494/6401/1797
f 1488/6402/1798 1489/6403/1798 1496/6404/1798 1495/6405/1798
f 1489/6406/1799 1490/6407/1799 1497/6408/1799 1496/6409/1799
f 1497/6410/1800 1490/6411/1800 1475/6412/1800
f 1491/6413/1801 1498/6414/1801 1476/6415/1801
f 1491/6416/1802 1492/6417/1802 1499/6418/1802 1498/6419/1802
f 1492/6420/1803 1493/6421/1803 1500/6422/1803 1499/6423/1803
f 1493/6424/1804 1494/6425/1804 1501/6426/1804 1500/6427/1804
f 1494/6428/1805 1495/6429/1805 1502/6430/1805 1501/6431/1805
f 1495/6432/1806 1496/6433/1806 1503/6434/1806 1502/6435/1806
f 1496/6436/1807 1497/6437/1807 1504/6438/1807 1503/6439/1807
f 1504/6440/1808 1497/6441/1808 1475/6442/1808
f 1498/6443/1809 1505/6444/1809 1476/6445/1809
f 1498/6446/1810 1499/6447/1810 1506/6448/1810 1505/6449/1810
f 1499/6450/1811 1500/6451/1811 1507/6452/1811 1506/6453/1811
f 1500/6454/1812 1501/6455/1812 1508/6456/1812 1507/6457/1812
f 1501/6458/1813 1502/6459/1813 1509/6460/1813 1508/6461/1813
f 1502/6462/1814 1503/6463/1814 1510/6464/1814 1509/6465/1814
f 1503/6466/1815 1504/6467/1815 1511/6468/1815 1510/6469/1815
f 1511/6470/1816 1504/6471/1816 1475/6472/1816
f 1505/6473/1817 1512/6474/1817 1476/6475/1817
f 1505/6476/1818 1506/6477/1818 1513/6478/1818 1512/6479/1818
f 1506/6480/1819 1507/6481/1819 1514/6482/1819 1513/6483/1819
f 1507/6484/1820 1508/6485/1820 1515/6486/1820 1514/6487/1820
f 1508/6488/1821 1509/6489/1821 1516/6490/1821 1515/6491/1821
f 1509/6492/1822 1510/6493/1822 1517/6494/1822 1516/6495/1822
f 1510/6496/1823 1511/6497/1823 1518/6498/1823 1517/6499/1823
f 1518/6500/1824 1511/6501/1824 1475/6502/1824
f 1512/6503/1825 1519/6504/1825 1476/6505/1825
f 1512/6506/1826 1513/6507/1826 1520/6508/1826 1519/6509/1826
f 1513/6510/1827 1514/6511/1827 1521/6512/1827 1520/6513/1827
f 1514/6514/1828 1515/6515/1828 1522/6516/1828 1521/6517/1828
f 1515/6518/1829 1516/6519/1829 1523/6520/1829 1522/6521/1829
f 1516/6522/1830 1517/6523/1830 1524/6524/1830 1523/6525/1830
f 1517/6526/1831 1518/6527/1831 1525/6528/1831 1524/6529/1831
f 1525/6530/1832 1518/6531/1832 1475/6532/1832
f 1519/6533/1833 1526/6534/1833 1476/6535/1833
f 1519/6536/1834 1520/6537/1834 1527/6538/1834 1526/6539/1834
f 1520/6540/1835 1521/6541/1835 1528/6542/1835 1527/6543/1835
f 1521/6544/1836 1522/6545/1836 1529/6546/1836 1528/6547/1836
f 1522/6548/1837 1523/6549/1837 1530/6550/1837 1529/6551/1837
f 1523/6552/1838 1524/6553/1838 1531/6554/1838 1530/6555/1838
f 1524/6556/1839 1525/6557/1839 1532/6558/1839 1531/6559/1839
f 1532/6560/1840 1525/6561/1840 1475/6562/1840
f 1526/6563/1841 1533/6564/1841 1476/6565/1841
f 1526/6566/1842 1527/6567/1842 1534/6568/1842 1533/6569/1842
f 1527/6570/1843 1528/6571/1843 1535/6572/1843 1534/6573/1843
f 1528/6574/1844 1529/6575/1844 1536/6576/1844 1535/6577/1844
f 1529/6578/1845 1530/6579/1845 1537/6580/1845 1536/6581/1845
f 1530/6582/1846 1531/6583/1846 1538/6584/1846 1537/6585/1846
f 1531/6586/1847 1532/6587/1847 1539/6588/1847 1538/6589/1847
f 1539/6590/1848 1532/6591/1848 1475/6592/1848
f 1533/6593/1849 1540/6594/1849 1476/6595/1849
f 1533/6596/1850 1534/6597/1850 1541/6598/1850 1540/6599/1850
f 1534/6600/1851 1535/6601/1851 1542/6602/1851 1541/6603/1851
f 1535/6604/1852 1536/6605/1852 1543/6606/1852 1542/6607/1852
f 1536/6608/1853 1537/6609/1853 1544/6610/1853 1543/6611/1853
f 1537/6612/1854 1538/6613/1854 1545/6614/1854 1544/6615/1854
f 1538/6616/1855 1539/6617/1855 1546/6618/1855 1545/6619/1855
f 1546/6620/1856 1539/6621/1856 1475/6622/1856
f 1540/6623/1857 1547/6624/1857 1476/6625/1857
f 1540/6626/1858 1541/6627/1858 1548/6628/1858 1547/6629/1858
f 1541/6630/1859 1542/6631/1859 1549/6632/1859 1548/6633/1859
f 1542/6634/1860 1543/6635/1860 1550/6636/1860 1549/6637/1860
f 1543/6638/1861 1544/6639/1861 1551/6640/1861 1550/6641/1861
f 1544/6642/1862 1545/6643/1862 1552/6644/1862 1551/6645/1862
f 1545/6646/1863 1546/6647/1863 1553/6648/1863 1552/6649/1863
f 1553/6650/1864 1546/6651/1864 1475/6652/1864
f 1547/6653/1865 1554/6654/1865 1476/6655/1865
f 1547/6656/1866 1548/6657/1866 1555/6658/1866 1554/6659/1866
f 1548/6660/1867 1549/6661/1867 1556/6662/1867 1555/6663/1867
f 1549/6664/1868 1550/6665/1868 1557/6666/1868 1556/6667/1868
f 1550/6668/1869 1551/6669/1869 1558/6670/1869 1557/6671/1869
f 1551/6672/1870 1552/6673/1870 1559/6674/1870 1558/6675/1870
f 1552/6676/1871 1553/6677/1871 1560/6678/1871 1559/6679/1871
f 1560/6680/1872 1553/6681/1872 1475/6682/1872
f 1554/6683/1873 1561/6684/1873 1476/6685/1873
f 1554/6686/1874 1555/6687/1874 1562/6688/1874 1561/6689/1874
f 1555/6690/1875 1556/6691/1875 1563/6692/1875 1562/6693/1875
f 1556/6694/1876 1557/6695/1876 1564/6696/1876 1563/6697/1876
f 1557/6698/1877 1558/6699/1877 1565/6700/1877 1564/6701/1877
f 1558/6702/1878 1559/6703/1878 1566/6704/1878 1565/6705/1878
f 1559/6706/1879 1560/6707/1879 1567/6708/1879 1566/6709/1879
f 1567/6710/1880 1560/6711/1880 1475/6712/1880
f 1561/6713/1881 1568/6714/1881 1476/6715/1881
f 1561/6716/1882 1562/6717/1882 1569/6718/1882 1568/6719/1882
f 1562/6720/1883 1563/6721/1883 1570/6722/1883 1569/6723/1883
f 1563/6724/1884 1564/6725/1884 1571/6726/1884 1570/6727/1884
f 1564/6728/1885 1565/6729/1885 1572/6730/1885 1571/6731/1885
f 1565/6732/1886 1566/6733/1886 1573/6734/1886 1572/6735/1886
f 1566/6736/1887 1567/6737/1887 1574/6738/1887 1573/6739/1887
f 1574/6740/1888 1567/6741/1888 1475/6742/1888
f 1568/6743/1889 1575/6744/1889 1476/6745/1889
f 1568/6746/1890 1569/6747/1890 1576/6748/1890 1575/6749/1890
f 1569/6750/1891 1570/6751/1891 1577/6752/1891 1576/6753/1891
f 1570/6754/1892 1571/6755/1892 1578/6756/1892 1577/6757/1892
f 1571/6758/1893 1572/6759/1893 1579/6760/1893 1578/6761/1893
f 1572/6762/1894 1573/6763/1894 1580/6764/1894 1579/6765/1894
f 1573/6766/1895 1574/6767/1895 1581/6768/1895 1580/6769/1895
f 1581/6770/1896 1574/6771/1896 1475/6772/1896
f 1575/6773/1897 1582/6774/1897 1476/6775/1897
f 1575/6776/1898 1576/6777/1898 1583/6778/1898 1582/6779/1898
f 1576/6780/1899 1577/6781/1899 1584/6782/1899 1583/6783/1899
f 1577/6784/1900 1578/6785/1900 1585/6786/1900 1584/6787/1900
f 1578/6788/1901 1579/6789/1901 1586/6790/1901 1585/6791/1901
f 1579/6792/1902 1580/6793/1902 1587/6794/1902 1586/6795/1902
f 1580/6796/1903 1581/6797/1903 1588/6798/1903 1587/6799/1903
f 1588/6800/1904 1581/6801/1904 1475/6802/1904
f 1582/6803/1905 1477/6804/1905 1476/6805/1905
f 1582/6806/1906 1583/6807/1906 1478/6808/1906 1477/6809/1906
f 1583/6810/1907 1584/6811/1907 1479/6812/1907 1478/6813/1907
f 1584/6814/1908 1585/6815/1908 1480/6816/1908 1479/6817/1908
f 1585/6818/1909 1586/6819/1909 1481/6820/1909 1480/6821/1909
f 1586/6822/1910 1587/6823/1910 1482/6824/1910 1481/6825/1910
f 1587/6826/1911 1588/6827/1911 1483/6828/1911 1482/6829/1911
f 1483/6830/1912 1588/6831/1912 1475/6832/1912
o emitter_detail_ring_01
v 0 1.64375 0
v 0 1.58125 0
v 0.0948125 1.64375 0
v 0.0948125 1.58125 0
v 0.09299070439823129 1.64375 0.018497001156154158
v 0.09299070439823129 1.58125 0.018497001156154158
v 0.08759532817622638 1.64375 0.036283172931115076
v 0.08759532817622638 1.58125 0.036283172931115076
v 0.07883371261643507 1.64375 0.05267500271817103
v 0.07883371261643507 1.58125 0.05267500271817103
v 0.06704256169124954 1.64375 0.06704256169124953
v 0.06704256169124954 1.58125 0.06704256169124953
v 0.05267500271817104 1.64375 0.07883371261643507
v 0.05267500271817104 1.58125 0.07883371261643507
v 0.036283172931115076 1.64375 0.08759532817622638
v 0.036283172931115076 1.58125 0.08759532817622638
v 0.01849700115615417 1.64375 0.09299070439823129
v 0.01849700115615417 1.58125 0.09299070439823129
v 5.805591232207921e-18 1.64375 0.0948125
v 5.805591232207921e-18 1.58125 0.0948125
v -0.018497001156154155 1.64375 0.09299070439823129
v -0.018497001156154155 1.58125 0.09299070439823129
v -0.03628317293111507 1.64375 0.08759532817622638
v -0.03628317293111507 1.58125 0.08759532817622638
v -0.05267500271817101 1.64375 0.07883371261643508
v -0.05267500271817101 1.58125 0.07883371261643508
v -0.06704256169124953 1.64375 0.06704256169124954
v -0.06704256169124953 1.58125 0.06704256169124954
v -0.07883371261643508 1.64375 0.05267500271817103
v -0.07883371261643508 1.58125 0.05267500271817103
v -0.08759532817622638 1.64375 0.03628317293111508
v -0.08759532817622638 1.58125 0.03628317293111508
v -0.09299070439823129 1.64375 0.018497001156154193
v -0.09299070439823129 1.58125 0.018497001156154193
v -0.0948125 1.64375 1.1611182464415842e-17
v -0.0948125 1.58125 1.1611182464415842e-17
v -0.09299070439823129 1.64375 -0.018497001156154172
v -0.09299070439823129 1.58125 -0.018497001156154172
v -0.08759532817622638 1.64375 -0.03628317293111506
v -0.08759532817622638 1.58125 -0.03628317293111506
v -0.07883371261643508 1.64375 -0.05267500271817101
v -0.07883371261643508 1.58125 -0.05267500271817101
v -0.06704256169124954 1.64375 -0.06704256169124953
v -0.06704256169124954 1.58125 -0.06704256169124953
v -0.05267500271817103 1.64375 -0.07883371261643507
v -0.05267500271817103 1.58125 -0.07883371261643507
v -0.036283172931115125 1.64375 -0.08759532817622635
v -0.036283172931115125 1.58125 -0.08759532817622635
v -0.0184970011561542 1.64375 -0.09299070439823127
v -0.0184970011561542 1.58125 -0.09299070439823127
v -1.741677369662376e-17 1.64375 -0.0948125
v -1.741677369662376e-17 1.58125 -0.0948125
v 0.018497001156154165 1.64375 -0.09299070439823129
v 0.018497001156154165 1.58125 -0.09299070439823129
v 0.0362831729311151 1.64375 -0.08759532817622637
v 0.0362831729311151 1.58125 -0.08759532817622637
v 0.05267500271817099 1.64375 -0.07883371261643508
v 0.05267500271817099 1.58125 -0.07883371261643508
v 0.06704256169124952 1.64375 -0.06704256169124954
v 0.06704256169124952 1.58125 -0.06704256169124954
v 0.07883371261643507 1.64375 -0.05267500271817103
v 0.07883371261643507 1.58125 -0.05267500271817103
v 0.08759532817622635 1.64375 -0.03628317293111513
v 0.08759532817622635 1.58125 -0.03628317293111513
v 0.09299070439823127 1.64375 -0.018497001156154203
v 0.09299070439823127 1.58125 -0.018497001156154203
vt 0.5 0.5
vt 0.5 0.5
vt 0.5 0.5
vt 0.5 0.5
vt 0.5 0.5
vt 0.5 0.5
vt 0.5 0.5
vt 0.5 0.5
vt 0.5 0.5
vt 0.5 0.5
vt 0.5 0.5
vt 0.5 0.5
vt 0.5 0.5
vt 0.5 0.5
vt 0.5 0.5
vt 0.5 0.5
vt 0.5 0.5
vt 0.5 0.5
vt 0.5 0.5
vt 0.5 0.5
vt 0.5 0.5
vt 0.5 0.5
vt 0.5 0.5
vt 0.5 0.5
vt 0.5 0.5
vt 0.5 0.5
vt 0.5 0.5
vt 0.5 0.5
vt 0.5 0.5
vt 0.5 0.5
vt 0.5 0.5
vt 0.5 0.5
vt 0.5 0.5
vt 0.5 0.5
vt 0.5 0.5
vt 0.5 0.5
vt 0.5 0.5
vt 0.5 0.5
vt 0.5 0.5
vt 0.5 0.5
vt 0.5 0.5
vt 0.5 0.5
vt 0.5 0.5
vt 0.5 0.5
vt 0.5 0.5
vt 0.5 0.5
vt 0.5 0.5
vt 0.5 0.5
vt 0.5 0.5
vt 0.5 0.5
vt 0.5 0.5
vt 0.5 0.5
vt 0.5 0.5
vt 0.5 0.5
vt 0.5 0.5
vt 0.5 0.5
vt 0.5 0.5
vt 0.5 0.5
vt 0.5 0.5
vt 0.5 0.5
vt 0.5 0.5
vt 0.5 0.5
vt 0.5 0.5
vt 0.5 0.5
vt 0.5 0.5
vt 0.5 0.5
vt 0.5 0.5
vt 0.5 0.5
vt 0.5 0.5
vt 0.5 0.5
vt 0.5 0.5
vt 0.5 0.5
vt 0.5 0.5
vt 0.5 0.5
vt 0.5 0.5
vt 0.5 0.5
vt 0.5 0.5
vt 0.5 0.5
vt 0.5 0.5
vt 0.5 0.5
vt 0.5 0.5
vt 0.5 0.5
vt 0.5 0.5
vt 0.5 0.5
vt 0.5 0.5
vt 0.5 0.5
vt 0.5 0.5
vt 0.5 0.5
vt 0.5 0.5
vt 0.5 0.5
vt 0.5 0.5
vt 0.5 0.5
vt 0.5 0.5
vt 0.5 0.5
vt 0.5 0.5
vt 0.5 0.5
vt 0.5 0.5
vt 0.5 0.5
vt 0.5 0.5
vt 0.5 0.5
vt 0.5 0.5
vt 0.5 0.5
vt 0.5 0.5
vt 0.5 0.5
vt 0.5 0.5
vt 0.5 0.5
vt 0.5 0.5
vt 0.5 0.5
vt 0.5 0.5
vt 0.5 0.5
vt 0.5 0.5
vt 0.5 0.5
vt 0.5 0.5
vt 0.5 0.5
vt 0.5 0.5
vt 0.5 0.5
vt 0.5 0.5
vt 0.5 0.5
vt 0.5 0.5
vt 0.5 0.5
vt 0.5 0.5
vt 0.5 0.5
vt 0.5 0.5
vt 0.5 0.5
vt 0.5 0.5
vt 0.5 0.5
vt 0.5 0.5
vt 0.5 0.5
vt 0.5 0.5
vt 0.5 0.5
vt 0.5 0.5
vt 0.5 0.5
vt 0.5 0.5
vt 0.5 0.5
vt 0.5 0.5
vt 0.5 0.5
vt 0.5 0.5
vt 0.5 0.5
vt 0.5 0.5
vt 0.5 0.5
vt 0.5 0.5
vt 0.5 0.5
vt 0.5 0.5
vt 0.5 0.5
vt 0.5 0.5
vt 0.5 0.5
vt 0.5 0.5
vt 0.5 0.5
vt 0.5 0.5
vt 0.5 0.5
vt 0.5 0.5
vt 0.5 0.5
vt 0.5 0.5
vt 0.5 0.5
vt 0.5 0.5
vt 0.5 0.5
vt 0.5 0.5
vt 0.5 0.5
vt 0.5 0.5
vt 0.5 0.5
vt 0.5 0.5
vt 0.5 0.5
vt 0.5 0.5
vt 0.5 0.5
vt 0.5 0.5
vt 0.5 0.5
vt 0.5 0.5
vt 0.5 0.5
vt 0.5 0.5
vt 0.5 0.5
vt 0.5 0.5
vt 0.5 0.5
vt 0.5 0.5
vt 0.5 0.5
vt 0.5 0.5
vt 0.5 0.5
vt 0.5 0.5
vt 0.5 0.5
vt 0.5 0.5
vt 0.5 0.5
vt 0.5 0.5
vt 0.5 0.5
vt 0.5 0.5
vt 0.5 0.5
vt 0.5 0.5
vt 0.5 0.5
vt 0.5 0.5
vt 0.5 0.5
vt 0.5 0.5
vt 0.5 0.5
vt 0.5 0.5
vt 0.5 0.5
vt 0.5 0.5
vt 0.5 0.5
vt 0.5 0.5
vt 0.5 0.5
vt 0.5 0.5
vt 0.5 0.5
vt 0.5 0.5
vt 0.5 0.5
vt 0.5 0.5
vt 0.5 0.5
vt 0.5 0.5
vt 0.5 0.5
vt 0.5 0.5
vt 0.5 0.5
vt 0.5 0.5
vt 0.5 0.5
vt 0.5 0.5
vt 0.5 0.5
vt 0.5 0.5
vt 0.5 0.5
vt 0.5 0.5
vt 0.5 0.5
vt 0.5 0.5
vt 0.5 0.5
vt 0.5 0.5
vt 0.5 0.5
vt 0.5 0.5
vt 0.5 0.5
vt 0.5 0.5
vt 0.5 0.5
vt 0.5 0.5
vt 0.5 0.5
vt 0.5 0.5
vt 0.5 0.5
vt 0.5 0.5
vt 0.5 0.5
vt 0.5 0.5
vt 0.5 0.5
vt 0.5 0.5
vt 0.5 0.5
vt 0.5 0.5
vt 0.5 0.5
vt 0.5 0.5
vt 0.5 0.5
vt 0.5 0.5
vt 0.5 0.5
vt 0.5 0.5
vt 0.5 0.5
vt 0.5 0.5
vt 0.5 0.5
vt 0.5 0.5
vt 0.5 0.5
vt 0.5 0.5
vt 0.5 0.5
vt 0.5 0.5
vt 0.5 0.5
vt 0.5 0.5
vt 0.5 0.5
vt 0.5 0.5
vt 0.5 0.5
vt 0.5 0.5
vt 0.5 0.5
vt 0.5 0.5
vt 0.5 0.5
vt 0.5 0.5
vt 0.5 0.5
vt 0.5 0.5
vt 0.5 0.5
vt 0.5 0.5
vt 0.5 0.5
vt 0.5 0.5
vt 0.5 0.5
vt 0.5 0.5
vt 0.5 0.5
vt 0.5 0.5
vt 0.5 0.5
vt 0.5 0.5
vt 0.5 0.5
vt 0.5 0.5
vt 0.5 0.5
vt 0.5 0.5
vt 0.5 0.5
vt 0.5 0.5
vt 0.5 0.5
vt 0.5 0.5
vt 0.5 0.5
vt 0.5 0.5
vt 0.5 0.5
vt 0.5 0.5
vt 0.5 0.5
vt 0.5 0.5
vt 0.5 0.5
vt 0.5 0.5
vt 0.5 0.5
vt 0.5 0.5
vt 0.5 0.5
vt 0.5 0.5
vt 0.5 0.5
vt 0.5 0.5
vt 0.5 0.5
vt 0.5 0.5
vt 0.5 0.5
vt 0.5 0.5
vt 0.5 0.5
vt 0.5 0.5
vt 0.5 0.5
vt 0.5 0.5
vt 0.5 0.5
vt 0.5 0.5
vt 0.5 0.5
vt 0.5 0.5
vt 0.5 0.5
vt 0.5 0.5
vt 0.5 0.5
vt 0.5 0.5
vt 0.5 0.5
vt 0.5 0.5
vt 0.5 0.5
vt 0.5 0.5
vt 0.5 0.5
vt 0.5 0.5
vt 0.5 0.5
vt 0.5 0.5
vt 0.5 0.5
vt 0.5 0.5
vt 0.5 0.5
vt 0.5 0.5
vt 0.5 0.5
vn -0.995184726672197 0 -0.09801714032956023
vn 0 -1 0
vn 0 1 0
vn -0.9569403357322089 0 -0.2902846772544621
vn 0 -1 0
vn 0 1 0
vn -0.8819212643483549 0 -0.4713967368259982
vn 0 -1 0
vn 0 1 0
vn -0.7730104533627372 0 -0.6343932841636453
vn 0 -1 0
vn 0 1 0
vn -0.6343932841636457 0 -0.7730104533627368
vn 0 -1 0
vn 0 1 0
vn -0.47139673682599786 0 -0.881921264348355
vn 0 -1 0
vn 0 1 0
vn -0.2902846772544623 0 -0.9569403357322089
vn 0 -1 0
vn 0 1 0
vn -0.0980171403295602 0 -0.995184726672197
vn 0 -1 0
vn 0 1 0
vn 0.0980171403295602 0 -0.995184726672197
vn 0 -1 0
vn 0 1 0
vn 0.29028467725446216 0 -0.9569403357322089
vn 0 -1 0
vn 0 1 0
vn 0.47139673682599786 0 -0.881921264348355
vn 0 -1 0
vn 0 1 0
vn 0.6343932841636452 0 -0.7730104533627374
vn 0 -1 0
vn 0 1 0
vn 0.7730104533627369 0 -0.6343932841636458
vn 0 -1 0
vn 0 1 0
vn 0.881921264348355 0 -0.4713967368259977
vn 0 -1 0
vn 0 1 0
vn 0.9569403357322088 0 -0.29028467725446255
vn 0 -1 0
vn 0 1 0
vn 0.995184726672197 0 -0.09801714032956009
vn 0 -1 0
vn 0 1 0
vn 0.995184726672197 0 0.09801714032956009
vn 0 -1 0
vn 0 1 0
vn 0.9569403357322088 0 0.29028467725446255
vn 0 -1 0
vn 0 1 0
vn 0.881921264348355 0 0.4713967368259977
vn 0 -1 0
vn 0 1 0
vn 0.7730104533627374 0 0.6343932841636452
vn 0 -1 0
vn 0 1 0
vn 0.6343932841636454 0 0.7730104533627371
vn 0 -1 0
vn 0 1 0
vn 0.47139673682599803 0 0.8819212643483548
vn 0 -1 0
vn 0 1 0
vn 0.29028467725446266 0 0.9569403357322088
vn 0 -1 0
vn 0 1 0
vn 0.09801714032956085 0 0.995184726672197
vn 0 -1 0
vn 0 1 0
vn -0.09801714032956009 0 0.995184726672197
vn 0 -1 0
vn 0 1 0
vn -0.2902846772544626 0 0.9569403357322088
vn 0 -1 0
vn 0 1 0
vn -0.4713967368259982 0 0.8819212643483547
vn 0 -1 0
vn 0 1 0
vn -0.6343932841636452 0 0.7730104533627374
vn 0 -1 0
vn 0 1 0
vn -0.7730104533627369 0 0.6343932841636458
vn 0 -1 0
vn 0 1 0
vn -0.8819212643483547 0 0.4713967368259982
vn 0 -1 0
vn 0 1 0
vn -0.9569403357322088 0 0.2902846772544626
vn 0 -1 0
vn 0 1 0
vn -0.995184726672197 0 0.09801714032956074
vn 0 -1 0
vn 0 1 0
usemtl m_3be25f79-071f-aaae-ced0-88ed625c361a
f 1592/6833/1913 1594/6834/1913 1593/6835/1913 1591/6836/1913
f 1591/6837/1914 1593/6838/1914 1589/6839/1914
f 1594/6840/1915 1592/6841/1915 1590/6842/1915
f 1594/6843/1916 1596/6844/1916 1595/6845/1916 1593/6846/1916
f 1593/6847/1917 1595/6848/1917 1589/6849/1917
f 1596/6850/1918 1594/6851/1918 1590/6852/1918
f 1596/6853/1919 1598/6854/1919 1597/6855/1919 1595/6856/1919
f 1595/6857/1920 1597/6858/1920 1589/6859/1920
f 1598/6860/1921 1596/6861/1921 1590/6862/1921
f 1598/6863/1922 1600/6864/1922 1599/6865/1922 1597/6866/1922
f 1597/6867/1923 1599/6868/1923 1589/6869/1923
f 1600/6870/1924 1598/6871/1924 1590/6872/1924
f 1600/6873/1925 1602/6874/1925 1601/6875/1925 1599/6876/1925
f 1599/6877/1926 1601/6878/1926 1589/6879/1926
f 1602/6880/1927 1600/6881/1927 1590/6882/1927
f 1602/6883/1928 1604/6884/1928 1603/6885/1928 1601/6886/1928
f 1601/6887/1929 1603/6888/1929 1589/6889/1929
f 1604/6890/1930 1602/6891/1930 1590/6892/1930
f 1604/6893/1931 1606/6894/1931 1605/6895/1931 1603/6896/1931
f 1603/6897/1932 1605/6898/1932 1589/6899/1932
f 1606/6900/1933 1604/6901/1933 1590/6902/1933
f 1606/6903/1934 1608/6904/1934 1607/6905/1934 1605/6906/1934
f 1605/6907/1935 1607/6908/1935 1589/6909/1935
f 1608/6910/1936 1606/6911/1936 1590/6912/1936
f 1608/6913/1937 1610/6914/1937 1609/6915/1937 1607/6916/1937
f 1607/6917/1938 1609/6918/1938 1589/6919/1938
f 1610/6920/1939 1608/6921/1939 1590/6922/1939
f 1610/6923/1940 1612/6924/1940 1611/6925/1940 1609/6926/1940
f 1609/6927/1941 1611/6928/1941 1589/6929/1941
f 1612/6930/1942 1610/6931/1942 1590/6932/1942
f 1612/6933/1943 1614/6934/1943 1613/6935/1943 1611/6936/1943
f 1611/6937/1944 1613/6938/1944 1589/6939/1944
f 1614/6940/1945 1612/6941/1945 1590/6942/1945
f 1614/6943/1946 1616/6944/1946 1615/6945/1946 1613/6946/1946
f 1613/6947/1947 1615/6948/1947 1589/6949/1947
f 1616/6950/1948 1614/6951/1948 1590/6952/1948
f 1616/6953/1949 1618/6954/1949 1617/6955/1949 1615/6956/1949
f 1615/6957/1950 1617/6958/1950 1589/6959/1950
f 1618/6960/1951 1616/6961/1951 1590/6962/1951
f 1618/6963/1952 1620/6964/1952 1619/6965/1952 1617/6966/1952
f 1617/6967/1953 1619/6968/1953 1589/6969/1953
f 1620/6970/1954 1618/6971/1954 1590/6972/1954
f 1620/6973/1955 1622/6974/1955 1621/6975/1955 1619/6976/1955
f 1619/6977/1956 1621/6978/1956 1589/6979/1956
f 1622/6980/1957 1620/6981/1957 1590/6982/1957
f 1622/6983/1958 1624/6984/1958 1623/6985/1958 1621/6986/1958
f 1621/6987/1959 1623/6988/1959 1589/6989/1959
f 1624/6990/1960 1622/6991/1960 1590/6992/1960
f 1624/6993/1961 1626/6994/1961 1625/6995/1961 1623/6996/1961
f 1623/6997/1962 1625/6998/1962 1589/6999/1962
f 1626/7000/1963 1624/7001/1963 1590/7002/1963
f 1626/7003/1964 1628/7004/1964 1627/7005/1964 1625/7006/1964
f 1625/7007/1965 1627/7008/1965 1589/7009/1965
f 1628/7010/1966 1626/7011/1966 1590/7012/1966
f 1628/7013/1967 1630/7014/1967 1629/7015/1967 1627/7016/1967
f 1627/7017/1968 1629/7018/1968 1589/7019/1968
f 1630/7020/1969 1628/7021/1969 1590/7022/1969
f 1630/7023/1970 1632/7024/1970 1631/7025/1970 1629/7026/1970
f 1629/7027/1971 1631/7028/1971 1589/7029/1971
f 1632/7030/1972 1630/7031/1972 1590/7032/1972
f 1632/7033/1973 1634/7034/1973 1633/7035/1973 1631/7036/1973
f 1631/7037/1974 1633/7038/1974 1589/7039/1974
f 1634/7040/1975 1632/7041/1975 1590/7042/1975
f 1634/7043/1976 1636/7044/1976 1635/7045/1976 1633/7046/1976
f 1633/7047/1977 1635/7048/1977 1589/7049/1977
f 1636/7050/1978 1634/7051/1978 1590/7052/1978
f 1636/7053/1979 1638/7054/1979 1637/7055/1979 1635/7056/1979
f 1635/7057/1980 1637/7058/1980 1589/7059/1980
f 1638/7060/1981 1636/7061/1981 1590/7062/1981
f 1638/7063/1982 1640/7064/1982 1639/7065/1982 1637/7066/1982
f 1637/7067/1983 1639/7068/1983 1589/7069/1983
f 1640/7070/1984 1638/7071/1984 1590/7072/1984
f 1640/7073/1985 1642/7074/1985 1641/7075/1985 1639/7076/1985
f 1639/7077/1986 1641/7078/1986 1589/7079/1986
f 1642/7080/1987 1640/7081/1987 1590/7082/1987
f 1642/7083/1988 1644/7084/1988 1643/7085/1988 1641/7086/1988
f 1641/7087/1989 1643/7088/1989 1589/7089/1989
f 1644/7090/1990 1642/7091/1990 1590/7092/1990
f 1644/7093/1991 1646/7094/1991 1645/7095/1991 1643/7096/1991
f 1643/7097/1992 1645/7098/1992 1589/7099/1992
f 1646/7100/1993 1644/7101/1993 1590/7102/1993
f 1646/7103/1994 1648/7104/1994 1647/7105/1994 1645/7106/1994
f 1645/7107/1995 1647/7108/1995 1589/7109/1995
f 1648/7110/1996 1646/7111/1996 1590/7112/1996
f 1648/7113/1997 1650/7114/1997 1649/7115/1997 1647/7116/1997
f 1647/7117/1998 1649/7118/1998 1589/7119/1998
f 1650/7120/1999 1648/7121/1999 1590/7122/1999
f 1650/7123/2000 1652/7124/2000 1651/7125/2000 1649/7126/2000
f 1649/7127/2001 1651/7128/2001 1589/7129/2001
f 1652/7130/2002 1650/7131/2002 1590/7132/2002
f 1652/7133/2003 1654/7134/2003 1653/7135/2003 1651/7136/2003
f 1651/7137/2004 1653/7138/2004 1589/7139/2004
f 1654/7140/2005 1652/7141/2005 1590/7142/2005
f 1654/7143/2006 1592/7144/2006 1591/7145/2006 1653/7146/2006
f 1653/7147/2007 1591/7148/2007 1589/7149/2007
f 1592/7150/2008 1654/7151/2008 1590/7152/2008
o emitter_vent_collar
v 0 1.75 0
v 0 1.6375000000000002 0
v 0.1153125 1.75 0
v 0.1153125 1.6375000000000002 0
v 0.1130968026464975 1.75 0.022496352757484787
v 0.1130968026464975 1.6375000000000002 0.022496352757484787
v 0.10653485859270774 1.75 0.04412818329459941
v 0.10653485859270774 1.6375000000000002 0.04412818329459941
v 0.09587883966863724 1.75 0.06406419249507288
v 0.09587883966863724 1.6375000000000002 0.06406419249507288
v 0.08153825070557377 1.75 0.08153825070557376
v 0.08153825070557377 1.6375000000000002 0.08153825070557376
v 0.06406419249507288 1.75 0.09587883966863724
v 0.06406419249507288 1.6375000000000002 0.09587883966863724
v 0.044128183294599416 1.75 0.10653485859270774
v 0.044128183294599416 1.6375000000000002 0.10653485859270774
v 0.022496352757484798 1.75 0.1130968026464975
v 0.022496352757484798 1.6375000000000002 0.1130968026464975
v 7.060854201333958e-18 1.75 0.1153125
v 7.060854201333958e-18 1.6375000000000002 0.1153125
v -0.02249635275748478 1.75 0.1130968026464975
v -0.02249635275748478 1.6375000000000002 0.1130968026464975
v -0.0441281832945994 1.75 0.10653485859270774
v -0.0441281832945994 1.6375000000000002 0.10653485859270774
v -0.06406419249507285 1.75 0.09587883966863728
v -0.06406419249507285 1.6375000000000002 0.09587883966863728
v -0.08153825070557376 1.75 0.08153825070557377
v -0.08153825070557376 1.6375000000000002 0.08153825070557377
v -0.09587883966863725 1.75 0.06406419249507288
v -0.09587883966863725 1.6375000000000002 0.06406419249507288
v -0.10653485859270774 1.75 0.04412818329459943
v -0.10653485859270774 1.6375000000000002 0.04412818329459943
v -0.1130968026464975 1.75 0.02249635275748483
v -0.1130968026464975 1.6375000000000002 0.02249635275748483
v -0.1153125 1.75 1.4121708402667917e-17
v -0.1153125 1.6375000000000002 1.4121708402667917e-17
v -0.1130968026464975 1.75 -0.0224963527574848
v -0.1130968026464975 1.6375000000000002 -0.0224963527574848
v -0.10653485859270775 1.75 -0.0441281832945994
v -0.10653485859270775 1.6375000000000002 -0.0441281832945994
v -0.09587883966863728 1.75 -0.06406419249507285
v -0.09587883966863728 1.6375000000000002 -0.06406419249507285
v -0.08153825070557377 1.75 -0.08153825070557376
v -0.08153825070557377 1.6375000000000002 -0.08153825070557376
v -0.06406419249507288 1.75 -0.09587883966863724
v -0.06406419249507288 1.6375000000000002 -0.09587883966863724
v -0.04412818329459948 1.75 -0.10653485859270771
v -0.04412818329459948 1.6375000000000002 -0.10653485859270771
v -0.022496352757484836 1.75 -0.11309680264649748
v -0.022496352757484836 1.6375000000000002 -0.11309680264649748
v -2.1182562604001872e-17 1.75 -0.1153125
v -2.1182562604001872e-17 1.6375000000000002 -0.1153125
v 0.022496352757484794 1.75 -0.1130968026464975
v 0.022496352757484794 1.6375000000000002 -0.1130968026464975
v 0.044128183294599437 1.75 -0.10653485859270774
v 0.044128183294599437 1.6375000000000002 -0.10653485859270774
v 0.06406419249507284 1.75 -0.09587883966863728
v 0.06406419249507284 1.6375000000000002 -0.09587883966863728
v 0.08153825070557373 1.75 -0.08153825070557377
v 0.08153825070557373 1.6375000000000002 -0.08153825070557377
v 0.09587883966863724 1.75 -0.06406419249507288
v 0.09587883966863724 1.6375000000000002 -0.06406419249507288
v 0.10653485859270771 1.75 -0.044128183294599485
v 0.10653485859270771 1.6375000000000002 -0.044128183294599485
v 0.11309680264649748 1.75 -0.02249635275748484
v 0.11309680264649748 1.6375000000000002 -0.02249635275748484
vt 0.5 0.5
vt 0.5 0.5
vt 0.5 0.5
vt 0.5 0.5
vt 0.5 0.5
vt 0.5 0.5
vt 0.5 0.5
vt 0.5 0.5
vt 0.5 0.5
vt 0.5 0.5
vt 0.5 0.5
vt 0.5 0.5
vt 0.5 0.5
vt 0.5 0.5
vt 0.5 0.5
vt 0.5 0.5
vt 0.5 0.5
vt 0.5 0.5
vt 0.5 0.5
vt 0.5 0.5
vt 0.5 0.5
vt 0.5 0.5
vt 0.5 0.5
vt 0.5 0.5
vt 0.5 0.5
vt 0.5 0.5
vt 0.5 0.5
vt 0.5 0.5
vt 0.5 0.5
vt 0.5 0.5
vt 0.5 0.5
vt 0.5 0.5
vt 0.5 0.5
vt 0.5 0.5
vt 0.5 0.5
vt 0.5 0.5
vt 0.5 0.5
vt 0.5 0.5
vt 0.5 0.5
vt 0.5 0.5
vt 0.5 0.5
vt 0.5 0.5
vt 0.5 0.5
vt 0.5 0.5
vt 0.5 0.5
vt 0.5 0.5
vt 0.5 0.5
vt 0.5 0.5
vt 0.5 0.5
vt 0.5 0.5
vt 0.5 0.5
vt 0.5 0.5
vt 0.5 0.5
vt 0.5 0.5
vt 0.5 0.5
vt 0.5 0.5
vt 0.5 0.5
vt 0.5 0.5
vt 0.5 0.5
vt 0.5 0.5
vt 0.5 0.5
vt 0.5 0.5
vt 0.5 0.5
vt 0.5 0.5
vt 0.5 0.5
vt 0.5 0.5
vt 0.5 0.5
vt 0.5 0.5
vt 0.5 0.5
vt 0.5 0.5
vt 0.5 0.5
vt 0.5 0.5
vt 0.5 0.5
vt 0.5 0.5
vt 0.5 0.5
vt 0.5 0.5
vt 0.5 0.5
vt 0.5 0.5
vt 0.5 0.5
vt 0.5 0.5
vt 0.5 0.5
vt 0.5 0.5
vt 0.5 0.5
vt 0.5 0.5
vt 0.5 0.5
vt 0.5 0.5
vt 0.5 0.5
vt 0.5 0.5
vt 0.5 0.5
vt 0.5 0.5
vt 0.5 0.5
vt 0.5 0.5
vt 0.5 0.5
vt 0.5 0.5
vt 0.5 0.5
vt 0.5 0.5
vt 0.5 0.5
vt 0.5 0.5
vt 0.5 0.5
vt 0.5 0.5
vt 0.5 0.5
vt 0.5 0.5
vt 0.5 0.5
vt 0.5 0.5
vt 0.5 0.5
vt 0.5 0.5
vt 0.5 0.5
vt 0.5 0.5
vt 0.5 0.5
vt 0.5 0.5
vt 0.5 0.5
vt 0.5 0.5
vt 0.5 0.5
vt 0.5 0.5
vt 0.5 0.5
vt 0.5 0.5
vt 0.5 0.5
vt 0.5 0.5
vt 0.5 0.5
vt 0.5 0.5
vt 0.5 0.5
vt 0.5 0.5
vt 0.5 0.5
vt 0.5 0.5
vt 0.5 0.5
vt 0.5 0.5
vt 0.5 0.5
vt 0.5 0.5
vt 0.5 0.5
vt 0.5 0.5
vt 0.5 0.5
vt 0.5 0.5
vt 0.5 0.5
vt 0.5 0.5
vt 0.5 0.5
vt 0.5 0.5
vt 0.5 0.5
vt 0.5 0.5
vt 0.5 0.5
vt 0.5 0.5
vt 0.5 0.5
vt 0.5 0.5
vt 0.5 0.5
vt 0.5 0.5
vt 0.5 0.5
vt 0.5 0.5
vt 0.5 0.5
vt 0.5 0.5
vt 0.5 0.5
vt 0.5 0.5
vt 0.5 0.5
vt 0.5 0.5
vt 0.5 0.5
vt 0.5 0.5
vt 0.5 0.5
vt 0.5 0.5
vt 0.5 0.5
vt 0.5 0.5
vt 0.5 0.5
vt 0.5 0.5
vt 0.5 0.5
vt 0.5 0.5
vt 0.5 0.5
vt 0.5 0.5
vt 0.5 0.5
vt 0.5 0.5
vt 0.5 0.5
vt 0.5 0.5
vt 0.5 0.5
vt 0.5 0.5
vt 0.5 0.5
vt 0.5 0.5
vt 0.5 0.5
vt 0.5 0.5
vt 0.5 0.5
vt 0.5 0.5
vt 0.5 0.5
vt 0.5 0.5
vt 0.5 0.5
vt 0.5 0.5
vt 0.5 0.5
vt 0.5 0.5
vt 0.5 0.5
vt 0.5 0.5
vt 0.5 0.5
vt 0.5 0.5
vt 0.5 0.5
vt 0.5 0.5
vt 0.5 0.5
vt 0.5 0.5
vt 0.5 0.5
vt 0.5 0.5
vt 0.5 0.5
vt 0.5 0.5
vt 0.5 0.5
vt 0.5 0.5
vt 0.5 0.5
vt 0.5 0.5
vt 0.5 0.5
vt 0.5 0.5
vt 0.5 0.5
vt 0.5 0.5
vt 0.5 0.5
vt 0.5 0.5
vt 0.5 0.5
vt 0.5 0.5
vt 0.5 0.5
vt 0.5 0.5
vt 0.5 0.5
vt 0.5 0.5
vt 0.5 0.5
vt 0.5 0.5
vt 0.5 0.5
vt 0.5 0.5
vt 0.5 0.5
vt 0.5 0.5
vt 0.5 0.5
vt 0.5 0.5
vt 0.5 0.5
vt 0.5 0.5
vt 0.5 0.5
vt 0.5 0.5
vt 0.5 0.5
vt 0.5 0.5
vt 0.5 0.5
vt 0.5 0.5
vt 0.5 0.5
vt 0.5 0.5
vt 0.5 0.5
vt 0.5 0.5
vt 0.5 0.5
vt 0.5 0.5
vt 0.5 0.5
vt 0.5 0.5
vt 0.5 0.5
vt 0.5 0.5
vt 0.5 0.5
vt 0.5 0.5
vt 0.5 0.5
vt 0.5 0.5
vt 0.5 0.5
vt 0.5 0.5
vt 0.5 0.5
vt 0.5 0.5
vt 0.5 0.5
vt 0.5 0.5
vt 0.5 0.5
vt 0.5 0.5
vt 0.5 0.5
vt 0.5 0.5
vt 0.5 0.5
vt 0.5 0.5
vt 0.5 0.5
vt 0.5 0.5
vt 0.5 0.5
vt 0.5 0.5
vt 0.5 0.5
vt 0.5 0.5
vt 0.5 0.5
vt 0.5 0.5
vt 0.5 0.5
vt 0.5 0.5
vt 0.5 0.5
vt 0.5 0.5
vt 0.5 0.5
vt 0.5 0.5
vt 0.5 0.5
vt 0.5 0.5
vt 0.5 0.5
vt 0.5 0.5
vt 0.5 0.5
vt 0.5 0.5
vt 0.5 0.5
vt 0.5 0.5
vt 0.5 0.5
vt 0.5 0.5
vt 0.5 0.5
vt 0.5 0.5
vt 0.5 0.5
vt 0.5 0.5
vt 0.5 0.5
vt 0.5 0.5
vt 0.5 0.5
vt 0.5 0.5
vt 0.5 0.5
vt 0.5 0.5
vt 0.5 0.5
vt 0.5 0.5
vt 0.5 0.5
vt 0.5 0.5
vt 0.5 0.5
vt 0.5 0.5
vt 0.5 0.5
vt 0.5 0.5
vt 0.5 0.5
vt 0.5 0.5
vt 0.5 0.5
vt 0.5 0.5
vt 0.5 0.5
vt 0.5 0.5
vt 0.5 0.5
vt 0.5 0.5
vt 0.5 0.5
vt 0.5 0.5
vt 0.5 0.5
vt 0.5 0.5
vt 0.5 0.5
vt 0.5 0.5
vt 0.5 0.5
vt 0.5 0.5
vt 0.5 0.5
vt 0.5 0.5
vt 0.5 0.5
vt 0.5 0.5
vt 0.5 0.5
vt 0.5 0.5
vt 0.5 0.5
vt 0.5 0.5
vt 0.5 0.5
vt 0.5 0.5
vn -0.995184726672197 0 -0.09801714032956085
vn 0 -1 0
vn 0 1 0
vn -0.9569403357322088 0 -0.29028467725446266
vn 0 -1 0
vn 0 1 0
vn -0.8819212643483552 0 -0.47139673682599753
vn 0 -1 0
vn 0 1 0
vn -0.7730104533627377 0 -0.6343932841636449
vn 0 -1 0
vn 0 1 0
vn -0.634393284163645 0 -0.7730104533627375
vn 0 -1 0
vn 0 1 0
vn -0.4713967368259977 0 -0.881921264348355
vn 0 -1 0
vn 0 1 0
vn -0.2902846772544628 0 -0.9569403357322089
vn 0 -1 0
vn 0 1 0
vn -0.09801714032956084 0 -0.995184726672197
vn 0 -1 0
vn 0 1 0
vn 0.09801714032956085 0 -0.995184726672197
vn 0 -1 0
vn 0 1 0
vn 0.29028467725446266 0 -0.9569403357322088
vn 0 -1 0
vn 0 1 0
vn 0.47139673682599664 0 -0.8819212643483558
vn 0 -1 0
vn 0 1 0
vn 0.6343932841636454 0 -0.7730104533627371
vn 0 -1 0
vn 0 1 0
vn 0.7730104533627373 0 -0.6343932841636454
vn 0 -1 0
vn 0 1 0
vn 0.8819212643483552 0 -0.4713967368259975
vn 0 -1 0
vn 0 1 0
vn 0.9569403357322087 0 -0.29028467725446294
vn 0 -1 0
vn 0 1 0
vn 0.995184726672197 0 -0.09801714032956073
vn 0 -1 0
vn 0 1 0
vn 0.995184726672197 0 0.09801714032956073
vn 0 -1 0
vn 0 1 0
vn 0.9569403357322089 0 0.2902846772544624
vn 0 -1 0
vn 0 1 0
vn 0.8819212643483555 0 0.4713967368259971
vn 0 -1 0
vn 0 1 0
vn 0.7730104533627371 0 0.6343932841636454
vn 0 -1 0
vn 0 1 0
vn 0.634393284163645 0 0.7730104533627375
vn 0 -1 0
vn 0 1 0
vn 0.47139673682599786 0 0.8819212643483549
vn 0 -1 0
vn 0 1 0
vn 0.29028467725446244 0 0.9569403357322088
vn 0 -1 0
vn 0 1 0
vn 0.09801714032956194 0 0.9951847266721968
vn 0 -1 0
vn 0 1 0
vn -0.09801714032956073 0 0.995184726672197
vn 0 -1 0
vn 0 1 0
vn -0.29028467725446244 0 0.9569403357322088
vn 0 -1 0
vn 0 1 0
vn -0.4713967368259974 0 0.8819212643483553
vn 0 -1 0
vn 0 1 0
vn -0.6343932841636457 0 0.7730104533627368
vn 0 -1 0
vn 0 1 0
vn -0.7730104533627368 0 0.6343932841636457
vn 0 -1 0
vn 0 1 0
vn -0.8819212643483548 0 0.47139673682599803
vn 0 -1 0
vn 0 1 0
vn -0.9569403357322089 0 0.29028467725446244
vn 0 -1 0
vn 0 1 0
vn -0.9951847266721968 0 0.09801714032956182
vn 0 -1 0
vn 0 1 0
usemtl m_fd6528dc-6890-b3c9-f9b5-33bf351960de
f 1658/7153/2009 1660/7154/2009 1659/7155/2009 1657/7156/2009
f 1657/7157/2010 1659/7158/2010 1655/7159/2010
f 1660/7160/2011 1658/7161/2011 1656/7162/2011
f 1660/7163/2012 1662/7164/2012 1661/7165/2012 1659/7166/2012
f 1659/7167/2013 1661/7168/2013 1655/7169/2013
f 1662/7170/2014 1660/7171/2014 1656/7172/2014
f 1662/7173/2015 1664/7174/2015 1663/7175/2015 1661/7176/2015
f 1661/7177/2016 1663/7178/2016 1655/7179/2016
f 1664/7180/2017 1662/7181/2017 1656/7182/2017
f 1664/7183/2018 1666/7184/2018 1665/7185/2018 1663/7186/2018
f 1663/7187/2019 1665/7188/2019 1655/7189/2019
f 1666/7190/2020 1664/7191/2020 1656/7192/2020
f 1666/7193/2021 1668/7194/2021 1667/7195/2021 1665/7196/2021
f 1665/7197/2022 1667/7198/2022 1655/7199/2022
f 1668/7200/2023 1666/7201/2023 1656/7202/2023
f 1668/7203/2024 1670/7204/2024 1669/7205/2024 1667/7206/2024
f 1667/7207/2025 1669/7208/2025 1655/7209/2025
f 1670/7210/2026 1668/7211/2026 1656/7212/2026
f 1670/7213/2027 1672/7214/2027 1671/7215/2027 1669/7216/2027
f 1669/7217/2028 1671/7218/2028 1655/7219/2028
f 1672/7220/2029 1670/7221/2029 1656/7222/2029
f 1672/7223/2030 1674/7224/2030 1673/7225/2030 1671/7226/2030
f 1671/7227/2031 1673/7228/2031 1655/7229/2031
f 1674/7230/2032 1672/7231/2032 1656/7232/2032
f 1674/7233/2033 1676/7234/2033 1675/7235/2033 1673/7236/2033
f 1673/7237/2034 1675/7238/2034 1655/7239/2034
f 1676/7240/2035 1674/7241/2035 1656/7242/2035
f 1676/7243/2036 1678/7244/2036 1677/7245/2036 1675/7246/2036
f 1675/7247/2037 1677/7248/2037 1655/7249/2037
f 1678/7250/2038 1676/7251/2038 1656/7252/2038
f 1678/7253/2039 1680/7254/2039 1679/7255/2039 1677/7256/2039
f 1677/7257/2040 1679/7258/2040 1655/7259/2040
f 1680/7260/2041 1678/7261/2041 1656/7262/2041
f 1680/7263/2042 1682/7264/2042 1681/7265/2042 1679/7266/2042
f 1679/7267/2043 1681/7268/2043 1655/7269/2043
f 1682/7270/2044 1680/7271/2044 1656/7272/2044
f 1682/7273/2045 1684/7274/2045 1683/7275/2045 1681/7276/2045
f 1681/7277/2046 1683/7278/2046 1655/7279/2046
f 1684/7280/2047 1682/7281/2047 1656/7282/2047
f 1684/7283/2048 1686/7284/2048 1685/7285/2048 1683/7286/2048
f 1683/7287/2049 1685/7288/2049 1655/7289/2049
f 1686/7290/2050 1684/7291/2050 1656/7292/2050
f 1686/7293/2051 1688/7294/2051 1687/7295/2051 1685/7296/2051
f 1685/7297/2052 1687/7298/2052 1655/7299/2052
f 1688/7300/2053 1686/7301/2053 1656/7302/2053
f 1688/7303/2054 1690/7304/2054 1689/7305/2054 1687/7306/2054
f 1687/7307/2055 1689/7308/2055 1655/7309/2055
f 1690/7310/2056 1688/7311/2056 1656/7312/2056
f 1690/7313/2057 1692/7314/2057 1691/7315/2057 1689/7316/2057
f 1689/7317/2058 1691/7318/2058 1655/7319/2058
f 1692/7320/2059 1690/7321/2059 1656/7322/2059
f 1692/7323/2060 1694/7324/2060 1693/7325/2060 1691/7326/2060
f 1691/7327/2061 1693/7328/2061 1655/7329/2061
f 1694/7330/2062 1692/7331/2062 1656/7332/2062
f 1694/7333/2063 1696/7334/2063 1695/7335/2063 1693/7336/2063
f 1693/7337/2064 1695/7338/2064 1655/7339/2064
f 1696/7340/2065 1694/7341/2065 1656/7342/2065
f 1696/7343/2066 1698/7344/2066 1697/7345/2066 1695/7346/2066
f 1695/7347/2067 1697/7348/2067 1655/7349/2067
f 1698/7350/2068 1696/7351/2068 1656/7352/2068
f 1698/7353/2069 1700/7354/2069 1699/7355/2069 1697/7356/2069
f 1697/7357/2070 1699/7358/2070 1655/7359/2070
f 1700/7360/2071 1698/7361/2071 1656/7362/2071
f 1700/7363/2072 1702/7364/2072 1701/7365/2072 1699/7366/2072
f 1699/7367/2073 1701/7368/2073 1655/7369/2073
f 1702/7370/2074 1700/7371/2074 1656/7372/2074
f 1702/7373/2075 1704/7374/2075 1703/7375/2075 1701/7376/2075
f 1701/7377/2076 1703/7378/2076 1655/7379/2076
f 1704/7380/2077 1702/7381/2077 1656/7382/2077
f 1704/7383/2078 1706/7384/2078 1705/7385/2078 1703/7386/2078
f 1703/7387/2079 1705/7388/2079 1655/7389/2079
f 1706/7390/2080 1704/7391/2080 1656/7392/2080
f 1706/7393/2081 1708/7394/2081 1707/7395/2081 1705/7396/2081
f 1705/7397/2082 1707/7398/2082 1655/7399/2082
f 1708/7400/2083 1706/7401/2083 1656/7402/2083
f 1708/7403/2084 1710/7404/2084 1709/7405/2084 1707/7406/2084
f 1707/7407/2085 1709/7408/2085 1655/7409/2085
f 1710/7410/2086 1708/7411/2086 1656/7412/2086
f 1710/7413/2087 1712/7414/2087 1711/7415/2087 1709/7416/2087
f 1709/7417/2088 1711/7418/2088 1655/7419/2088
f 1712/7420/2089 1710/7421/2089 1656/7422/2089
f 1712/7423/2090 1714/7424/2090 1713/7425/2090 1711/7426/2090
f 1711/7427/2091 1713/7428/2091 1655/7429/2091
f 1714/7430/2092 1712/7431/2092 1656/7432/2092
f 1714/7433/2093 1716/7434/2093 1715/7435/2093 1713/7436/2093
f 1713/7437/2094 1715/7438/2094 1655/7439/2094
f 1716/7440/2095 1714/7441/2095 1656/7442/2095
f 1716/7443/2096 1718/7444/2096 1717/7445/2096 1715/7446/2096
f 1715/7447/2097 1717/7448/2097 1655/7449/2097
f 1718/7450/2098 1716/7451/2098 1656/7452/2098
f 1718/7453/2099 1720/7454/2099 1719/7455/2099 1717/7456/2099
f 1717/7457/2100 1719/7458/2100 1655/7459/2100
f 1720/7460/2101 1718/7461/2101 1656/7462/2101
f 1720/7463/2102 1658/7464/2102 1657/7465/2102 1719/7466/2102
f 1719/7467/2103 1657/7468/2103 1655/7469/2103
f 1658/7470/2104 1720/7471/2104 1656/7472/2104
o emitter_detail_ring_02
v 0 1.815625 0
v 0 1.753125 0
v 0.0999375 1.815625 0
v 0.0999375 1.753125 0
v 0.09801722896029784 1.815625 0.019496839056486817
v 0.09801722896029784 1.753125 0.019496839056486817
v 0.09233021078034671 1.815625 0.03824442552198616
v 0.09233021078034671 1.753125 0.03824442552198616
v 0.0830949943794856 1.815625 0.05552230016239649
v 0.0830949943794856 1.753125 0.05552230016239649
v 0.07066648394483059 1.815625 0.07066648394483059
v 0.07066648394483059 1.753125 0.07066648394483059
v 0.0555223001623965 1.815625 0.0830949943794856
v 0.0555223001623965 1.753125 0.0830949943794856
v 0.03824442552198616 1.815625 0.09233021078034671
v 0.03824442552198616 1.753125 0.09233021078034671
v 0.019496839056486824 1.815625 0.09801722896029784
v 0.019496839056486824 1.753125 0.09801722896029784
v 6.11940697448943e-18 1.815625 0.0999375
v 6.11940697448943e-18 1.753125 0.0999375
v -0.01949683905648681 1.815625 0.09801722896029784
v -0.01949683905648681 1.753125 0.09801722896029784
v -0.038244425521986154 1.815625 0.09233021078034671
v -0.038244425521986154 1.753125 0.09233021078034671
v -0.05552230016239647 1.815625 0.08309499437948563
v -0.05552230016239647 1.753125 0.08309499437948563
v -0.07066648394483059 1.815625 0.07066648394483059
v -0.07066648394483059 1.753125 0.07066648394483059
v -0.08309499437948561 1.815625 0.05552230016239649
v -0.08309499437948561 1.753125 0.05552230016239649
v -0.09233021078034671 1.815625 0.03824442552198617
v -0.09233021078034671 1.753125 0.03824442552198617
v -0.09801722896029784 1.815625 0.01949683905648685
v -0.09801722896029784 1.753125 0.01949683905648685
v -0.0999375 1.815625 1.223881394897886e-17
v -0.0999375 1.753125 1.223881394897886e-17
v -0.09801722896029784 1.815625 -0.019496839056486828
v -0.09801722896029784 1.753125 -0.019496839056486828
v -0.09233021078034673 1.815625 -0.03824442552198615
v -0.09233021078034673 1.753125 -0.03824442552198615
v -0.08309499437948563 1.815625 -0.05552230016239647
v -0.08309499437948563 1.753125 -0.05552230016239647
v -0.0706664839448306 1.815625 -0.07066648394483059
v -0.0706664839448306 1.753125 -0.07066648394483059
v -0.05552230016239649 1.815625 -0.0830949943794856
v -0.05552230016239649 1.753125 -0.0830949943794856
v -0.03824442552198622 1.815625 -0.09233021078034669
v -0.03824442552198622 1.753125 -0.09233021078034669
v -0.019496839056486855 1.815625 -0.09801722896029783
v -0.019496839056486855 1.753125 -0.09801722896029783
v -1.8358220923468288e-17 1.815625 -0.0999375
v -1.8358220923468288e-17 1.753125 -0.0999375
v 0.01949683905648682 1.815625 -0.09801722896029784
v 0.01949683905648682 1.753125 -0.09801722896029784
v 0.03824442552198618 1.815625 -0.0923302107803467
v 0.03824442552198618 1.753125 -0.0923302107803467
v 0.055522300162396454 1.815625 -0.08309499437948563
v 0.055522300162396454 1.753125 -0.08309499437948563
v 0.07066648394483058 1.815625 -0.0706664839448306
v 0.07066648394483058 1.753125 -0.0706664839448306
v 0.0830949943794856 1.815625 -0.05552230016239649
v 0.0830949943794856 1.753125 -0.05552230016239649
v 0.09233021078034669 1.815625 -0.03824442552198622
v 0.09233021078034669 1.753125 -0.03824442552198622
v 0.09801722896029783 1.815625 -0.019496839056486862
v 0.09801722896029783 1.753125 -0.019496839056486862
vt 0.5 0.5
vt 0.5 0.5
vt 0.5 0.5
vt 0.5 0.5
vt 0.5 0.5
vt 0.5 0.5
vt 0.5 0.5
vt 0.5 0.5
vt 0.5 0.5
vt 0.5 0.5
vt 0.5 0.5
vt 0.5 0.5
vt 0.5 0.5
vt 0.5 0.5
vt 0.5 0.5
vt 0.5 0.5
vt 0.5 0.5
vt 0.5 0.5
vt 0.5 0.5
vt 0.5 0.5
vt 0.5 0.5
vt 0.5 0.5
vt 0.5 0.5
vt 0.5 0.5
vt 0.5 0.5
vt 0.5 0.5
vt 0.5 0.5
vt 0.5 0.5
vt 0.5 0.5
vt 0.5 0.5
vt 0.5 0.5
vt 0.5 0.5
vt 0.5 0.5
vt 0.5 0.5
vt 0.5 0.5
vt 0.5 0.5
vt 0.5 0.5
vt 0.5 0.5
vt 0.5 0.5
vt 0.5 0.5
vt 0.5 0.5
vt 0.5 0.5
vt 0.5 0.5
vt 0.5 0.5
vt 0.5 0.5
vt 0.5 0.5
vt 0.5 0.5
vt 0.5 0.5
vt 0.5 0.5
vt 0.5 0.5
vt 0.5 0.5
vt 0.5 0.5
vt 0.5 0.5
vt 0.5 0.5
vt 0.5 0.5
vt 0.5 0.5
vt 0.5 0.5
vt 0.5 0.5
vt 0.5 0.5
vt 0.5 0.5
vt 0.5 0.5
vt 0.5 0.5
vt 0.5 0.5
vt 0.5 0.5
vt 0.5 0.5
vt 0.5 0.5
vt 0.5 0.5
vt 0.5 0.5
vt 0.5 0.5
vt 0.5 0.5
vt 0.5 0.5
vt 0.5 0.5
vt 0.5 0.5
vt 0.5 0.5
vt 0.5 0.5
vt 0.5 0.5
vt 0.5 0.5
vt 0.5 0.5
vt 0.5 0.5
vt 0.5 0.5
vt 0.5 0.5
vt 0.5 0.5
vt 0.5 0.5
vt 0.5 0.5
vt 0.5 0.5
vt 0.5 0.5
vt 0.5 0.5
vt 0.5 0.5
vt 0.5 0.5
vt 0.5 0.5
vt 0.5 0.5
vt 0.5 0.5
vt 0.5 0.5
vt 0.5 0.5
vt 0.5 0.5
vt 0.5 0.5
vt 0.5 0.5
vt 0.5 0.5
vt 0.5 0.5
vt 0.5 0.5
vt 0.5 0.5
vt 0.5 0.5
vt 0.5 0.5
vt 0.5 0.5
vt 0.5 0.5
vt 0.5 0.5
vt 0.5 0.5
vt 0.5 0.5
vt 0.5 0.5
vt 0.5 0.5
vt 0.5 0.5
vt 0.5 0.5
vt 0.5 0.5
vt 0.5 0.5
vt 0.5 0.5
vt 0.5 0.5
vt 0.5 0.5
vt 0.5 0.5
vt 0.5 0.5
vt 0.5 0.5
vt 0.5 0.5
vt 0.5 0.5
vt 0.5 0.5
vt 0.5 0.5
vt 0.5 0.5
vt 0.5 0.5
vt 0.5 0.5
vt 0.5 0.5
vt 0.5 0.5
vt 0.5 0.5
vt 0.5 0.5
vt 0.5 0.5
vt 0.5 0.5
vt 0.5 0.5
vt 0.5 0.5
vt 0.5 0.5
vt 0.5 0.5
vt 0.5 0.5
vt 0.5 0.5
vt 0.5 0.5
vt 0.5 0.5
vt 0.5 0.5
vt 0.5 0.5
vt 0.5 0.5
vt 0.5 0.5
vt 0.5 0.5
vt 0.5 0.5
vt 0.5 0.5
vt 0.5 0.5
vt 0.5 0.5
vt 0.5 0.5
vt 0.5 0.5
vt 0.5 0.5
vt 0.5 0.5
vt 0.5 0.5
vt 0.5 0.5
vt 0.5 0.5
vt 0.5 0.5
vt 0.5 0.5
vt 0.5 0.5
vt 0.5 0.5
vt 0.5 0.5
vt 0.5 0.5
vt 0.5 0.5
vt 0.5 0.5
vt 0.5 0.5
vt 0.5 0.5
vt 0.5 0.5
vt 0.5 0.5
vt 0.5 0.5
vt 0.5 0.5
vt 0.5 0.5
vt 0.5 0.5
vt 0.5 0.5
vt 0.5 0.5
vt 0.5 0.5
vt 0.5 0.5
vt 0.5 0.5
vt 0.5 0.5
vt 0.5 0.5
vt 0.5 0.5
vt 0.5 0.5
vt 0.5 0.5
vt 0.5 0.5
vt 0.5 0.5
vt 0.5 0.5
vt 0.5 0.5
vt 0.5 0.5
vt 0.5 0.5
vt 0.5 0.5
vt 0.5 0.5
vt 0.5 0.5
vt 0.5 0.5
vt 0.5 0.5
vt 0.5 0.5
vt 0.5 0.5
vt 0.5 0.5
vt 0.5 0.5
vt 0.5 0.5
vt 0.5 0.5
vt 0.5 0.5
vt 0.5 0.5
vt 0.5 0.5
vt 0.5 0.5
vt 0.5 0.5
vt 0.5 0.5
vt 0.5 0.5
vt 0.5 0.5
vt 0.5 0.5
vt 0.5 0.5
vt 0.5 0.5
vt 0.5 0.5
vt 0.5 0.5
vt 0.5 0.5
vt 0.5 0.5
vt 0.5 0.5
vt 0.5 0.5
vt 0.5 0.5
vt 0.5 0.5
vt 0.5 0.5
vt 0.5 0.5
vt 0.5 0.5
vt 0.5 0.5
vt 0.5 0.5
vt 0.5 0.5
vt 0.5 0.5
vt 0.5 0.5
vt 0.5 0.5
vt 0.5 0.5
vt 0.5 0.5
vt 0.5 0.5
vt 0.5 0.5
vt 0.5 0.5
vt 0.5 0.5
vt 0.5 0.5
vt 0.5 0.5
vt 0.5 0.5
vt 0.5 0.5
vt 0.5 0.5
vt 0.5 0.5
vt 0.5 0.5
vt 0.5 0.5
vt 0.5 0.5
vt 0.5 0.5
vt 0.5 0.5
vt 0.5 0.5
vt 0.5 0.5
vt 0.5 0.5
vt 0.5 0.5
vt 0.5 0.5
vt 0.5 0.5
vt 0.5 0.5
vt 0.5 0.5
vt 0.5 0.5
vt 0.5 0.5
vt 0.5 0.5
vt 0.5 0.5
vt 0.5 0.5
vt 0.5 0.5
vt 0.5 0.5
vt 0.5 0.5
vt 0.5 0.5
vt 0.5 0.5
vt 0.5 0.5
vt 0.5 0.5
vt 0.5 0.5
vt 0.5 0.5
vt 0.5 0.5
vt 0.5 0.5
vt 0.5 0.5
vt 0.5 0.5
vt 0.5 0.5
vt 0.5 0.5
vt 0.5 0.5
vt 0.5 0.5
vt 0.5 0.5
vt 0.5 0.5
vt 0.5 0.5
vt 0.5 0.5
vt 0.5 0.5
vt 0.5 0.5
vt 0.5 0.5
vt 0.5 0.5
vt 0.5 0.5
vt 0.5 0.5
vt 0.5 0.5
vt 0.5 0.5
vt 0.5 0.5
vt 0.5 0.5
vt 0.5 0.5
vt 0.5 0.5
vt 0.5 0.5
vt 0.5 0.5
vt 0.5 0.5
vt 0.5 0.5
vt 0.5 0.5
vt 0.5 0.5
vt 0.5 0.5
vt 0.5 0.5
vt 0.5 0.5
vt 0.5 0.5
vt 0.5 0.5
vt 0.5 0.5
vt 0.5 0.5
vt 0.5 0.5
vt 0.5 0.5
vt 0.5 0.5
vt 0.5 0.5
vt 0.5 0.5
vt 0.5 0.5
vt 0.5 0.5
vt 0.5 0.5
vt 0.5 0.5
vt 0.5 0.5
vt 0.5 0.5
vt 0.5 0.5
vt 0.5 0.5
vt 0.5 0.5
vt 0.5 0.5
vt 0.5 0.5
vn -0.9951847266721969 0 -0.09801714032956073
vn 0 -1 0
vn 0 1 0
vn -0.9569403357322088 0 -0.29028467725446244
vn 0 -1 0
vn 0 1 0
vn -0.8819212643483549 0 -0.47139673682599825
vn 0 -1 0
vn 0 1 0
vn -0.7730104533627375 0 -0.634393284163645
vn 0 -1 0
vn 0 1 0
vn -0.6343932841636454 0 -0.7730104533627372
vn 0 -1 0
vn 0 1 0
vn -0.47139673682599786 0 -0.8819212643483549
vn 0 -1 0
vn 0 1 0
vn -0.29028467725446255 0 -0.9569403357322088
vn 0 -1 0
vn 0 1 0
vn -0.09801714032956073 0 -0.9951847266721969
vn 0 -1 0
vn 0 1 0
vn 0.09801714032956073 0 -0.9951847266721969
vn 0 -1 0
vn 0 1 0
vn 0.29028467725446244 0 -0.9569403357322088
vn 0 -1 0
vn 0 1 0
vn 0.47139673682599736 0 -0.8819212643483553
vn 0 -1 0
vn 0 1 0
vn 0.6343932841636454 0 -0.7730104533627372
vn 0 -1 0
vn 0 1 0
vn 0.7730104533627371 0 -0.6343932841636455
vn 0 -1 0
vn 0 1 0
vn 0.8819212643483549 0 -0.47139673682599775
vn 0 -1 0
vn 0 1 0
vn 0.9569403357322087 0 -0.2902846772544628
vn 0 -1 0
vn 0 1 0
vn 0.9951847266721969 0 -0.09801714032956065
vn 0 -1 0
vn 0 1 0
vn 0.9951847266721969 0 0.09801714032956062
vn 0 -1 0
vn 0 1 0
vn 0.9569403357322089 0 0.2902846772544621
vn 0 -1 0
vn 0 1 0
vn 0.8819212643483549 0 0.47139673682599775
vn 0 -1 0
vn 0 1 0
vn 0.7730104533627374 0 0.6343932841636449
vn 0 -1 0
vn 0 1 0
vn 0.6343932841636446 0 0.7730104533627377
vn 0 -1 0
vn 0 1 0
vn 0.4713967368259982 0 0.8819212643483547
vn 0 -1 0
vn 0 1 0
vn 0.29028467725446283 0 0.9569403357322087
vn 0 -1 0
vn 0 1 0
vn 0.09801714032956134 0 0.9951847266721969
vn 0 -1 0
vn 0 1 0
vn -0.09801714032956063 0 0.9951847266721969
vn 0 -1 0
vn 0 1 0
vn -0.29028467725446283 0 0.9569403357322087
vn 0 -1 0
vn 0 1 0
vn -0.4713967368259977 0 0.881921264348355
vn 0 -1 0
vn 0 1 0
vn -0.6343932841636449 0 0.7730104533627374
vn 0 -1 0
vn 0 1 0
vn -0.7730104533627373 0 0.6343932841636452
vn 0 -1 0
vn 0 1 0
vn -0.8819212643483547 0 0.4713967368259982
vn 0 -1 0
vn 0 1 0
vn -0.9569403357322088 0 0.290284677254463
vn 0 -1 0
vn 0 1 0
vn -0.9951847266721969 0 0.09801714032956121
vn 0 -1 0
vn 0 1 0
usemtl m_3be25f79-071f-aaae-ced0-88ed625c361a
f 1724/7473/2105 1726/7474/2105 1725/7475/2105 1723/7476/2105
f 1723/7477/2106 1725/7478/2106 1721/7479/2106
f 1726/7480/2107 1724/7481/2107 1722/7482/2107
f 1726/7483/2108 1728/7484/2108 1727/7485/2108 1725/7486/2108
f 1725/7487/2109 1727/7488/2109 1721/7489/2109
f 1728/7490/2110 1726/7491/2110 1722/7492/2110
f 1728/7493/2111 1730/7494/2111 1729/7495/2111 1727/7496/2111
f 1727/7497/2112 1729/7498/2112 1721/7499/2112
f 1730/7500/2113 1728/7501/2113 1722/7502/2113
f 1730/7503/2114 1732/7504/2114 1731/7505/2114 1729/7506/2114
f 1729/7507/2115 1731/7508/2115 1721/7509/2115
f 1732/7510/2116 1730/7511/2116 1722/7512/2116
f 1732/7513/2117 1734/7514/2117 1733/7515/2117 1731/7516/2117
f 1731/7517/2118 1733/7518/2118 1721/7519/2118
f 1734/7520/2119 1732/7521/2119 1722/7522/2119
f 1734/7523/2120 1736/7524/2120 1735/7525/2120 1733/7526/2120
f 1733/7527/2121 1735/7528/2121 1721/7529/2121
f 1736/7530/2122 1734/7531/2122 1722/7532/2122
f 1736/7533/2123 1738/7534/2123 1737/7535/2123 1735/7536/2123
f 1735/7537/2124 1737/7538/2124 1721/7539/2124
f 1738/7540/2125 1736/7541/2125 1722/7542/2125
f 1738/7543/2126 1740/7544/2126 1739/7545/2126 1737/7546/2126
f 1737/7547/2127 1739/7548/2127 1721/7549/2127
f 1740/7550/2128 1738/7551/2128 1722/7552/2128
f 1740/7553/2129 1742/7554/2129 1741/7555/2129 1739/7556/2129
f 1739/7557/2130 1741/7558/2130 1721/7559/2130
f 1742/7560/2131 1740/7561/2131 1722/7562/2131
f 1742/7563/2132 1744/7564/2132 1743/7565/2132 1741/7566/2132
f 1741/7567/2133 1743/7568/2133 1721/7569/2133
f 1744/7570/2134 1742/7571/2134 1722/7572/2134
f 1744/7573/2135 1746/7574/2135 1745/7575/2135 1743/7576/2135
f 1743/7577/2136 1745/7578/2136 1721/7579/2136
f 1746/7580/2137 1744/7581/2137 1722/7582/2137
f 1746/7583/2138 1748/7584/2138 1747/7585/2138 1745/7586/2138
f 1745/7587/2139 1747/7588/2139 1721/7589/2139
f 1748/7590/2140 1746/7591/2140 1722/7592/2140
f 1748/7593/2141 1750/7594/2141 1749/7595/2141 1747/7596/2141
f 1747/7597/2142 1749/7598/2142 1721/7599/2142
f 1750/7600/2143 1748/7601/2143 1722/7602/2143
f 1750/7603/2144 1752/7604/2144 1751/7605/2144 1749/7606/2144
f 1749/7607/2145 1751/7608/2145 1721/7609/2145
f 1752/7610/2146 1750/7611/2146 1722/7612/2146
f 1752/7613/2147 1754/7614/2147 1753/7615/2147 1751/7616/2147
f 1751/7617/2148 1753/7618/2148 1721/7619/2148
f 1754/7620/2149 1752/7621/2149 1722/7622/2149
f 1754/7623/2150 1756/7624/2150 1755/7625/2150 1753/7626/2150
f 1753/7627/2151 1755/7628/2151 1721/7629/2151
f 1756/7630/2152 1754/7631/2152 1722/7632/2152
f 1756/7633/2153 1758/7634/2153 1757/7635/2153 1755/7636/2153
f 1755/7637/2154 1757/7638/2154 1721/7639/2154
f 1758/7640/2155 1756/7641/2155 1722/7642/2155
f 1758/7643/2156 1760/7644/2156 1759/7645/2156 1757/7646/2156
f 1757/7647/2157 1759/7648/2157 1721/7649/2157
f 1760/7650/2158 1758/7651/2158 1722/7652/2158
f 1760/7653/2159 1762/7654/2159 1761/7655/2159 1759/7656/2159
f 1759/7657/2160 1761/7658/2160 1721/7659/2160
f 1762/7660/2161 1760/7661/2161 1722/7662/2161
f 1762/7663/2162 1764/7664/2162 1763/7665/2162 1761/7666/2162
f 1761/7667/2163 1763/7668/2163 1721/7669/2163
f 1764/7670/2164 1762/7671/2164 1722/7672/2164
f 1764/7673/2165 1766/7674/2165 1765/7675/2165 1763/7676/2165
f 1763/7677/2166 1765/7678/2166 1721/7679/2166
f 1766/7680/2167 1764/7681/2167 1722/7682/2167
f 1766/7683/2168 1768/7684/2168 1767/7685/2168 1765/7686/2168
f 1765/7687/2169 1767/7688/2169 1721/7689/2169
f 1768/7690/2170 1766/7691/2170 1722/7692/2170
f 1768/7693/2171 1770/7694/2171 1769/7695/2171 1767/7696/2171
f 1767/7697/2172 1769/7698/2172 1721/7699/2172
f 1770/7700/2173 1768/7701/2173 1722/7702/2173
f 1770/7703/2174 1772/7704/2174 1771/7705/2174 1769/7706/2174
f 1769/7707/2175 1771/7708/2175 1721/7709/2175
f 1772/7710/2176 1770/7711/2176 1722/7712/2176
f 1772/7713/2177 1774/7714/2177 1773/7715/2177 1771/7716/2177
f 1771/7717/2178 1773/7718/2178 1721/7719/2178
f 1774/7720/2179 1772/7721/2179 1722/7722/2179
f 1774/7723/2180 1776/7724/2180 1775/7725/2180 1773/7726/2180
f 1773/7727/2181 1775/7728/2181 1721/7729/2181
f 1776/7730/2182 1774/7731/2182 1722/7732/2182
f 1776/7733/2183 1778/7734/2183 1777/7735/2183 1775/7736/2183
f 1775/7737/2184 1777/7738/2184 1721/7739/2184
f 1778/7740/2185 1776/7741/2185 1722/7742/2185
f 1778/7743/2186 1780/7744/2186 1779/7745/2186 1777/7746/2186
f 1777/7747/2187 1779/7748/2187 1721/7749/2187
f 1780/7750/2188 1778/7751/2188 1722/7752/2188
f 1780/7753/2189 1782/7754/2189 1781/7755/2189 1779/7756/2189
f 1779/7757/2190 1781/7758/2190 1721/7759/2190
f 1782/7760/2191 1780/7761/2191 1722/7762/2191
f 1782/7763/2192 1784/7764/2192 1783/7765/2192 1781/7766/2192
f 1781/7767/2193 1783/7768/2193 1721/7769/2193
f 1784/7770/2194 1782/7771/2194 1722/7772/2194
f 1784/7773/2195 1786/7774/2195 1785/7775/2195 1783/7776/2195
f 1783/7777/2196 1785/7778/2196 1721/7779/2196
f 1786/7780/2197 1784/7781/2197 1722/7782/2197
f 1786/7783/2198 1724/7784/2198 1723/7785/2198 1785/7786/2198
f 1785/7787/2199 1723/7788/2199 1721/7789/2199
f 1724/7790/2200 1786/7791/2200 1722/7792/2200
o emitter_detail_ring_03
v 0 1.890625 0
v 0 1.828125 0
v 0.10890625 1.890625 0
v 0.10890625 1.828125 0
v 0.10681364694391432 1.890625 0.021246555382068967
v 0.10681364694391432 1.828125 0.021246555382068967
v 0.10061625533755732 1.890625 0.041676617556010556
v 0.10061625533755732 1.828125 0.041676617556010556
v 0.09055223746482406 1.890625 0.06050507068979104
v 0.09055223746482406 1.828125 0.06050507068979104
v 0.07700834788859745 1.890625 0.07700834788859744
v 0.07700834788859745 1.828125 0.07700834788859744
v 0.060505070689791066 1.890625 0.09055223746482406
v 0.060505070689791066 1.828125 0.09055223746482406
v 0.04167661755601056 1.890625 0.10061625533755732
v 0.04167661755601056 1.828125 0.10061625533755732
v 0.021246555382068974 1.890625 0.10681364694391432
v 0.021246555382068974 1.828125 0.10681364694391432
v 6.668584523482071e-18 1.890625 0.10890625
v 6.668584523482071e-18 1.828125 0.10890625
v -0.021246555382068957 1.890625 0.10681364694391432
v -0.021246555382068957 1.828125 0.10681364694391432
v -0.04167661755601055 1.890625 0.10061625533755732
v -0.04167661755601055 1.828125 0.10061625533755732
v -0.06050507068979102 1.890625 0.09055223746482408
v -0.06050507068979102 1.828125 0.09055223746482408
v -0.07700834788859744 1.890625 0.07700834788859745
v -0.07700834788859744 1.828125 0.07700834788859745
v -0.09055223746482408 1.890625 0.06050507068979104
v -0.09055223746482408 1.828125 0.06050507068979104
v -0.10061625533755732 1.890625 0.04167661755601057
v -0.10061625533755732 1.828125 0.04167661755601057
v -0.10681364694391432 1.890625 0.021246555382069005
v -0.10681364694391432 1.828125 0.021246555382069005
v -0.10890625 1.890625 1.3337169046964142e-17
v -0.10890625 1.828125 1.3337169046964142e-17
v -0.10681364694391432 1.890625 -0.021246555382068977
v -0.10681364694391432 1.828125 -0.021246555382068977
v -0.10061625533755732 1.890625 -0.04167661755601054
v -0.10061625533755732 1.828125 -0.04167661755601054
v -0.09055223746482408 1.890625 -0.06050507068979102
v -0.09055223746482408 1.828125 -0.06050507068979102
v -0.07700834788859745 1.890625 -0.07700834788859744
v -0.07700834788859745 1.828125 -0.07700834788859744
v -0.06050507068979104 1.890625 -0.09055223746482406
v -0.06050507068979104 1.828125 -0.09055223746482406
v -0.04167661755601062 1.890625 -0.10061625533755729
v -0.04167661755601062 1.828125 -0.10061625533755729
v -0.021246555382069012 1.890625 -0.10681364694391429
v -0.021246555382069012 1.828125 -0.10681364694391429
v -2.0005753570446215e-17 1.890625 -0.10890625
v -2.0005753570446215e-17 1.828125 -0.10890625
v 0.021246555382068974 1.890625 -0.10681364694391432
v 0.021246555382068974 1.828125 -0.10681364694391432
v 0.04167661755601058 1.890625 -0.1006162553375573
v 0.04167661755601058 1.828125 -0.1006162553375573
v 0.060505070689791 1.890625 -0.09055223746482408
v 0.060505070689791 1.828125 -0.09055223746482408
v 0.07700834788859742 1.890625 -0.07700834788859745
v 0.07700834788859742 1.828125 -0.07700834788859745
v 0.09055223746482406 1.890625 -0.06050507068979104
v 0.09055223746482406 1.828125 -0.06050507068979104
v 0.10061625533755729 1.890625 -0.041676617556010626
v 0.10061625533755729 1.828125 -0.041676617556010626
v 0.10681364694391429 1.890625 -0.02124655538206902
v 0.10681364694391429 1.828125 -0.02124655538206902
vt 0.5 0.5
vt 0.5 0.5
vt 0.5 0.5
vt 0.5 0.5
vt 0.5 0.5
vt 0.5 0.5
vt 0.5 0.5
vt 0.5 0.5
vt 0.5 0.5
vt 0.5 0.5
vt 0.5 0.5
vt 0.5 0.5
vt 0.5 0.5
vt 0.5 0.5
vt 0.5 0.5
vt 0.5 0.5
vt 0.5 0.5
vt 0.5 0.5
vt 0.5 0.5
vt 0.5 0.5
vt 0.5 0.5
vt 0.5 0.5
vt 0.5 0.5
vt 0.5 0.5
vt 0.5 0.5
vt 0.5 0.5
vt 0.5 0.5
vt 0.5 0.5
vt 0.5 0.5
vt 0.5 0.5
vt 0.5 0.5
vt 0.5 0.5
vt 0.5 0.5
vt 0.5 0.5
vt 0.5 0.5
vt 0.5 0.5
vt 0.5 0.5
vt 0.5 0.5
vt 0.5 0.5
vt 0.5 0.5
vt 0.5 0.5
vt 0.5 0.5
vt 0.5 0.5
vt 0.5 0.5
vt 0.5 0.5
vt 0.5 0.5
vt 0.5 0.5
vt 0.5 0.5
vt 0.5 0.5
vt 0.5 0.5
vt 0.5 0.5
vt 0.5 0.5
vt 0.5 0.5
vt 0.5 0.5
vt 0.5 0.5
vt 0.5 0.5
vt 0.5 0.5
vt 0.5 0.5
vt 0.5 0.5
vt 0.5 0.5
vt 0.5 0.5
vt 0.5 0.5
vt 0.5 0.5
vt 0.5 0.5
vt 0.5 0.5
vt 0.5 0.5
vt 0.5 0.5
vt 0.5 0.5
vt 0.5 0.5
vt 0.5 0.5
vt 0.5 0.5
vt 0.5 0.5
vt 0.5 0.5
vt 0.5 0.5
vt 0.5 0.5
vt 0.5 0.5
vt 0.5 0.5
vt 0.5 0.5
vt 0.5 0.5
vt 0.5 0.5
vt 0.5 0.5
vt 0.5 0.5
vt 0.5 0.5
vt 0.5 0.5
vt 0.5 0.5
vt 0.5 0.5
vt 0.5 0.5
vt 0.5 0.5
vt 0.5 0.5
vt 0.5 0.5
vt 0.5 0.5
vt 0.5 0.5
vt 0.5 0.5
vt 0.5 0.5
vt 0.5 0.5
vt 0.5 0.5
vt 0.5 0.5
vt 0.5 0.5
vt 0.5 0.5
vt 0.5 0.5
vt 0.5 0.5
vt 0.5 0.5
vt 0.5 0.5
vt 0.5 0.5
vt 0.5 0.5
vt 0.5 0.5
vt 0.5 0.5
vt 0.5 0.5
vt 0.5 0.5
vt 0.5 0.5
vt 0.5 0.5
vt 0.5 0.5
vt 0.5 0.5
vt 0.5 0.5
vt 0.5 0.5
vt 0.5 0.5
vt 0.5 0.5
vt 0.5 0.5
vt 0.5 0.5
vt 0.5 0.5
vt 0.5 0.5
vt 0.5 0.5
vt 0.5 0.5
vt 0.5 0.5
vt 0.5 0.5
vt 0.5 0.5
vt 0.5 0.5
vt 0.5 0.5
vt 0.5 0.5
vt 0.5 0.5
vt 0.5 0.5
vt 0.5 0.5
vt 0.5 0.5
vt 0.5 0.5
vt 0.5 0.5
vt 0.5 0.5
vt 0.5 0.5
vt 0.5 0.5
vt 0.5 0.5
vt 0.5 0.5
vt 0.5 0.5
vt 0.5 0.5
vt 0.5 0.5
vt 0.5 0.5
vt 0.5 0.5
vt 0.5 0.5
vt 0.5 0.5
vt 0.5 0.5
vt 0.5 0.5
vt 0.5 0.5
vt 0.5 0.5
vt 0.5 0.5
vt 0.5 0.5
vt 0.5 0.5
vt 0.5 0.5
vt 0.5 0.5
vt 0.5 0.5
vt 0.5 0.5
vt 0.5 0.5
vt 0.5 0.5
vt 0.5 0.5
vt 0.5 0.5
vt 0.5 0.5
vt 0.5 0.5
vt 0.5 0.5
vt 0.5 0.5
vt 0.5 0.5
vt 0.5 0.5
vt 0.5 0.5
vt 0.5 0.5
vt 0.5 0.5
vt 0.5 0.5
vt 0.5 0.5
vt 0.5 0.5
vt 0.5 0.5
vt 0.5 0.5
vt 0.5 0.5
vt 0.5 0.5
vt 0.5 0.5
vt 0.5 0.5
vt 0.5 0.5
vt 0.5 0.5
vt 0.5 0.5
vt 0.5 0.5
vt 0.5 0.5
vt 0.5 0.5
vt 0.5 0.5
vt 0.5 0.5
vt 0.5 0.5
vt 0.5 0.5
vt 0.5 0.5
vt 0.5 0.5
vt 0.5 0.5
vt 0.5 0.5
vt 0.5 0.5
vt 0.5 0.5
vt 0.5 0.5
vt 0.5 0.5
vt 0.5 0.5
vt 0.5 0.5
vt 0.5 0.5
vt 0.5 0.5
vt 0.5 0.5
vt 0.5 0.5
vt 0.5 0.5
vt 0.5 0.5
vt 0.5 0.5
vt 0.5 0.5
vt 0.5 0.5
vt 0.5 0.5
vt 0.5 0.5
vt 0.5 0.5
vt 0.5 0.5
vt 0.5 0.5
vt 0.5 0.5
vt 0.5 0.5
vt 0.5 0.5
vt 0.5 0.5
vt 0.5 0.5
vt 0.5 0.5
vt 0.5 0.5
vt 0.5 0.5
vt 0.5 0.5
vt 0.5 0.5
vt 0.5 0.5
vt 0.5 0.5
vt 0.5 0.5
vt 0.5 0.5
vt 0.5 0.5
vt 0.5 0.5
vt 0.5 0.5
vt 0.5 0.5
vt 0.5 0.5
vt 0.5 0.5
vt 0.5 0.5
vt 0.5 0.5
vt 0.5 0.5
vt 0.5 0.5
vt 0.5 0.5
vt 0.5 0.5
vt 0.5 0.5
vt 0.5 0.5
vt 0.5 0.5
vt 0.5 0.5
vt 0.5 0.5
vt 0.5 0.5
vt 0.5 0.5
vt 0.5 0.5
vt 0.5 0.5
vt 0.5 0.5
vt 0.5 0.5
vt 0.5 0.5
vt 0.5 0.5
vt 0.5 0.5
vt 0.5 0.5
vt 0.5 0.5
vt 0.5 0.5
vt 0.5 0.5
vt 0.5 0.5
vt 0.5 0.5
vt 0.5 0.5
vt 0.5 0.5
vt 0.5 0.5
vt 0.5 0.5
vt 0.5 0.5
vt 0.5 0.5
vt 0.5 0.5
vt 0.5 0.5
vt 0.5 0.5
vt 0.5 0.5
vt 0.5 0.5
vt 0.5 0.5
vt 0.5 0.5
vt 0.5 0.5
vt 0.5 0.5
vt 0.5 0.5
vt 0.5 0.5
vt 0.5 0.5
vt 0.5 0.5
vt 0.5 0.5
vt 0.5 0.5
vt 0.5 0.5
vt 0.5 0.5
vt 0.5 0.5
vt 0.5 0.5
vt 0.5 0.5
vt 0.5 0.5
vt 0.5 0.5
vt 0.5 0.5
vt 0.5 0.5
vt 0.5 0.5
vt 0.5 0.5
vt 0.5 0.5
vt 0.5 0.5
vt 0.5 0.5
vt 0.5 0.5
vt 0.5 0.5
vt 0.5 0.5
vt 0.5 0.5
vt 0.5 0.5
vt 0.5 0.5
vt 0.5 0.5
vt 0.5 0.5
vt 0.5 0.5
vt 0.5 0.5
vt 0.5 0.5
vt 0.5 0.5
vt 0.5 0.5
vt 0.5 0.5
vt 0.5 0.5
vt 0.5 0.5
vt 0.5 0.5
vt 0.5 0.5
vt 0.5 0.5
vt 0.5 0.5
vt 0.5 0.5
vt 0.5 0.5
vt 0.5 0.5
vt 0.5 0.5
vt 0.5 0.5
vn -0.9951847266721969 0 -0.09801714032956026
vn 0 -1 0
vn 0 1 0
vn -0.9569403357322088 0 -0.29028467725446283
vn 0 -1 0
vn 0 1 0
vn -0.8819212643483549 0 -0.471396736825998
vn 0 -1 0
vn 0 1 0
vn -0.7730104533627375 0 -0.6343932841636449
vn 0 -1 0
vn 0 1 0
vn -0.6343932841636455 0 -0.773010453362737
vn 0 -1 0
vn 0 1 0
vn -0.4713967368259976 0 -0.8819212643483553
vn 0 -1 0
vn 0 1 0
vn -0.29028467725446283 0 -0.9569403357322088
vn 0 -1 0
vn 0 1 0
vn -0.09801714032956026 0 -0.9951847266721969
vn 0 -1 0
vn 0 1 0
vn 0.09801714032956027 0 -0.9951847266721969
vn 0 -1 0
vn 0 1 0
vn 0.2902846772544628 0 -0.9569403357322088
vn 0 -1 0
vn 0 1 0
vn 0.4713967368259977 0 -0.881921264348355
vn 0 -1 0
vn 0 1 0
vn 0.6343932841636447 0 -0.7730104533627375
vn 0 -1 0
vn 0 1 0
vn 0.7730104533627373 0 -0.6343932841636454
vn 0 -1 0
vn 0 1 0
vn 0.881921264348355 0 -0.4713967368259977
vn 0 -1 0
vn 0 1 0
vn 0.9569403357322088 0 -0.29028467725446316
vn 0 -1 0
vn 0 1 0
vn 0.9951847266721969 0 -0.09801714032956015
vn 0 -1 0
vn 0 1 0
vn 0.9951847266721969 0 0.09801714032956015
vn 0 -1 0
vn 0 1 0
vn 0.9569403357322088 0 0.29028467725446316
vn 0 -1 0
vn 0 1 0
vn 0.881921264348355 0 0.47139673682599753
vn 0 -1 0
vn 0 1 0
vn 0.7730104533627375 0 0.6343932841636447
vn 0 -1 0
vn 0 1 0
vn 0.6343932841636449 0 0.7730104533627375
vn 0 -1 0
vn 0 1 0
vn 0.4713967368259982 0 0.8819212643483549
vn 0 -1 0
vn 0 1 0
vn 0.29028467725446255 0 0.9569403357322088
vn 0 -1 0
vn 0 1 0
vn 0.09801714032956144 0 0.9951847266721969
vn 0 -1 0
vn 0 1 0
vn -0.09801714032956012 0 0.9951847266721969
vn 0 -1 0
vn 0 1 0
vn -0.2902846772544632 0 0.9569403357322087
vn 0 -1 0
vn 0 1 0
vn -0.471396736825998 0 0.8819212643483548
vn 0 -1 0
vn 0 1 0
vn -0.6343932841636447 0 0.7730104533627375
vn 0 -1 0
vn 0 1 0
vn -0.7730104533627373 0 0.6343932841636454
vn 0 -1 0
vn 0 1 0
vn -0.8819212643483547 0 0.47139673682599825
vn 0 -1 0
vn 0 1 0
vn -0.9569403357322088 0 0.29028467725446255
vn 0 -1 0
vn 0 1 0
vn -0.9951847266721969 0 0.09801714032956131
vn 0 -1 0
vn 0 1 0
usemtl m_fd6528dc-6890-b3c9-f9b5-33bf351960de
f 1790/7793/2201 1792/7794/2201 1791/7795/2201 1789/7796/2201
f 1789/7797/2202 1791/7798/2202 1787/7799/2202
f 1792/7800/2203 1790/7801/2203 1788/7802/2203
f 1792/7803/2204 1794/7804/2204 1793/7805/2204 1791/7806/2204
f 1791/7807/2205 1793/7808/2205 1787/7809/2205
f 1794/7810/2206 1792/7811/2206 1788/7812/2206
f 1794/7813/2207 1796/7814/2207 1795/7815/2207 1793/7816/2207
f 1793/7817/2208 1795/7818/2208 1787/7819/2208
f 1796/7820/2209 1794/7821/2209 1788/7822/2209
f 1796/7823/2210 1798/7824/2210 1797/7825/2210 1795/7826/2210
f 1795/7827/2211 1797/7828/2211 1787/7829/2211
f 1798/7830/2212 1796/7831/2212 1788/7832/2212
f 1798/7833/2213 1800/7834/2213 1799/7835/2213 1797/7836/2213
f 1797/7837/2214 1799/7838/2214 1787/7839/2214
f 1800/7840/2215 1798/7841/2215 1788/7842/2215
f 1800/7843/2216 1802/7844/2216 1801/7845/2216 1799/7846/2216
f 1799/7847/2217 1801/7848/2217 1787/7849/2217
f 1802/7850/2218 1800/7851/2218 1788/7852/2218
f 1802/7853/2219 1804/7854/2219 1803/7855/2219 1801/7856/2219
f 1801/7857/2220 1803/7858/2220 1787/7859/2220
f 1804/7860/2221 1802/7861/2221 1788/7862/2221
f 1804/7863/2222 1806/7864/2222 1805/7865/2222 1803/7866/2222
f 1803/7867/2223 1805/7868/2223 1787/7869/2223
f 1806/7870/2224 1804/7871/2224 1788/7872/2224
f 1806/7873/2225 1808/7874/2225 1807/7875/2225 1805/7876/2225
f 1805/7877/2226 1807/7878/2226 1787/7879/2226
f 1808/7880/2227 1806/7881/2227 1788/7882/2227
f 1808/7883/2228 1810/7884/2228 1809/7885/2228 1807/7886/2228
f 1807/7887/2229 1809/7888/2229 1787/7889/2229
f 1810/7890/2230 1808/7891/2230 1788/7892/2230
f 1810/7893/2231 1812/7894/2231 1811/7895/2231 1809/7896/2231
f 1809/7897/2232 1811/7898/2232 1787/7899/2232
f 1812/7900/2233 1810/7901/2233 1788/7902/2233
f 1812/7903/2234 1814/7904/2234 1813/7905/2234 1811/7906/2234
f 1811/7907/2235 1813/7908/2235 1787/7909/2235
f 1814/7910/2236 1812/7911/2236 1788/7912/2236
f 1814/7913/2237 1816/7914/2237 1815/7915/2237 1813/7916/2237
f 1813/7917/2238 1815/7918/2238 1787/7919/2238
f 1816/7920/2239 1814/7921/2239 1788/7922/2239
f 1816/7923/2240 1818/7924/2240 1817/7925/2240 1815/7926/2240
f 1815/7927/2241 1817/7928/2241 1787/7929/2241
f 1818/7930/2242 1816/7931/2242 1788/7932/2242
f 1818/7933/2243 1820/7934/2243 1819/7935/2243 1817/7936/2243
f 1817/7937/2244 1819/7938/2244 1787/7939/2244
f 1820/7940/2245 1818/7941/2245 1788/7942/2245
f 1820/7943/2246 1822/7944/2246 1821/7945/2246 1819/7946/2246
f 1819/7947/2247 1821/7948/2247 1787/7949/2247
f 1822/7950/2248 1820/7951/2248 1788/7952/2248
f 1822/7953/2249 1824/7954/2249 1823/7955/2249 1821/7956/2249
f 1821/7957/2250 1823/7958/2250 1787/7959/2250
f 1824/7960/2251 1822/7961/2251 1788/7962/2251
f 1824/7963/2252 1826/7964/2252 1825/7965/2252 1823/7966/2252
f 1823/7967/2253 1825/7968/2253 1787/7969/2253
f 1826/7970/2254 1824/7971/2254 1788/7972/2254
f 1826/7973/2255 1828/7974/2255 1827/7975/2255 1825/7976/2255
f 1825/7977/2256 1827/7978/2256 1787/7979/2256
f 1828/7980/2257 1826/7981/2257 1788/7982/2257
f 1828/7983/2258 1830/7984/2258 1829/7985/2258 1827/7986/2258
f 1827/7987/2259 1829/7988/2259 1787/7989/2259
f 1830/7990/2260 1828/7991/2260 1788/7992/2260
f 1830/7993/2261 1832/7994/2261 1831/7995/2261 1829/7996/2261
f 1829/7997/2262 1831/7998/2262 1787/7999/2262
f 1832/8000/2263 1830/8001/2263 1788/8002/2263
f 1832/8003/2264 1834/8004/2264 1833/8005/2264 1831/8006/2264
f 1831/8007/2265 1833/8008/2265 1787/8009/2265
f 1834/8010/2266 1832/8011/2266 1788/8012/2266
f 1834/8013/2267 1836/8014/2267 1835/8015/2267 1833/8016/2267
f 1833/8017/2268 1835/8018/2268 1787/8019/2268
f 1836/8020/2269 1834/8021/2269 1788/8022/2269
f 1836/8023/2270 1838/8024/2270 1837/8025/2270 1835/8026/2270
f 1835/8027/2271 1837/8028/2271 1787/8029/2271
f 1838/8030/2272 1836/8031/2272 1788/8032/2272
f 1838/8033/2273 1840/8034/2273 1839/8035/2273 1837/8036/2273
f 1837/8037/2274 1839/8038/2274 1787/8039/2274
f 1840/8040/2275 1838/8041/2275 1788/8042/2275
f 1840/8043/2276 1842/8044/2276 1841/8045/2276 1839/8046/2276
f 1839/8047/2277 1841/8048/2277 1787/8049/2277
f 1842/8050/2278 1840/8051/2278 1788/8052/2278
f 1842/8053/2279 1844/8054/2279 1843/8055/2279 1841/8056/2279
f 1841/8057/2280 1843/8058/2280 1787/8059/2280
f 1844/8060/2281 1842/8061/2281 1788/8062/2281
f 1844/8063/2282 1846/8064/2282 1845/8065/2282 1843/8066/2282
f 1843/8067/2283 1845/8068/2283 1787/8069/2283
f 1846/8070/2284 1844/8071/2284 1788/8072/2284
f 1846/8073/2285 1848/8074/2285 1847/8075/2285 1845/8076/2285
f 1845/8077/2286 1847/8078/2286 1787/8079/2286
f 1848/8080/2287 1846/8081/2287 1788/8082/2287
f 1848/8083/2288 1850/8084/2288 1849/8085/2288 1847/8086/2288
f 1847/8087/2289 1849/8088/2289 1787/8089/2289
f 1850/8090/2290 1848/8091/2290 1788/8092/2290
f 1850/8093/2291 1852/8094/2291 1851/8095/2291 1849/8096/2291
f 1849/8097/2292 1851/8098/2292 1787/8099/2292
f 1852/8100/2293 1850/8101/2293 1788/8102/2293
f 1852/8103/2294 1790/8104/2294 1789/8105/2294 1851/8106/2294
f 1851/8107/2295 1789/8108/2295 1787/8109/2295
f 1790/8110/2296 1852/8111/2296 1788/8112/2296
o emitter_detail_ring_04
v 0 1.96875 0
v 0 1.90625 0
v 0.09737499999999999 1.96875 0
v 0.09737499999999999 1.90625 0
v 0.09550396667926456 1.96875 0.018996920106320488
v 0.09550396667926456 1.90625 0.018996920106320488
v 0.08996276947828653 1.96875 0.03726379922655062
v 0.08996276947828653 1.90625 0.03726379922655062
v 0.08096435349796033 1.96875 0.05409865144028376
v 0.08096435349796033 1.90625 0.05409865144028376
v 0.06885452281804007 1.96875 0.06885452281804005
v 0.06885452281804007 1.90625 0.06885452281804005
v 0.05409865144028377 1.96875 0.08096435349796033
v 0.05409865144028377 1.90625 0.08096435349796033
v 0.03726379922655062 1.96875 0.08996276947828653
v 0.03726379922655062 1.90625 0.08996276947828653
v 0.018996920106320495 1.96875 0.09550396667926456
v 0.018996920106320495 1.90625 0.09550396667926456
v 5.962499103348675e-18 1.96875 0.09737499999999999
v 5.962499103348675e-18 1.90625 0.09737499999999999
v -0.01899692010632048 1.96875 0.09550396667926456
v -0.01899692010632048 1.90625 0.09550396667926456
v -0.03726379922655061 1.96875 0.08996276947828653
v -0.03726379922655061 1.90625 0.08996276947828653
v -0.05409865144028374 1.96875 0.08096435349796036
v -0.05409865144028374 1.90625 0.08096435349796036
v -0.06885452281804005 1.96875 0.06885452281804007
v -0.06885452281804005 1.90625 0.06885452281804007
v -0.08096435349796034 1.96875 0.05409865144028376
v -0.08096435349796034 1.90625 0.05409865144028376
v -0.08996276947828653 1.96875 0.03726379922655062
v -0.08996276947828653 1.90625 0.03726379922655062
v -0.09550396667926456 1.96875 0.018996920106320522
v -0.09550396667926456 1.90625 0.018996920106320522
v -0.09737499999999999 1.96875 1.192499820669735e-17
v -0.09737499999999999 1.90625 1.192499820669735e-17
v -0.09550396667926456 1.96875 -0.018996920106320495
v -0.09550396667926456 1.90625 -0.018996920106320495
v -0.08996276947828655 1.96875 -0.037263799226550605
v -0.08996276947828655 1.90625 -0.037263799226550605
v -0.08096435349796036 1.96875 -0.05409865144028374
v -0.08096435349796036 1.90625 -0.05409865144028374
v -0.06885452281804007 1.96875 -0.06885452281804005
v -0.06885452281804007 1.90625 -0.06885452281804005
v -0.05409865144028376 1.96875 -0.08096435349796033
v -0.05409865144028376 1.90625 -0.08096435349796033
v -0.03726379922655067 1.96875 -0.08996276947828652
v -0.03726379922655067 1.90625 -0.08996276947828652
v -0.018996920106320526 1.96875 -0.09550396667926454
v -0.018996920106320526 1.90625 -0.09550396667926454
v -1.7887497310046023e-17 1.96875 -0.09737499999999999
v -1.7887497310046023e-17 1.90625 -0.09737499999999999
v 0.01899692010632049 1.96875 -0.09550396667926456
v 0.01899692010632049 1.90625 -0.09550396667926456
v 0.03726379922655063 1.96875 -0.08996276947828653
v 0.03726379922655063 1.90625 -0.08996276947828653
v 0.054098651440283724 1.96875 -0.08096435349796036
v 0.054098651440283724 1.90625 -0.08096435349796036
v 0.06885452281804004 1.96875 -0.06885452281804007
v 0.06885452281804004 1.90625 -0.06885452281804007
v 0.08096435349796033 1.96875 -0.05409865144028376
v 0.08096435349796033 1.90625 -0.05409865144028376
v 0.08996276947828652 1.96875 -0.037263799226550674
v 0.08996276947828652 1.90625 -0.037263799226550674
v 0.09550396667926454 1.96875 -0.018996920106320533
v 0.09550396667926454 1.90625 -0.018996920106320533
vt 0.5 0.5
vt 0.5 0.5
vt 0.5 0.5
vt 0.5 0.5
vt 0.5 0.5
vt 0.5 0.5
vt 0.5 0.5
vt 0.5 0.5
vt 0.5 0.5
vt 0.5 0.5
vt 0.5 0.5
vt 0.5 0.5
vt 0.5 0.5
vt 0.5 0.5
vt 0.5 0.5
vt 0.5 0.5
vt 0.5 0.5
vt 0.5 0.5
vt 0.5 0.5
vt 0.5 0.5
vt 0.5 0.5
vt 0.5 0.5
vt 0.5 0.5
vt 0.5 0.5
vt 0.5 0.5
vt 0.5 0.5
vt 0.5 0.5
vt 0.5 0.5
vt 0.5 0.5
vt 0.5 0.5
vt 0.5 0.5
vt 0.5 0.5
vt 0.5 0.5
vt 0.5 0.5
vt 0.5 0.5
vt 0.5 0.5
vt 0.5 0.5
vt 0.5 0.5
vt 0.5 0.5
vt 0.5 0.5
vt 0.5 0.5
vt 0.5 0.5
vt 0.5 0.5
vt 0.5 0.5
vt 0.5 0.5
vt 0.5 0.5
vt 0.5 0.5
vt 0.5 0.5
vt 0.5 0.5
vt 0.5 0.5
vt 0.5 0.5
vt 0.5 0.5
vt 0.5 0.5
vt 0.5 0.5
vt 0.5 0.5
vt 0.5 0.5
vt 0.5 0.5
vt 0.5 0.5
vt 0.5 0.5
vt 0.5 0.5
vt 0.5 0.5
vt 0.5 0.5
vt 0.5 0.5
vt 0.5 0.5
vt 0.5 0.5
vt 0.5 0.5
vt 0.5 0.5
vt 0.5 0.5
vt 0.5 0.5
vt 0.5 0.5
vt 0.5 0.5
vt 0.5 0.5
vt 0.5 0.5
vt 0.5 0.5
vt 0.5 0.5
vt 0.5 0.5
vt 0.5 0.5
vt 0.5 0.5
vt 0.5 0.5
vt 0.5 0.5
vt 0.5 0.5
vt 0.5 0.5
vt 0.5 0.5
vt 0.5 0.5
vt 0.5 0.5
vt 0.5 0.5
vt 0.5 0.5
vt 0.5 0.5
vt 0.5 0.5
vt 0.5 0.5
vt 0.5 0.5
vt 0.5 0.5
vt 0.5 0.5
vt 0.5 0.5
vt 0.5 0.5
vt 0.5 0.5
vt 0.5 0.5
vt 0.5 0.5
vt 0.5 0.5
vt 0.5 0.5
vt 0.5 0.5
vt 0.5 0.5
vt 0.5 0.5
vt 0.5 0.5
vt 0.5 0.5
vt 0.5 0.5
vt 0.5 0.5
vt 0.5 0.5
vt 0.5 0.5
vt 0.5 0.5
vt 0.5 0.5
vt 0.5 0.5
vt 0.5 0.5
vt 0.5 0.5
vt 0.5 0.5
vt 0.5 0.5
vt 0.5 0.5
vt 0.5 0.5
vt 0.5 0.5
vt 0.5 0.5
vt 0.5 0.5
vt 0.5 0.5
vt 0.5 0.5
vt 0.5 0.5
vt 0.5 0.5
vt 0.5 0.5
vt 0.5 0.5
vt 0.5 0.5
vt 0.5 0.5
vt 0.5 0.5
vt 0.5 0.5
vt 0.5 0.5
vt 0.5 0.5
vt 0.5 0.5
vt 0.5 0.5
vt 0.5 0.5
vt 0.5 0.5
vt 0.5 0.5
vt 0.5 0.5
vt 0.5 0.5
vt 0.5 0.5
vt 0.5 0.5
vt 0.5 0.5
vt 0.5 0.5
vt 0.5 0.5
vt 0.5 0.5
vt 0.5 0.5
vt 0.5 0.5
vt 0.5 0.5
vt 0.5 0.5
vt 0.5 0.5
vt 0.5 0.5
vt 0.5 0.5
vt 0.5 0.5
vt 0.5 0.5
vt 0.5 0.5
vt 0.5 0.5
vt 0.5 0.5
vt 0.5 0.5
vt 0.5 0.5
vt 0.5 0.5
vt 0.5 0.5
vt 0.5 0.5
vt 0.5 0.5
vt 0.5 0.5
vt 0.5 0.5
vt 0.5 0.5
vt 0.5 0.5
vt 0.5 0.5
vt 0.5 0.5
vt 0.5 0.5
vt 0.5 0.5
vt 0.5 0.5
vt 0.5 0.5
vt 0.5 0.5
vt 0.5 0.5
vt 0.5 0.5
vt 0.5 0.5
vt 0.5 0.5
vt 0.5 0.5
vt 0.5 0.5
vt 0.5 0.5
vt 0.5 0.5
vt 0.5 0.5
vt 0.5 0.5
vt 0.5 0.5
vt 0.5 0.5
vt 0.5 0.5
vt 0.5 0.5
vt 0.5 0.5
vt 0.5 0.5
vt 0.5 0.5
vt 0.5 0.5
vt 0.5 0.5
vt 0.5 0.5
vt 0.5 0.5
vt 0.5 0.5
vt 0.5 0.5
vt 0.5 0.5
vt 0.5 0.5
vt 0.5 0.5
vt 0.5 0.5
vt 0.5 0.5
vt 0.5 0.5
vt 0.5 0.5
vt 0.5 0.5
vt 0.5 0.5
vt 0.5 0.5
vt 0.5 0.5
vt 0.5 0.5
vt 0.5 0.5
vt 0.5 0.5
vt 0.5 0.5
vt 0.5 0.5
vt 0.5 0.5
vt 0.5 0.5
vt 0.5 0.5
vt 0.5 0.5
vt 0.5 0.5
vt 0.5 0.5
vt 0.5 0.5
vt 0.5 0.5
vt 0.5 0.5
vt 0.5 0.5
vt 0.5 0.5
vt 0.5 0.5
vt 0.5 0.5
vt 0.5 0.5
vt 0.5 0.5
vt 0.5 0.5
vt 0.5 0.5
vt 0.5 0.5
vt 0.5 0.5
vt 0.5 0.5
vt 0.5 0.5
vt 0.5 0.5
vt 0.5 0.5
vt 0.5 0.5
vt 0.5 0.5
vt 0.5 0.5
vt 0.5 0.5
vt 0.5 0.5
vt 0.5 0.5
vt 0.5 0.5
vt 0.5 0.5
vt 0.5 0.5
vt 0.5 0.5
vt 0.5 0.5
vt 0.5 0.5
vt 0.5 0.5
vt 0.5 0.5
vt 0.5 0.5
vt 0.5 0.5
vt 0.5 0.5
vt 0.5 0.5
vt 0.5 0.5
vt 0.5 0.5
vt 0.5 0.5
vt 0.5 0.5
vt 0.5 0.5
vt 0.5 0.5
vt 0.5 0.5
vt 0.5 0.5
vt 0.5 0.5
vt 0.5 0.5
vt 0.5 0.5
vt 0.5 0.5
vt 0.5 0.5
vt 0.5 0.5
vt 0.5 0.5
vt 0.5 0.5
vt 0.5 0.5
vt 0.5 0.5
vt 0.5 0.5
vt 0.5 0.5
vt 0.5 0.5
vt 0.5 0.5
vt 0.5 0.5
vt 0.5 0.5
vt 0.5 0.5
vt 0.5 0.5
vt 0.5 0.5
vt 0.5 0.5
vt 0.5 0.5
vt 0.5 0.5
vt 0.5 0.5
vt 0.5 0.5
vt 0.5 0.5
vt 0.5 0.5
vt 0.5 0.5
vt 0.5 0.5
vt 0.5 0.5
vt 0.5 0.5
vt 0.5 0.5
vt 0.5 0.5
vt 0.5 0.5
vt 0.5 0.5
vt 0.5 0.5
vt 0.5 0.5
vt 0.5 0.5
vt 0.5 0.5
vt 0.5 0.5
vt 0.5 0.5
vt 0.5 0.5
vt 0.5 0.5
vt 0.5 0.5
vt 0.5 0.5
vt 0.5 0.5
vt 0.5 0.5
vt 0.5 0.5
vt 0.5 0.5
vt 0.5 0.5
vt 0.5 0.5
vt 0.5 0.5
vt 0.5 0.5
vt 0.5 0.5
vt 0.5 0.5
vt 0.5 0.5
vt 0.5 0.5
vt 0.5 0.5
vn -0.995184726672197 0 -0.0980171403295605
vn 0 -1 0
vn 0 1 0
vn -0.9569403357322088 0 -0.2902846772544626
vn 0 -1 0
vn 0 1 0
vn -0.8819212643483549 0 -0.47139673682599786
vn 0 -1 0
vn 0 1 0
vn -0.7730104533627373 0 -0.634393284163645
vn 0 -1 0
vn 0 1 0
vn -0.6343932841636456 0 -0.773010453362737
vn 0 -1 0
vn 0 1 0
vn -0.4713967368259976 0 -0.8819212643483552
vn 0 -1 0
vn 0 1 0
vn -0.2902846772544627 0 -0.9569403357322088
vn 0 -1 0
vn 0 1 0
vn -0.0980171403295605 0 -0.995184726672197
vn 0 -1 0
vn 0 1 0
vn 0.0980171403295605 0 -0.995184726672197
vn 0 -1 0
vn 0 1 0
vn 0.2902846772544626 0 -0.9569403357322088
vn 0 -1 0
vn 0 1 0
vn 0.471396736825997 0 -0.8819212643483553
vn 0 -1 0
vn 0 1 0
vn 0.6343932841636454 0 -0.773010453362737
vn 0 -1 0
vn 0 1 0
vn 0.7730104533627369 0 -0.6343932841636456
vn 0 -1 0
vn 0 1 0
vn 0.8819212643483553 0 -0.4713967368259973
vn 0 -1 0
vn 0 1 0
vn 0.9569403357322088 0 -0.29028467725446316
vn 0 -1 0
vn 0 1 0
vn 0.995184726672197 0 -0.09801714032956038
vn 0 -1 0
vn 0 1 0
vn 0.995184726672197 0 0.09801714032956041
vn 0 -1 0
vn 0 1 0
vn 0.9569403357322088 0 0.2902846772544622
vn 0 -1 0
vn 0 1 0
vn 0.8819212643483552 0 0.4713967368259975
vn 0 -1 0
vn 0 1 0
vn 0.773010453362737 0 0.6343932841636454
vn 0 -1 0
vn 0 1 0
vn 0.6343932841636452 0 0.7730104533627374
vn 0 -1 0
vn 0 1 0
vn 0.4713967368259984 0 0.8819212643483548
vn 0 -1 0
vn 0 1 0
vn 0.2902846772544625 0 0.9569403357322089
vn 0 -1 0
vn 0 1 0
vn 0.09801714032956109 0 0.9951847266721968
vn 0 -1 0
vn 0 1 0
vn -0.0980171403295604 0 0.995184726672197
vn 0 -1 0
vn 0 1 0
vn -0.2902846772544625 0 0.9569403357322089
vn 0 -1 0
vn 0 1 0
vn -0.47139673682599775 0 0.8819212643483549
vn 0 -1 0
vn 0 1 0
vn -0.6343932841636454 0 0.773010453362737
vn 0 -1 0
vn 0 1 0
vn -0.7730104533627369 0 0.6343932841636456
vn 0 -1 0
vn 0 1 0
vn -0.8819212643483546 0 0.4713967368259985
vn 0 -1 0
vn 0 1 0
vn -0.9569403357322089 0 0.2902846772544625
vn 0 -1 0
vn 0 1 0
vn -0.9951847266721968 0 0.09801714032956096
vn 0 -1 0
vn 0 1 0
usemtl m_3be25f79-071f-aaae-ced0-88ed625c361a
f 1856/8113/2297 1858/8114/2297 1857/8115/2297 1855/8116/2297
f 1855/8117/2298 1857/8118/2298 1853/8119/2298
f 1858/8120/2299 1856/8121/2299 1854/8122/2299
f 1858/8123/2300 1860/8124/2300 1859/8125/2300 1857/8126/2300
f 1857/8127/2301 1859/8128/2301 1853/8129/2301
f 1860/8130/2302 1858/8131/2302 1854/8132/2302
f 1860/8133/2303 1862/8134/2303 1861/8135/2303 1859/8136/2303
f 1859/8137/2304 1861/8138/2304 1853/8139/2304
f 1862/8140/2305 1860/8141/2305 1854/8142/2305
f 1862/8143/2306 1864/8144/2306 1863/8145/2306 1861/8146/2306
f 1861/8147/2307 1863/8148/2307 1853/8149/2307
f 1864/8150/2308 1862/8151/2308 1854/8152/2308
f 1864/8153/2309 1866/8154/2309 1865/8155/2309 1863/8156/2309
f 1863/8157/2310 1865/8158/2310 1853/8159/2310
f 1866/8160/2311 1864/8161/2311 1854/8162/2311
f 1866/8163/2312 1868/8164/2312 1867/8165/2312 1865/8166/2312
f 1865/8167/2313 1867/8168/2313 1853/8169/2313
f 1868/8170/2314 1866/8171/2314 1854/8172/2314
f 1868/8173/2315 1870/8174/2315 1869/8175/2315 1867/8176/2315
f 1867/8177/2316 1869/8178/2316 1853/8179/2316
f 1870/8180/2317 1868/8181/2317 1854/8182/2317
f 1870/8183/2318 1872/8184/2318 1871/8185/2318 1869/8186/2318
f 1869/8187/2319 1871/8188/2319 1853/8189/2319
f 1872/8190/2320 1870/8191/2320 1854/8192/2320
f 1872/8193/2321 1874/8194/2321 1873/8195/2321 1871/8196/2321
f 1871/8197/2322 1873/8198/2322 1853/8199/2322
f 1874/8200/2323 1872/8201/2323 1854/8202/2323
f 1874/8203/2324 1876/8204/2324 1875/8205/2324 1873/8206/2324
f 1873/8207/2325 1875/8208/2325 1853/8209/2325
f 1876/8210/2326 1874/8211/2326 1854/8212/2326
f 1876/8213/2327 1878/8214/2327 1877/8215/2327 1875/8216/2327
f 1875/8217/2328 1877/8218/2328 1853/8219/2328
f 1878/8220/2329 1876/8221/2329 1854/8222/2329
f 1878/8223/2330 1880/8224/2330 1879/8225/2330 1877/8226/2330
f 1877/8227/2331 1879/8228/2331 1853/8229/2331
f 1880/8230/2332 1878/8231/2332 1854/8232/2332
f 1880/8233/2333 1882/8234/2333 1881/8235/2333 1879/8236/2333
f 1879/8237/2334 1881/8238/2334 1853/8239/2334
f 1882/8240/2335 1880/8241/2335 1854/8242/2335
f 1882/8243/2336 1884/8244/2336 1883/8245/2336 1881/8246/2336
f 1881/8247/2337 1883/8248/2337 1853/8249/2337
f 1884/8250/2338 1882/8251/2338 1854/8252/2338
f 1884/8253/2339 1886/8254/2339 1885/8255/2339 1883/8256/2339
f 1883/8257/2340 1885/8258/2340 1853/8259/2340
f 1886/8260/2341 1884/8261/2341 1854/8262/2341
f 1886/8263/2342 1888/8264/2342 1887/8265/2342 1885/8266/2342
f 1885/8267/2343 1887/8268/2343 1853/8269/2343
f 1888/8270/2344 1886/8271/2344 1854/8272/2344
f 1888/8273/2345 1890/8274/2345 1889/8275/2345 1887/8276/2345
f 1887/8277/2346 1889/8278/2346 1853/8279/2346
f 1890/8280/2347 1888/8281/2347 1854/8282/2347
f 1890/8283/2348 1892/8284/2348 1891/8285/2348 1889/8286/2348
f 1889/8287/2349 1891/8288/2349 1853/8289/2349
f 1892/8290/2350 1890/8291/2350 1854/8292/2350
f 1892/8293/2351 1894/8294/2351 1893/8295/2351 1891/8296/2351
f 1891/8297/2352 1893/8298/2352 1853/8299/2352
f 1894/8300/2353 1892/8301/2353 1854/8302/2353
f 1894/8303/2354 1896/8304/2354 1895/8305/2354 1893/8306/2354
f 1893/8307/2355 1895/8308/2355 1853/8309/2355
f 1896/8310/2356 1894/8311/2356 1854/8312/2356
f 1896/8313/2357 1898/8314/2357 1897/8315/2357 1895/8316/2357
f 1895/8317/2358 1897/8318/2358 1853/8319/2358
f 1898/8320/2359 1896/8321/2359 1854/8322/2359
f 1898/8323/2360 1900/8324/2360 1899/8325/2360 1897/8326/2360
f 1897/8327/2361 1899/8328/2361 1853/8329/2361
f 1900/8330/2362 1898/8331/2362 1854/8332/2362
f 1900/8333/2363 1902/8334/2363 1901/8335/2363 1899/8336/2363
f 1899/8337/2364 1901/8338/2364 1853/8339/2364
f 1902/8340/2365 1900/8341/2365 1854/8342/2365
f 1902/8343/2366 1904/8344/2366 1903/8345/2366 1901/8346/2366
f 1901/8347/2367 1903/8348/2367 1853/8349/2367
f 1904/8350/2368 1902/8351/2368 1854/8352/2368
f 1904/8353/2369 1906/8354/2369 1905/8355/2369 1903/8356/2369
f 1903/8357/2370 1905/8358/2370 1853/8359/2370
f 1906/8360/2371 1904/8361/2371 1854/8362/2371
f 1906/8363/2372 1908/8364/2372 1907/8365/2372 1905/8366/2372
f 1905/8367/2373 1907/8368/2373 1853/8369/2373
f 1908/8370/2374 1906/8371/2374 1854/8372/2374
f 1908/8373/2375 1910/8374/2375 1909/8375/2375 1907/8376/2375
f 1907/8377/2376 1909/8378/2376 1853/8379/2376
f 1910/8380/2377 1908/8381/2377 1854/8382/2377
f 1910/8383/2378 1912/8384/2378 1911/8385/2378 1909/8386/2378
f 1909/8387/2379 1911/8388/2379 1853/8389/2379
f 1912/8390/2380 1910/8391/2380 1854/8392/2380
f 1912/8393/2381 1914/8394/2381 1913/8395/2381 1911/8396/2381
f 1911/8397/2382 1913/8398/2382 1853/8399/2382
f 1914/8400/2383 1912/8401/2383 1854/8402/2383
f 1914/8403/2384 1916/8404/2384 1915/8405/2384 1913/8406/2384
f 1913/8407/2385 1915/8408/2385 1853/8409/2385
f 1916/8410/2386 1914/8411/2386 1854/8412/2386
f 1916/8413/2387 1918/8414/2387 1917/8415/2387 1915/8416/2387
f 1915/8417/2388 1917/8418/2388 1853/8419/2388
f 1918/8420/2389 1916/8421/2389 1854/8422/2389
f 1918/8423/2390 1856/8424/2390 1855/8425/2390 1917/8426/2390
f 1917/8427/2391 1855/8428/2391 1853/8429/2391
f 1856/8430/2392 1918/8431/2392 1854/8432/2392
o emitter_detail_ring_05
v 0 2.046875 0
v 0 1.984375 0
v 0.10634375 2.046875 0
v 0.10634375 1.984375 0
v 0.10430038466288102 2.046875 0.020746636431902638
v 0.10430038466288102 1.984375 0.020746636431902638
v 0.09824881403549715 2.046875 0.04069599126057502
v 0.09824881403549715 1.984375 0.04069599126057502
v 0.08842159658329879 2.046875 0.05908142196767832
v 0.08842159658329879 1.984375 0.05908142196767832
v 0.07519638676180691 2.046875 0.07519638676180691
v 0.07519638676180691 1.984375 0.07519638676180691
v 0.059081421967678335 2.046875 0.08842159658329879
v 0.059081421967678335 1.984375 0.08842159658329879
v 0.04069599126057503 2.046875 0.09824881403549715
v 0.04069599126057503 1.984375 0.09824881403549715
v 0.020746636431902648 2.046875 0.10430038466288102
v 0.020746636431902648 1.984375 0.10430038466288102
v 6.511676652341317e-18 2.046875 0.10634375
v 6.511676652341317e-18 1.984375 0.10634375
v -0.020746636431902634 2.046875 0.10430038466288102
v -0.020746636431902634 1.984375 0.10430038466288102
v -0.040695991260575014 2.046875 0.09824881403549715
v -0.040695991260575014 1.984375 0.09824881403549715
v -0.0590814219676783 2.046875 0.08842159658329882
v -0.0590814219676783 1.984375 0.08842159658329882
v -0.07519638676180691 2.046875 0.07519638676180691
v -0.07519638676180691 1.984375 0.07519638676180691
v -0.0884215965832988 2.046875 0.05908142196767832
v -0.0884215965832988 1.984375 0.05908142196767832
v -0.09824881403549715 2.046875 0.04069599126057503
v -0.09824881403549715 1.984375 0.04069599126057503
v -0.10430038466288102 2.046875 0.02074663643190268
v -0.10430038466288102 1.984375 0.02074663643190268
v -0.10634375 2.046875 1.3023353304682634e-17
v -0.10634375 1.984375 1.3023353304682634e-17
v -0.10430038466288102 2.046875 -0.02074663643190265
v -0.10430038466288102 1.984375 -0.02074663643190265
v -0.09824881403549716 2.046875 -0.04069599126057501
v -0.09824881403549716 1.984375 -0.04069599126057501
v -0.08842159658329882 2.046875 -0.0590814219676783
v -0.08842159658329882 1.984375 -0.0590814219676783
v -0.07519638676180693 2.046875 -0.07519638676180691
v -0.07519638676180693 1.984375 -0.07519638676180691
v -0.05908142196767832 2.046875 -0.08842159658329879
v -0.05908142196767832 1.984375 -0.08842159658329879
v -0.040695991260575076 2.046875 -0.09824881403549712
v -0.040695991260575076 1.984375 -0.09824881403549712
v -0.020746636431902683 2.046875 -0.10430038466288102
v -0.020746636431902683 1.984375 -0.10430038466288102
v -1.9535029957023952e-17 2.046875 -0.10634375
v -1.9535029957023952e-17 1.984375 -0.10634375
v 0.020746636431902644 2.046875 -0.10430038466288102
v 0.020746636431902644 1.984375 -0.10430038466288102
v 0.04069599126057504 2.046875 -0.09824881403549714
v 0.04069599126057504 1.984375 -0.09824881403549714
v 0.05908142196767829 2.046875 -0.08842159658329882
v 0.05908142196767829 1.984375 -0.08842159658329882
v 0.0751963867618069 2.046875 -0.07519638676180693
v 0.0751963867618069 1.984375 -0.07519638676180693
v 0.08842159658329879 2.046875 -0.05908142196767832
v 0.08842159658329879 1.984375 -0.05908142196767832
v 0.09824881403549712 2.046875 -0.04069599126057508
v 0.09824881403549712 1.984375 -0.04069599126057508
v 0.10430038466288102 2.046875 -0.02074663643190269
v 0.10430038466288102 1.984375 -0.02074663643190269
vt 0.5 0.5
vt 0.5 0.5
vt 0.5 0.5
vt 0.5 0.5
vt 0.5 0.5
vt 0.5 0.5
vt 0.5 0.5
vt 0.5 0.5
vt 0.5 0.5
vt 0.5 0.5
vt 0.5 0.5
vt 0.5 0.5
vt 0.5 0.5
vt 0.5 0.5
vt 0.5 0.5
vt 0.5 0.5
vt 0.5 0.5
vt 0.5 0.5
vt 0.5 0.5
vt 0.5 0.5
vt 0.5 0.5
vt 0.5 0.5
vt 0.5 0.5
vt 0.5 0.5
vt 0.5 0.5
vt 0.5 0.5
vt 0.5 0.5
vt 0.5 0.5
vt 0.5 0.5
vt 0.5 0.5
vt 0.5 0.5
vt 0.5 0.5
vt 0.5 0.5
vt 0.5 0.5
vt 0.5 0.5
vt 0.5 0.5
vt 0.5 0.5
vt 0.5 0.5
vt 0.5 0.5
vt 0.5 0.5
vt 0.5 0.5
vt 0.5 0.5
vt 0.5 0.5
vt 0.5 0.5
vt 0.5 0.5
vt 0.5 0.5
vt 0.5 0.5
vt 0.5 0.5
vt 0.5 0.5
vt 0.5 0.5
vt 0.5 0.5
vt 0.5 0.5
vt 0.5 0.5
vt 0.5 0.5
vt 0.5 0.5
vt 0.5 0.5
vt 0.5 0.5
vt 0.5 0.5
vt 0.5 0.5
vt 0.5 0.5
vt 0.5 0.5
vt 0.5 0.5
vt 0.5 0.5
vt 0.5 0.5
vt 0.5 0.5
vt 0.5 0.5
vt 0.5 0.5
vt 0.5 0.5
vt 0.5 0.5
vt 0.5 0.5
vt 0.5 0.5
vt 0.5 0.5
vt 0.5 0.5
vt 0.5 0.5
vt 0.5 0.5
vt 0.5 0.5
vt 0.5 0.5
vt 0.5 0.5
vt 0.5 0.5
vt 0.5 0.5
vt 0.5 0.5
vt 0.5 0.5
vt 0.5 0.5
vt 0.5 0.5
vt 0.5 0.5
vt 0.5 0.5
vt 0.5 0.5
vt 0.5 0.5
vt 0.5 0.5
vt 0.5 0.5
vt 0.5 0.5
vt 0.5 0.5
vt 0.5 0.5
vt 0.5 0.5
vt 0.5 0.5
vt 0.5 0.5
vt 0.5 0.5
vt 0.5 0.5
vt 0.5 0.5
vt 0.5 0.5
vt 0.5 0.5
vt 0.5 0.5
vt 0.5 0.5
vt 0.5 0.5
vt 0.5 0.5
vt 0.5 0.5
vt 0.5 0.5
vt 0.5 0.5
vt 0.5 0.5
vt 0.5 0.5
vt 0.5 0.5
vt 0.5 0.5
vt 0.5 0.5
vt 0.5 0.5
vt 0.5 0.5
vt 0.5 0.5
vt 0.5 0.5
vt 0.5 0.5
vt 0.5 0.5
vt 0.5 0.5
vt 0.5 0.5
vt 0.5 0.5
vt 0.5 0.5
vt 0.5 0.5
vt 0.5 0.5
vt 0.5 0.5
vt 0.5 0.5
vt 0.5 0.5
vt 0.5 0.5
vt 0.5 0.5
vt 0.5 0.5
vt 0.5 0.5
vt 0.5 0.5
vt 0.5 0.5
vt 0.5 0.5
vt 0.5 0.5
vt 0.5 0.5
vt 0.5 0.5
vt 0.5 0.5
vt 0.5 0.5
vt 0.5 0.5
vt 0.5 0.5
vt 0.5 0.5
vt 0.5 0.5
vt 0.5 0.5
vt 0.5 0.5
vt 0.5 0.5
vt 0.5 0.5
vt 0.5 0.5
vt 0.5 0.5
vt 0.5 0.5
vt 0.5 0.5
vt 0.5 0.5
vt 0.5 0.5
vt 0.5 0.5
vt 0.5 0.5
vt 0.5 0.5
vt 0.5 0.5
vt 0.5 0.5
vt 0.5 0.5
vt 0.5 0.5
vt 0.5 0.5
vt 0.5 0.5
vt 0.5 0.5
vt 0.5 0.5
vt 0.5 0.5
vt 0.5 0.5
vt 0.5 0.5
vt 0.5 0.5
vt 0.5 0.5
vt 0.5 0.5
vt 0.5 0.5
vt 0.5 0.5
vt 0.5 0.5
vt 0.5 0.5
vt 0.5 0.5
vt 0.5 0.5
vt 0.5 0.5
vt 0.5 0.5
vt 0.5 0.5
vt 0.5 0.5
vt 0.5 0.5
vt 0.5 0.5
vt 0.5 0.5
vt 0.5 0.5
vt 0.5 0.5
vt 0.5 0.5
vt 0.5 0.5
vt 0.5 0.5
vt 0.5 0.5
vt 0.5 0.5
vt 0.5 0.5
vt 0.5 0.5
vt 0.5 0.5
vt 0.5 0.5
vt 0.5 0.5
vt 0.5 0.5
vt 0.5 0.5
vt 0.5 0.5
vt 0.5 0.5
vt 0.5 0.5
vt 0.5 0.5
vt 0.5 0.5
vt 0.5 0.5
vt 0.5 0.5
vt 0.5 0.5
vt 0.5 0.5
vt 0.5 0.5
vt 0.5 0.5
vt 0.5 0.5
vt 0.5 0.5
vt 0.5 0.5
vt 0.5 0.5
vt 0.5 0.5
vt 0.5 0.5
vt 0.5 0.5
vt 0.5 0.5
vt 0.5 0.5
vt 0.5 0.5
vt 0.5 0.5
vt 0.5 0.5
vt 0.5 0.5
vt 0.5 0.5
vt 0.5 0.5
vt 0.5 0.5
vt 0.5 0.5
vt 0.5 0.5
vt 0.5 0.5
vt 0.5 0.5
vt 0.5 0.5
vt 0.5 0.5
vt 0.5 0.5
vt 0.5 0.5
vt 0.5 0.5
vt 0.5 0.5
vt 0.5 0.5
vt 0.5 0.5
vt 0.5 0.5
vt 0.5 0.5
vt 0.5 0.5
vt 0.5 0.5
vt 0.5 0.5
vt 0.5 0.5
vt 0.5 0.5
vt 0.5 0.5
vt 0.5 0.5
vt 0.5 0.5
vt 0.5 0.5
vt 0.5 0.5
vt 0.5 0.5
vt 0.5 0.5
vt 0.5 0.5
vt 0.5 0.5
vt 0.5 0.5
vt 0.5 0.5
vt 0.5 0.5
vt 0.5 0.5
vt 0.5 0.5
vt 0.5 0.5
vt 0.5 0.5
vt 0.5 0.5
vt 0.5 0.5
vt 0.5 0.5
vt 0.5 0.5
vt 0.5 0.5
vt 0.5 0.5
vt 0.5 0.5
vt 0.5 0.5
vt 0.5 0.5
vt 0.5 0.5
vt 0.5 0.5
vt 0.5 0.5
vt 0.5 0.5
vt 0.5 0.5
vt 0.5 0.5
vt 0.5 0.5
vt 0.5 0.5
vt 0.5 0.5
vt 0.5 0.5
vt 0.5 0.5
vt 0.5 0.5
vt 0.5 0.5
vt 0.5 0.5
vt 0.5 0.5
vt 0.5 0.5
vt 0.5 0.5
vt 0.5 0.5
vt 0.5 0.5
vt 0.5 0.5
vt 0.5 0.5
vt 0.5 0.5
vt 0.5 0.5
vt 0.5 0.5
vt 0.5 0.5
vt 0.5 0.5
vt 0.5 0.5
vt 0.5 0.5
vt 0.5 0.5
vt 0.5 0.5
vt 0.5 0.5
vt 0.5 0.5
vt 0.5 0.5
vt 0.5 0.5
vt 0.5 0.5
vt 0.5 0.5
vt 0.5 0.5
vt 0.5 0.5
vt 0.5 0.5
vt 0.5 0.5
vt 0.5 0.5
vt 0.5 0.5
vt 0.5 0.5
vt 0.5 0.5
vt 0.5 0.5
vt 0.5 0.5
vt 0.5 0.5
vt 0.5 0.5
vt 0.5 0.5
vt 0.5 0.5
vt 0.5 0.5
vn -0.9951847266721968 0 -0.09801714032956134
vn 0 -1 0
vn 0 1 0
vn -0.956940335732209 0 -0.2902846772544616
vn 0 -1 0
vn 0 1 0
vn -0.8819212643483549 0 -0.47139673682599803
vn 0 -1 0
vn 0 1 0
vn -0.7730104533627372 0 -0.6343932841636453
vn 0 -1 0
vn 0 1 0
vn -0.6343932841636456 0 -0.773010453362737
vn 0 -1 0
vn 0 1 0
vn -0.47139673682599786 0 -0.8819212643483549
vn 0 -1 0
vn 0 1 0
vn -0.29028467725446166 0 -0.956940335732209
vn 0 -1 0
vn 0 1 0
vn -0.09801714032956131 0 -0.9951847266721968
vn 0 -1 0
vn 0 1 0
vn 0.09801714032956131 0 -0.9951847266721968
vn 0 -1 0
vn 0 1 0
vn 0.29028467725446166 0 -0.956940335732209
vn 0 -1 0
vn 0 1 0
vn 0.47139673682599725 0 -0.8819212643483553
vn 0 -1 0
vn 0 1 0
vn 0.6343932841636456 0 -0.7730104533627369
vn 0 -1 0
vn 0 1 0
vn 0.773010453362737 0 -0.6343932841636457
vn 0 -1 0
vn 0 1 0
vn 0.881921264348355 0 -0.4713967368259976
vn 0 -1 0
vn 0 1 0
vn 0.9569403357322089 0 -0.2902846772544621
vn 0 -1 0
vn 0 1 0
vn 0.9951847266721968 0 -0.0980171403295612
vn 0 -1 0
vn 0 1 0
vn 0.9951847266721968 0 0.0980171403295612
vn 0 -1 0
vn 0 1 0
vn 0.9569403357322092 0 0.2902846772544614
vn 0 -1 0
vn 0 1 0
vn 0.881921264348355 0 0.4713967368259976
vn 0 -1 0
vn 0 1 0
vn 0.7730104533627372 0 0.6343932841636453
vn 0 -1 0
vn 0 1 0
vn 0.634393284163645 0 0.7730104533627375
vn 0 -1 0
vn 0 1 0
vn 0.47139673682599814 0 0.8819212643483548
vn 0 -1 0
vn 0 1 0
vn 0.2902846772544628 0 0.9569403357322089
vn 0 -1 0
vn 0 1 0
vn 0.09801714032956121 0 0.9951847266721968
vn 0 -1 0
vn 0 1 0
vn -0.0980171403295612 0 0.9951847266721968
vn 0 -1 0
vn 0 1 0
vn -0.29028467725446205 0 0.9569403357322089
vn 0 -1 0
vn 0 1 0
vn -0.47139673682599753 0 0.881921264348355
vn 0 -1 0
vn 0 1 0
vn -0.6343932841636453 0 0.7730104533627372
vn 0 -1 0
vn 0 1 0
vn -0.7730104533627371 0 0.6343932841636454
vn 0 -1 0
vn 0 1 0
vn -0.8819212643483547 0 0.4713967368259982
vn 0 -1 0
vn 0 1 0
vn -0.9569403357322089 0 0.2902846772544628
vn 0 -1 0
vn 0 1 0
vn -0.9951847266721968 0 0.09801714032956109
vn 0 -1 0
vn 0 1 0
usemtl m_fd6528dc-6890-b3c9-f9b5-33bf351960de
f 1922/8433/2393 1924/8434/2393 1923/8435/2393 1921/8436/2393
f 1921/8437/2394 1923/8438/2394 1919/8439/2394
f 1924/8440/2395 1922/8441/2395 1920/8442/2395
f 1924/8443/2396 1926/8444/2396 1925/8445/2396 1923/8446/2396
f 1923/8447/2397 1925/8448/2397 1919/8449/2397
f 1926/8450/2398 1924/8451/2398 1920/8452/2398
f 1926/8453/2399 1928/8454/2399 1927/8455/2399 1925/8456/2399
f 1925/8457/2400 1927/8458/2400 1919/8459/2400
f 1928/8460/2401 1926/8461/2401 1920/8462/2401
f 1928/8463/2402 1930/8464/2402 1929/8465/2402 1927/8466/2402
f 1927/8467/2403 1929/8468/2403 1919/8469/2403
f 1930/8470/2404 1928/8471/2404 1920/8472/2404
f 1930/8473/2405 1932/8474/2405 1931/8475/2405 1929/8476/2405
f 1929/8477/2406 1931/8478/2406 1919/8479/2406
f 1932/8480/2407 1930/8481/2407 1920/8482/2407
f 1932/8483/2408 1934/8484/2408 1933/8485/2408 1931/8486/2408
f 1931/8487/2409 1933/8488/2409 1919/8489/2409
f 1934/8490/2410 1932/8491/2410 1920/8492/2410
f 1934/8493/2411 1936/8494/2411 1935/8495/2411 1933/8496/2411
f 1933/8497/2412 1935/8498/2412 1919/8499/2412
f 1936/8500/2413 1934/8501/2413 1920/8502/2413
f 1936/8503/2414 1938/8504/2414 1937/8505/2414 1935/8506/2414
f 1935/8507/2415 1937/8508/2415 1919/8509/2415
f 1938/8510/2416 1936/8511/2416 1920/8512/2416
f 1938/8513/2417 1940/8514/2417 1939/8515/2417 1937/8516/2417
f 1937/8517/2418 1939/8518/2418 1919/8519/2418
f 1940/8520/2419 1938/8521/2419 1920/8522/2419
f 1940/8523/2420 1942/8524/2420 1941/8525/2420 1939/8526/2420
f 1939/8527/2421 1941/8528/2421 1919/8529/2421
f 1942/8530/2422 1940/8531/2422 1920/8532/2422
f 1942/8533/2423 1944/8534/2423 1943/8535/2423 1941/8536/2423
f 1941/8537/2424 1943/8538/2424 1919/8539/2424
f 1944/8540/2425 1942/8541/2425 1920/8542/2425
f 1944/8543/2426 1946/8544/2426 1945/8545/2426 1943/8546/2426
f 1943/8547/2427 1945/8548/2427 1919/8549/2427
f 1946/8550/2428 1944/8551/2428 1920/8552/2428
f 1946/8553/2429 1948/8554/2429 1947/8555/2429 1945/8556/2429
f 1945/8557/2430 1947/8558/2430 1919/8559/2430
f 1948/8560/2431 1946/8561/2431 1920/8562/2431
f 1948/8563/2432 1950/8564/2432 1949/8565/2432 1947/8566/2432
f 1947/8567/2433 1949/8568/2433 1919/8569/2433
f 1950/8570/2434 1948/8571/2434 1920/8572/2434
f 1950/8573/2435 1952/8574/2435 1951/8575/2435 1949/8576/2435
f 1949/8577/2436 1951/8578/2436 1919/8579/2436
f 1952/8580/2437 1950/8581/2437 1920/8582/2437
f 1952/8583/2438 1954/8584/2438 1953/8585/2438 1951/8586/2438
f 1951/8587/2439 1953/8588/2439 1919/8589/2439
f 1954/8590/2440 1952/8591/2440 1920/8592/2440
f 1954/8593/2441 1956/8594/2441 1955/8595/2441 1953/8596/2441
f 1953/8597/2442 1955/8598/2442 1919/8599/2442
f 1956/8600/2443 1954/8601/2443 1920/8602/2443
f 1956/8603/2444 1958/8604/2444 1957/8605/2444 1955/8606/2444
f 1955/8607/2445 1957/8608/2445 1919/8609/2445
f 1958/8610/2446 1956/8611/2446 1920/8612/2446
f 1958/8613/2447 1960/8614/2447 1959/8615/2447 1957/8616/2447
f 1957/8617/2448 1959/8618/2448 1919/8619/2448
f 1960/8620/2449 1958/8621/2449 1920/8622/2449
f 1960/8623/2450 1962/8624/2450 1961/8625/2450 1959/8626/2450
f 1959/8627/2451 1961/8628/2451 1919/8629/2451
f 1962/8630/2452 1960/8631/2452 1920/8632/2452
f 1962/8633/2453 1964/8634/2453 1963/8635/2453 1961/8636/2453
f 1961/8637/2454 1963/8638/2454 1919/8639/2454
f 1964/8640/2455 1962/8641/2455 1920/8642/2455
f 1964/8643/2456 1966/8644/2456 1965/8645/2456 1963/8646/2456
f 1963/8647/2457 1965/8648/2457 1919/8649/2457
f 1966/8650/2458 1964/8651/2458 1920/8652/2458
f 1966/8653/2459 1968/8654/2459 1967/8655/2459 1965/8656/2459
f 1965/8657/2460 1967/8658/2460 1919/8659/2460
f 1968/8660/2461 1966/8661/2461 1920/8662/2461
f 1968/8663/2462 1970/8664/2462 1969/8665/2462 1967/8666/2462
f 1967/8667/2463 1969/8668/2463 1919/8669/2463
f 1970/8670/2464 1968/8671/2464 1920/8672/2464
f 1970/8673/2465 1972/8674/2465 1971/8675/2465 1969/8676/2465
f 1969/8677/2466 1971/8678/2466 1919/8679/2466
f 1972/8680/2467 1970/8681/2467 1920/8682/2467
f 1972/8683/2468 1974/8684/2468 1973/8685/2468 1971/8686/2468
f 1971/8687/2469 1973/8688/2469 1919/8689/2469
f 1974/8690/2470 1972/8691/2470 1920/8692/2470
f 1974/8693/2471 1976/8694/2471 1975/8695/2471 1973/8696/2471
f 1973/8697/2472 1975/8698/2472 1919/8699/2472
f 1976/8700/2473 1974/8701/2473 1920/8702/2473
f 1976/8703/2474 1978/8704/2474 1977/8705/2474 1975/8706/2474
f 1975/8707/2475 1977/8708/2475 1919/8709/2475
f 1978/8710/2476 1976/8711/2476 1920/8712/2476
f 1978/8713/2477 1980/8714/2477 1979/8715/2477 1977/8716/2477
f 1977/8717/2478 1979/8718/2478 1919/8719/2478
f 1980/8720/2479 1978/8721/2479 1920/8722/2479
f 1980/8723/2480 1982/8724/2480 1981/8725/2480 1979/8726/2480
f 1979/8727/2481 1981/8728/2481 1919/8729/2481
f 1982/8730/2482 1980/8731/2482 1920/8732/2482
f 1982/8733/2483 1984/8734/2483 1983/8735/2483 1981/8736/2483
f 1981/8737/2484 1983/8738/2484 1919/8739/2484
f 1984/8740/2485 1982/8741/2485 1920/8742/2485
f 1984/8743/2486 1922/8744/2486 1921/8745/2486 1983/8746/2486
f 1983/8747/2487 1921/8748/2487 1919/8749/2487
f 1922/8750/2488 1984/8751/2488 1920/8752/2488
o emitter_detail_ring_06
v 0 2.125 0
v 0 2.0625 0
v 0.09353125 2.125 0
v 0.09353125 2.0625 0
v 0.09173407325771464 2.125 0.018247041681070993
v 0.09173407325771464 2.0625 0.018247041681070993
v 0.08641160752519628 2.125 0.0357928597833973
v 0.08641160752519628 2.0625 0.0357928597833973
v 0.07776839217567243 2.125 0.051963178357114656
v 0.07776839217567243 2.0625 0.051963178357114656
v 0.06613658112785427 2.125 0.06613658112785427
v 0.06613658112785427 2.0625 0.06613658112785427
v 0.05196317835711467 2.125 0.07776839217567243
v 0.05196317835711467 2.0625 0.07776839217567243
v 0.0357928597833973 2.125 0.08641160752519628
v 0.0357928597833973 2.0625 0.08641160752519628
v 0.018247041681071 2.125 0.09173407325771464
v 0.018247041681071 2.0625 0.09173407325771464
v 5.727137296637544e-18 2.125 0.09353125
v 5.727137296637544e-18 2.0625 0.09353125
v -0.018247041681070986 2.125 0.09173407325771464
v -0.018247041681070986 2.0625 0.09173407325771464
v -0.035792859783397295 2.125 0.08641160752519628
v -0.035792859783397295 2.0625 0.08641160752519628
v -0.05196317835711465 2.125 0.07776839217567245
v -0.05196317835711465 2.0625 0.07776839217567245
v -0.06613658112785427 2.125 0.06613658112785427
v -0.06613658112785427 2.0625 0.06613658112785427
v -0.07776839217567244 2.125 0.051963178357114656
v -0.07776839217567244 2.0625 0.051963178357114656
v -0.08641160752519628 2.125 0.03579285978339731
v -0.08641160752519628 2.0625 0.03579285978339731
v -0.09173407325771464 2.125 0.018247041681071028
v -0.09173407325771464 2.0625 0.018247041681071028
v -0.09353125 2.125 1.1454274593275088e-17
v -0.09353125 2.0625 1.1454274593275088e-17
v -0.09173407325771464 2.125 -0.018247041681071004
v -0.09173407325771464 2.0625 -0.018247041681071004
v -0.08641160752519629 2.125 -0.035792859783397295
v -0.08641160752519629 2.0625 -0.035792859783397295
v -0.07776839217567245 2.125 -0.05196317835711465
v -0.07776839217567245 2.0625 -0.05196317835711465
v -0.06613658112785428 2.125 -0.06613658112785427
v -0.06613658112785428 2.0625 -0.06613658112785427
v -0.051963178357114656 2.125 -0.07776839217567243
v -0.051963178357114656 2.0625 -0.07776839217567243
v -0.03579285978339736 2.125 -0.08641160752519626
v -0.03579285978339736 2.0625 -0.08641160752519626
v -0.01824704168107103 2.125 -0.09173407325771463
v -0.01824704168107103 2.0625 -0.09173407325771463
v -1.718141188991263e-17 2.125 -0.09353125
v -1.718141188991263e-17 2.0625 -0.09353125
v 0.018247041681071 2.125 -0.09173407325771464
v 0.018247041681071 2.0625 -0.09173407325771464
v 0.03579285978339732 2.125 -0.08641160752519628
v 0.03579285978339732 2.0625 -0.08641160752519628
v 0.051963178357114635 2.125 -0.07776839217567245
v 0.051963178357114635 2.0625 -0.07776839217567245
v 0.06613658112785425 2.125 -0.06613658112785428
v 0.06613658112785425 2.0625 -0.06613658112785428
v 0.07776839217567243 2.125 -0.051963178357114656
v 0.07776839217567243 2.0625 -0.051963178357114656
v 0.08641160752519626 2.125 -0.03579285978339736
v 0.08641160752519626 2.0625 -0.03579285978339736
v 0.09173407325771463 2.125 -0.01824704168107104
v 0.09173407325771463 2.0625 -0.01824704168107104
vt 0.5 0.5
vt 0.5 0.5
vt 0.5 0.5
vt 0.5 0.5
vt 0.5 0.5
vt 0.5 0.5
vt 0.5 0.5
vt 0.5 0.5
vt 0.5 0.5
vt 0.5 0.5
vt 0.5 0.5
vt 0.5 0.5
vt 0.5 0.5
vt 0.5 0.5
vt 0.5 0.5
vt 0.5 0.5
vt 0.5 0.5
vt 0.5 0.5
vt 0.5 0.5
vt 0.5 0.5
vt 0.5 0.5
vt 0.5 0.5
vt 0.5 0.5
vt 0.5 0.5
vt 0.5 0.5
vt 0.5 0.5
vt 0.5 0.5
vt 0.5 0.5
vt 0.5 0.5
vt 0.5 0.5
vt 0.5 0.5
vt 0.5 0.5
vt 0.5 0.5
vt 0.5 0.5
vt 0.5 0.5
vt 0.5 0.5
vt 0.5 0.5
vt 0.5 0.5
vt 0.5 0.5
vt 0.5 0.5
vt 0.5 0.5
vt 0.5 0.5
vt 0.5 0.5
vt 0.5 0.5
vt 0.5 0.5
vt 0.5 0.5
vt 0.5 0.5
vt 0.5 0.5
vt 0.5 0.5
vt 0.5 0.5
vt 0.5 0.5
vt 0.5 0.5
vt 0.5 0.5
vt 0.5 0.5
vt 0.5 0.5
vt 0.5 0.5
vt 0.5 0.5
vt 0.5 0.5
vt 0.5 0.5
vt 0.5 0.5
vt 0.5 0.5
vt 0.5 0.5
vt 0.5 0.5
vt 0.5 0.5
vt 0.5 0.5
vt 0.5 0.5
vt 0.5 0.5
vt 0.5 0.5
vt 0.5 0.5
vt 0.5 0.5
vt 0.5 0.5
vt 0.5 0.5
vt 0.5 0.5
vt 0.5 0.5
vt 0.5 0.5
vt 0.5 0.5
vt 0.5 0.5
vt 0.5 0.5
vt 0.5 0.5
vt 0.5 0.5
vt 0.5 0.5
vt 0.5 0.5
vt 0.5 0.5
vt 0.5 0.5
vt 0.5 0.5
vt 0.5 0.5
vt 0.5 0.5
vt 0.5 0.5
vt 0.5 0.5
vt 0.5 0.5
vt 0.5 0.5
vt 0.5 0.5
vt 0.5 0.5
vt 0.5 0.5
vt 0.5 0.5
vt 0.5 0.5
vt 0.5 0.5
vt 0.5 0.5
vt 0.5 0.5
vt 0.5 0.5
vt 0.5 0.5
vt 0.5 0.5
vt 0.5 0.5
vt 0.5 0.5
vt 0.5 0.5
vt 0.5 0.5
vt 0.5 0.5
vt 0.5 0.5
vt 0.5 0.5
vt 0.5 0.5
vt 0.5 0.5
vt 0.5 0.5
vt 0.5 0.5
vt 0.5 0.5
vt 0.5 0.5
vt 0.5 0.5
vt 0.5 0.5
vt 0.5 0.5
vt 0.5 0.5
vt 0.5 0.5
vt 0.5 0.5
vt 0.5 0.5
vt 0.5 0.5
vt 0.5 0.5
vt 0.5 0.5
vt 0.5 0.5
vt 0.5 0.5
vt 0.5 0.5
vt 0.5 0.5
vt 0.5 0.5
vt 0.5 0.5
vt 0.5 0.5
vt 0.5 0.5
vt 0.5 0.5
vt 0.5 0.5
vt 0.5 0.5
vt 0.5 0.5
vt 0.5 0.5
vt 0.5 0.5
vt 0.5 0.5
vt 0.5 0.5
vt 0.5 0.5
vt 0.5 0.5
vt 0.5 0.5
vt 0.5 0.5
vt 0.5 0.5
vt 0.5 0.5
vt 0.5 0.5
vt 0.5 0.5
vt 0.5 0.5
vt 0.5 0.5
vt 0.5 0.5
vt 0.5 0.5
vt 0.5 0.5
vt 0.5 0.5
vt 0.5 0.5
vt 0.5 0.5
vt 0.5 0.5
vt 0.5 0.5
vt 0.5 0.5
vt 0.5 0.5
vt 0.5 0.5
vt 0.5 0.5
vt 0.5 0.5
vt 0.5 0.5
vt 0.5 0.5
vt 0.5 0.5
vt 0.5 0.5
vt 0.5 0.5
vt 0.5 0.5
vt 0.5 0.5
vt 0.5 0.5
vt 0.5 0.5
vt 0.5 0.5
vt 0.5 0.5
vt 0.5 0.5
vt 0.5 0.5
vt 0.5 0.5
vt 0.5 0.5
vt 0.5 0.5
vt 0.5 0.5
vt 0.5 0.5
vt 0.5 0.5
vt 0.5 0.5
vt 0.5 0.5
vt 0.5 0.5
vt 0.5 0.5
vt 0.5 0.5
vt 0.5 0.5
vt 0.5 0.5
vt 0.5 0.5
vt 0.5 0.5
vt 0.5 0.5
vt 0.5 0.5
vt 0.5 0.5
vt 0.5 0.5
vt 0.5 0.5
vt 0.5 0.5
vt 0.5 0.5
vt 0.5 0.5
vt 0.5 0.5
vt 0.5 0.5
vt 0.5 0.5
vt 0.5 0.5
vt 0.5 0.5
vt 0.5 0.5
vt 0.5 0.5
vt 0.5 0.5
vt 0.5 0.5
vt 0.5 0.5
vt 0.5 0.5
vt 0.5 0.5
vt 0.5 0.5
vt 0.5 0.5
vt 0.5 0.5
vt 0.5 0.5
vt 0.5 0.5
vt 0.5 0.5
vt 0.5 0.5
vt 0.5 0.5
vt 0.5 0.5
vt 0.5 0.5
vt 0.5 0.5
vt 0.5 0.5
vt 0.5 0.5
vt 0.5 0.5
vt 0.5 0.5
vt 0.5 0.5
vt 0.5 0.5
vt 0.5 0.5
vt 0.5 0.5
vt 0.5 0.5
vt 0.5 0.5
vt 0.5 0.5
vt 0.5 0.5
vt 0.5 0.5
vt 0.5 0.5
vt 0.5 0.5
vt 0.5 0.5
vt 0.5 0.5
vt 0.5 0.5
vt 0.5 0.5
vt 0.5 0.5
vt 0.5 0.5
vt 0.5 0.5
vt 0.5 0.5
vt 0.5 0.5
vt 0.5 0.5
vt 0.5 0.5
vt 0.5 0.5
vt 0.5 0.5
vt 0.5 0.5
vt 0.5 0.5
vt 0.5 0.5
vt 0.5 0.5
vt 0.5 0.5
vt 0.5 0.5
vt 0.5 0.5
vt 0.5 0.5
vt 0.5 0.5
vt 0.5 0.5
vt 0.5 0.5
vt 0.5 0.5
vt 0.5 0.5
vt 0.5 0.5
vt 0.5 0.5
vt 0.5 0.5
vt 0.5 0.5
vt 0.5 0.5
vt 0.5 0.5
vt 0.5 0.5
vt 0.5 0.5
vt 0.5 0.5
vt 0.5 0.5
vt 0.5 0.5
vt 0.5 0.5
vt 0.5 0.5
vt 0.5 0.5
vt 0.5 0.5
vt 0.5 0.5
vt 0.5 0.5
vt 0.5 0.5
vt 0.5 0.5
vt 0.5 0.5
vt 0.5 0.5
vt 0.5 0.5
vt 0.5 0.5
vt 0.5 0.5
vt 0.5 0.5
vt 0.5 0.5
vt 0.5 0.5
vt 0.5 0.5
vt 0.5 0.5
vt 0.5 0.5
vt 0.5 0.5
vt 0.5 0.5
vt 0.5 0.5
vt 0.5 0.5
vt 0.5 0.5
vt 0.5 0.5
vt 0.5 0.5
vt 0.5 0.5
vt 0.5 0.5
vt 0.5 0.5
vt 0.5 0.5
vt 0.5 0.5
vt 0.5 0.5
vt 0.5 0.5
vt 0.5 0.5
vt 0.5 0.5
vt 0.5 0.5
vt 0.5 0.5
vt 0.5 0.5
vt 0.5 0.5
vt 0.5 0.5
vt 0.5 0.5
vt 0.5 0.5
vt 0.5 0.5
vt 0.5 0.5
vt 0.5 0.5
vn -0.9951847266721969 0 -0.09801714032956083
vn 0 -1 0
vn 0 1 0
vn -0.9569403357322089 0 -0.2902846772544626
vn 0 -1 0
vn 0 1 0
vn -0.881921264348355 0 -0.47139673682599775
vn 0 -1 0
vn 0 1 0
vn -0.7730104533627372 0 -0.6343932841636452
vn 0 -1 0
vn 0 1 0
vn -0.6343932841636456 0 -0.7730104533627371
vn 0 -1 0
vn 0 1 0
vn -0.4713967368259975 0 -0.8819212643483553
vn 0 -1 0
vn 0 1 0
vn -0.2902846772544627 0 -0.9569403357322089
vn 0 -1 0
vn 0 1 0
vn -0.09801714032956083 0 -0.9951847266721969
vn 0 -1 0
vn 0 1 0
vn 0.09801714032956083 0 -0.9951847266721969
vn 0 -1 0
vn 0 1 0
vn 0.2902846772544626 0 -0.9569403357322089
vn 0 -1 0
vn 0 1 0
vn 0.4713967368259966 0 -0.8819212643483557
vn 0 -1 0
vn 0 1 0
vn 0.6343932841636459 0 -0.7730104533627368
vn 0 -1 0
vn 0 1 0
vn 0.773010453362737 0 -0.6343932841636456
vn 0 -1 0
vn 0 1 0
vn 0.8819212643483554 0 -0.47139673682599736
vn 0 -1 0
vn 0 1 0
vn 0.9569403357322088 0 -0.29028467725446305
vn 0 -1 0
vn 0 1 0
vn 0.9951847266721969 0 -0.0980171403295607
vn 0 -1 0
vn 0 1 0
vn 0.9951847266721969 0 0.09801714032956071
vn 0 -1 0
vn 0 1 0
vn 0.956940335732209 0 0.29028467725446216
vn 0 -1 0
vn 0 1 0
vn 0.8819212643483554 0 0.47139673682599714
vn 0 -1 0
vn 0 1 0
vn 0.773010453362737 0 0.6343932841636454
vn 0 -1 0
vn 0 1 0
vn 0.6343932841636447 0 0.7730104533627375
vn 0 -1 0
vn 0 1 0
vn 0.47139673682599853 0 0.8819212643483548
vn 0 -1 0
vn 0 1 0
vn 0.29028467725446233 0 0.9569403357322089
vn 0 -1 0
vn 0 1 0
vn 0.09801714032956148 0 0.9951847266721969
vn 0 -1 0
vn 0 1 0
vn -0.0980171403295607 0 0.9951847266721969
vn 0 -1 0
vn 0 1 0
vn -0.2902846772544624 0 0.9569403357322089
vn 0 -1 0
vn 0 1 0
vn -0.4713967368259976 0 0.8819212643483553
vn 0 -1 0
vn 0 1 0
vn -0.6343932841636454 0 0.773010453362737
vn 0 -1 0
vn 0 1 0
vn -0.7730104533627373 0 0.6343932841636453
vn 0 -1 0
vn 0 1 0
vn -0.8819212643483548 0 0.47139673682599853
vn 0 -1 0
vn 0 1 0
vn -0.9569403357322089 0 0.29028467725446244
vn 0 -1 0
vn 0 1 0
vn -0.9951847266721969 0 0.09801714032956134
vn 0 -1 0
vn 0 1 0
usemtl m_3be25f79-071f-aaae-ced0-88ed625c361a
f 1988/8753/2489 1990/8754/2489 1989/8755/2489 1987/8756/2489
f 1987/8757/2490 1989/8758/2490 1985/8759/2490
f 1990/8760/2491 1988/8761/2491 1986/8762/2491
f 1990/8763/2492 1992/8764/2492 1991/8765/2492 1989/8766/2492
f 1989/8767/2493 1991/8768/2493 1985/8769/2493
f 1992/8770/2494 1990/8771/2494 1986/8772/2494
f 1992/8773/2495 1994/8774/2495 1993/8775/2495 1991/8776/2495
f 1991/8777/2496 1993/8778/2496 1985/8779/2496
f 1994/8780/2497 1992/8781/2497 1986/8782/2497
f 1994/8783/2498 1996/8784/2498 1995/8785/2498 1993/8786/2498
f 1993/8787/2499 1995/8788/2499 1985/8789/2499
f 1996/8790/2500 1994/8791/2500 1986/8792/2500
f 1996/8793/2501 1998/8794/2501 1997/8795/2501 1995/8796/2501
f 1995/8797/2502 1997/8798/2502 1985/8799/2502
f 1998/8800/2503 1996/8801/2503 1986/8802/2503
f 1998/8803/2504 2000/8804/2504 1999/8805/2504 1997/8806/2504
f 1997/8807/2505 1999/8808/2505 1985/8809/2505
f 2000/8810/2506 1998/8811/2506 1986/8812/2506
f 2000/8813/2507 2002/8814/2507 2001/8815/2507 1999/8816/2507
f 1999/8817/2508 2001/8818/2508 1985/8819/2508
f 2002/8820/2509 2000/8821/2509 1986/8822/2509
f 2002/8823/2510 2004/8824/2510 2003/8825/2510 2001/8826/2510
f 2001/8827/2511 2003/8828/2511 1985/8829/2511
f 2004/8830/2512 2002/8831/2512 1986/8832/2512
f 2004/8833/2513 2006/8834/2513 2005/8835/2513 2003/8836/2513
f 2003/8837/2514 2005/8838/2514 1985/8839/2514
f 2006/8840/2515 2004/8841/2515 1986/8842/2515
f 2006/8843/2516 2008/8844/2516 2007/8845/2516 2005/8846/2516
f 2005/8847/2517 2007/8848/2517 1985/8849/2517
f 2008/8850/2518 2006/8851/2518 1986/8852/2518
f 2008/8853/2519 2010/8854/2519 2009/8855/2519 2007/8856/2519
f 2007/8857/2520 2009/8858/2520 1985/8859/2520
f 2010/8860/2521 2008/8861/2521 1986/8862/2521
f 2010/8863/2522 2012/8864/2522 2011/8865/2522 2009/8866/2522
f 2009/8867/2523 2011/8868/2523 1985/8869/2523
f 2012/8870/2524 2010/8871/2524 1986/8872/2524
f 2012/8873/2525 2014/8874/2525 2013/8875/2525 2011/8876/2525
f 2011/8877/2526 2013/8878/2526 1985/8879/2526
f 2014/8880/2527 2012/8881/2527 1986/8882/2527
f 2014/8883/2528 2016/8884/2528 2015/8885/2528 2013/8886/2528
f 2013/8887/2529 2015/8888/2529 1985/8889/2529
f 2016/8890/2530 2014/8891/2530 1986/8892/2530
f 2016/8893/2531 2018/8894/2531 2017/8895/2531 2015/8896/2531
f 2015/8897/2532 2017/8898/2532 1985/8899/2532
f 2018/8900/2533 2016/8901/2533 1986/8902/2533
f 2018/8903/2534 2020/8904/2534 2019/8905/2534 2017/8906/2534
f 2017/8907/2535 2019/8908/2535 1985/8909/2535
f 2020/8910/2536 2018/8911/2536 1986/8912/2536
f 2020/8913/2537 2022/8914/2537 2021/8915/2537 2019/8916/2537
f 2019/8917/2538 2021/8918/2538 1985/8919/2538
f 2022/8920/2539 2020/8921/2539 1986/8922/2539
f 2022/8923/2540 2024/8924/2540 2023/8925/2540 2021/8926/2540
f 2021/8927/2541 2023/8928/2541 1985/8929/2541
f 2024/8930/2542 2022/8931/2542 1986/8932/2542
f 2024/8933/2543 2026/8934/2543 2025/8935/2543 2023/8936/2543
f 2023/8937/2544 2025/8938/2544 1985/8939/2544
f 2026/8940/2545 2024/8941/2545 1986/8942/2545
f 2026/8943/2546 2028/8944/2546 2027/8945/2546 2025/8946/2546
f 2025/8947/2547 2027/8948/2547 1985/8949/2547
f 2028/8950/2548 2026/8951/2548 1986/8952/2548
f 2028/8953/2549 2030/8954/2549 2029/8955/2549 2027/8956/2549
f 2027/8957/2550 2029/8958/2550 1985/8959/2550
f 2030/8960/2551 2028/8961/2551 1986/8962/2551
f 2030/8963/2552 2032/8964/2552 2031/8965/2552 2029/8966/2552
f 2029/8967/2553 2031/8968/2553 1985/8969/2553
f 2032/8970/2554 2030/8971/2554 1986/8972/2554
f 2032/8973/2555 2034/8974/2555 2033/8975/2555 2031/8976/2555
f 2031/8977/2556 2033/8978/2556 1985/8979/2556
f 2034/8980/2557 2032/8981/2557 1986/8982/2557
f 2034/8983/2558 2036/8984/2558 2035/8985/2558 2033/8986/2558
f 2033/8987/2559 2035/8988/2559 1985/8989/2559
f 2036/8990/2560 2034/8991/2560 1986/8992/2560
f 2036/8993/2561 2038/8994/2561 2037/8995/2561 2035/8996/2561
f 2035/8997/2562 2037/8998/2562 1985/8999/2562
f 2038/9000/2563 2036/9001/2563 1986/9002/2563
f 2038/9003/2564 2040/9004/2564 2039/9005/2564 2037/9006/2564
f 2037/9007/2565 2039/9008/2565 1985/9009/2565
f 2040/9010/2566 2038/9011/2566 1986/9012/2566
f 2040/9013/2567 2042/9014/2567 2041/9015/2567 2039/9016/2567
f 2039/9017/2568 2041/9018/2568 1985/9019/2568
f 2042/9020/2569 2040/9021/2569 1986/9022/2569
f 2042/9023/2570 2044/9024/2570 2043/9025/2570 2041/9026/2570
f 2041/9027/2571 2043/9028/2571 1985/9029/2571
f 2044/9030/2572 2042/9031/2572 1986/9032/2572
f 2044/9033/2573 2046/9034/2573 2045/9035/2573 2043/9036/2573
f 2043/9037/2574 2045/9038/2574 1985/9039/2574
f 2046/9040/2575 2044/9041/2575 1986/9042/2575
f 2046/9043/2576 2048/9044/2576 2047/9045/2576 2045/9046/2576
f 2045/9047/2577 2047/9048/2577 1985/9049/2577
f 2048/9050/2578 2046/9051/2578 1986/9052/2578
f 2048/9053/2579 2050/9054/2579 2049/9055/2579 2047/9056/2579
f 2047/9057/2580 2049/9058/2580 1985/9059/2580
f 2050/9060/2581 2048/9061/2581 1986/9062/2581
f 2050/9063/2582 1988/9064/2582 1987/9065/2582 2049/9066/2582
f 2049/9067/2583 1987/9068/2583 1985/9069/2583
f 1988/9070/2584 2050/9071/2584 1986/9072/2584
o emitter_vent_01
v 0.0097375 1.715 0.11787499999999998
v 0.0097375 1.715 0.1066
v 0.0097375 1.6725 0.11787499999999998
v 0.0097375 1.6725 0.1066
v -0.0097375 1.715 0.1066
v -0.0097375 1.715 0.11787499999999998
v -0.0097375 1.6725 0.1066
v -0.0097375 1.6725 0.11787499999999998
vt 0.5 0.5
vt 0.5 0.5
vt 0.5 0.5
vt 0.5 0.5
vt 0.5 0.5
vt 0.5 0.5
vt 0.5 0.5
vt 0.5 0.5
vt 0.5 0.5
vt 0.5 0.5
vt 0.5 0.5
vt 0.5 0.5
vt 0.5 0.5
vt 0.5 0.5
vt 0.5 0.5
vt 0.5 0.5
vt 0.5 0.5
vt 0.5 0.5
vt 0.5 0.5
vt 0.5 0.5
vt 0.5 0.5
vt 0.5 0.5
vt 0.5 0.5
vt 0.5 0.5
vn 0 0 -1
vn 1 0 0
vn 0 0 1
vn -1 0 0
vn 0 1 0
vn 0 -1 0
usemtl m_74f865cf-804f-74ba-3be0-4405179d6612
f 2054/9076/2585 2057/9075/2585 2055/9074/2585 2052/9073/2585
f 2053/9080/2586 2054/9079/2586 2052/9078/2586 2051/9077/2586
f 2058/9084/2587 2053/9083/2587 2051/9082/2587 2056/9081/2587
f 2057/9088/2588 2058/9087/2588 2056/9086/2588 2055/9085/2588
f 2056/9092/2589 2051/9091/2589 2052/9090/2589 2055/9089/2589
f 2057/9096/2590 2054/9095/2590 2053/9094/2590 2058/9093/2590
o emitter_vent_02
v 0.06737042236935095 1.715 0.09721399447109072
v 0.061732922369350934 1.715 0.08744955804342114
v 0.06737042236935095 1.6725 0.09721399447109072
v 0.061732922369350934 1.6725 0.08744955804342114
v 0.044867077630649 1.715 0.09718705804342113
v 0.050504577630649014 1.715 0.1069514944710907
v 0.044867077630649 1.6725 0.09718705804342113
v 0.050504577630649014 1.6725 0.1069514944710907
vt 0.5 0.5
vt 0.5 0.5
vt 0.5 0.5
vt 0.5 0.5
vt 0.5 0.5
vt 0.5 0.5
vt 0.5 0.5
vt 0.5 0.5
vt 0.5 0.5
vt 0.5 0.5
vt 0.5 0.5
vt 0.5 0.5
vt 0.5 0.5
vt 0.5 0.5
vt 0.5 0.5
vt 0.5 0.5
vt 0.5 0.5
vt 0.5 0.5
vt 0.5 0.5
vt 0.5 0.5
vt 0.5 0.5
vt 0.5 0.5
vt 0.5 0.5
vt 0.5 0.5
vn -0.49999999999999994 0 -0.8660254037844387
vn 0.8660254037844387 0 -0.49999999999999994
vn 0.49999999999999994 0 0.8660254037844387
vn -0.8660254037844387 0 0.49999999999999994
vn 0 1 0
vn 0 -1 0
usemtl m_74f865cf-804f-74ba-3be0-4405179d6612
f 2062/9100/2591 2065/9099/2591 2063/9098/2591 2060/9097/2591
f 2061/9104/2592 2062/9103/2592 2060/9102/2592 2059/9101/2592
f 2066/9108/2593 2061/9107/2593 2059/9106/2593 2064/9105/2593
f 2065/9112/2594 2066/9111/2594 2064/9110/2594 2063/9109/2594
f 2064/9116/2595 2059/9115/2595 2060/9114/2595 2063/9113/2595
f 2065/9120/2596 2062/9119/2596 2061/9118/2596 2066/9117/2596
o emitter_vent_03
v 0.1069514944710907 1.715 0.05050457763064904
v 0.09718705804342115 1.715 0.04486707763064904
v 0.1069514944710907 1.6725 0.05050457763064904
v 0.09718705804342115 1.6725 0.04486707763064904
v 0.08744955804342114 1.715 0.061732922369350976
v 0.09721399447109069 1.715 0.06737042236935098
v 0.08744955804342114 1.6725 0.061732922369350976
v 0.09721399447109069 1.6725 0.06737042236935098
vt 0.5 0.5
vt 0.5 0.5
vt 0.5 0.5
vt 0.5 0.5
vt 0.5 0.5
vt 0.5 0.5
vt 0.5 0.5
vt 0.5 0.5
vt 0.5 0.5
vt 0.5 0.5
vt 0.5 0.5
vt 0.5 0.5
vt 0.5 0.5
vt 0.5 0.5
vt 0.5 0.5
vt 0.5 0.5
vt 0.5 0.5
vt 0.5 0.5
vt 0.5 0.5
vt 0.5 0.5
vt 0.5 0.5
vt 0.5 0.5
vt 0.5 0.5
vt 0.5 0.5
vn -0.8660254037844386 0 -0.5000000000000001
vn 0.5000000000000001 0 -0.8660254037844386
vn 0.8660254037844386 0 0.5000000000000001
vn -0.5000000000000001 0 0.8660254037844386
vn 0 1 0
vn 0 -1 0
usemtl m_74f865cf-804f-74ba-3be0-4405179d6612
f 2070/9124/2597 2073/9123/2597 2071/9122/2597 2068/9121/2597
f 2069/9128/2598 2070/9127/2598 2068/9126/2598 2067/9125/2598
f 2074/9132/2599 2069/9131/2599 2067/9130/2599 2072/9129/2599
f 2073/9136/2600 2074/9135/2600 2072/9134/2600 2071/9133/2600
f 2072/9140/2601 2067/9139/2601 2068/9138/2601 2071/9137/2601
f 2073/9144/2602 2070/9143/2602 2069/9142/2602 2074/9141/2602
o emitter_vent_04
v 0.117875 1.715 -0.009737499999999987
v 0.10659999999999999 1.715 -0.009737499999999991
v 0.117875 1.6725 -0.009737499999999987
v 0.10659999999999999 1.6725 -0.009737499999999991
v 0.10659999999999999 1.715 0.009737500000000001
v 0.117875 1.715 0.009737500000000005
v 0.10659999999999999 1.6725 0.009737500000000001
v 0.117875 1.6725 0.009737500000000005
vt 0.5 0.5
vt 0.5 0.5
vt 0.5 0.5
vt 0.5 0.5
vt 0.5 0.5
vt 0.5 0.5
vt 0.5 0.5
vt 0.5 0.5
vt 0.5 0.5
vt 0.5 0.5
vt 0.5 0.5
vt 0.5 0.5
vt 0.5 0.5
vt 0.5 0.5
vt 0.5 0.5
vt 0.5 0.5
vt 0.5 0.5
vt 0.5 0.5
vt 0.5 0.5
vt 0.5 0.5
vt 0.5 0.5
vt 0.5 0.5
vt 0.5 0.5
vt 0.5 0.5
vn -1 0 -2.220446049250313e-16
vn 2.220446049250313e-16 0 -1
vn 1 0 2.220446049250313e-16
vn -2.220446049250313e-16 0 1
vn 0 1 0
vn 0 -1 0
usemtl m_74f865cf-804f-74ba-3be0-4405179d6612
f 2078/9148/2603 2081/9147/2603 2079/9146/2603 2076/9145/2603
f 2077/9152/2604 2078/9151/2604 2076/9150/2604 2075/9149/2604
f 2082/9156/2605 2077/9155/2605 2075/9154/2605 2080/9153/2605
f 2081/9160/2606 2082/9159/2606 2080/9158/2606 2079/9157/2606
f 2080/9164/2607 2075/9163/2607 2076/9162/2607 2079/9161/2607
f 2081/9168/2608 2078/9167/2608 2077/9166/2608 2082/9165/2608
o emitter_vent_05
v 0.09721399447109072 1.715 -0.06737042236935094
v 0.08744955804342117 1.715 -0.06173292236935094
v 0.09721399447109072 1.6725 -0.06737042236935094
v 0.08744955804342117 1.6725 -0.06173292236935094
v 0.09718705804342115 1.715 -0.044867077630649004
v 0.1069514944710907 1.715 -0.05050457763064901
v 0.09718705804342115 1.6725 -0.044867077630649004
v 0.1069514944710907 1.6725 -0.05050457763064901
vt 0.5 0.5
vt 0.5 0.5
vt 0.5 0.5
vt 0.5 0.5
vt 0.5 0.5
vt 0.5 0.5
vt 0.5 0.5
vt 0.5 0.5
vt 0.5 0.5
vt 0.5 0.5
vt 0.5 0.5
vt 0.5 0.5
vt 0.5 0.5
vt 0.5 0.5
vt 0.5 0.5
vt 0.5 0.5
vt 0.5 0.5
vt 0.5 0.5
vt 0.5 0.5
vt 0.5 0.5
vt 0.5 0.5
vt 0.5 0.5
vt 0.5 0.5
vt 0.5 0.5
vn -0.8660254037844388 0 0.4999999999999998
vn -0.4999999999999998 0 -0.8660254037844388
vn 0.8660254037844388 0 -0.4999999999999998
vn 0.4999999999999998 0 0.8660254037844388
vn 0 1 0
vn 0 -1 0
usemtl m_74f865cf-804f-74ba-3be0-4405179d6612
f 2086/9172/2609 2089/9171/2609 2087/9170/2609 2084/9169/2609
f 2085/9176/2610 2086/9175/2610 2084/9174/2610 2083/9173/2610
f 2090/9180/2611 2085/9179/2611 2083/9178/2611 2088/9177/2611
f 2089/9184/2612 2090/9183/2612 2088/9182/2612 2087/9181/2612
f 2088/9188/2613 2083/9187/2613 2084/9186/2613 2087/9185/2613
f 2089/9192/2614 2086/9191/2614 2085/9190/2614 2090/9189/2614
o emitter_vent_06
v 0.05050457763064903 1.715 -0.10695149447109073
v 0.04486707763064901 1.715 -0.09718705804342115
v 0.05050457763064903 1.6725 -0.10695149447109073
v 0.04486707763064901 1.6725 -0.09718705804342115
v 0.06173292236935095 1.715 -0.08744955804342117
v 0.06737042236935097 1.715 -0.09721399447109073
v 0.06173292236935095 1.6725 -0.08744955804342117
v 0.06737042236935097 1.6725 -0.09721399447109073
vt 0.5 0.5
vt 0.5 0.5
vt 0.5 0.5
vt 0.5 0.5
vt 0.5 0.5
vt 0.5 0.5
vt 0.5 0.5
vt 0.5 0.5
vt 0.5 0.5
vt 0.5 0.5
vt 0.5 0.5
vt 0.5 0.5
vt 0.5 0.5
vt 0.5 0.5
vt 0.5 0.5
vt 0.5 0.5
vt 0.5 0.5
vt 0.5 0.5
vt 0.5 0.5
vt 0.5 0.5
vt 0.5 0.5
vt 0.5 0.5
vt 0.5 0.5
vt 0.5 0.5
vn -0.49999999999999994 0 0.8660254037844388
vn -0.8660254037844388 0 -0.49999999999999994
vn 0.49999999999999994 0 -0.8660254037844388
vn 0.8660254037844388 0 0.49999999999999994
vn 0 1 0
vn 0 -1 0
usemtl m_74f865cf-804f-74ba-3be0-4405179d6612
f 2094/9196/2615 2097/9195/2615 2095/9194/2615 2092/9193/2615
f 2093/9200/2616 2094/9199/2616 2092/9198/2616 2091/9197/2616
f 2098/9204/2617 2093/9203/2617 2091/9202/2617 2096/9201/2617
f 2097/9208/2618 2098/9207/2618 2096/9206/2618 2095/9205/2618
f 2096/9212/2619 2091/9211/2619 2092/9210/2619 2095/9209/2619
f 2097/9216/2620 2094/9215/2620 2093/9214/2620 2098/9213/2620
o emitter_vent_07
v -0.009737499999999986 1.715 -0.11787499999999998
v -0.009737499999999986 1.715 -0.1066
v -0.009737499999999986 1.6725 -0.11787499999999998
v -0.009737499999999986 1.6725 -0.1066
v 0.009737500000000014 1.715 -0.1066
v 0.009737500000000014 1.715 -0.11787499999999998
v 0.009737500000000014 1.6725 -0.1066
v 0.009737500000000014 1.6725 -0.11787499999999998
vt 0.5 0.5
vt 0.5 0.5
vt 0.5 0.5
vt 0.5 0.5
vt 0.5 0.5
vt 0.5 0.5
vt 0.5 0.5
vt 0.5 0.5
vt 0.5 0.5
vt 0.5 0.5
vt 0.5 0.5
vt 0.5 0.5
vt 0.5 0.5
vt 0.5 0.5
vt 0.5 0.5
vt 0.5 0.5
vt 0.5 0.5
vt 0.5 0.5
vt 0.5 0.5
vt 0.5 0.5
vt 0.5 0.5
vt 0.5 0.5
vt 0.5 0.5
vt 0.5 0.5
vn -1.2246467991473532e-16 0 1
vn -1 0 -1.2246467991473532e-16
vn 1.2246467991473532e-16 0 -1
vn 1 0 1.2246467991473532e-16
vn 0 1 0
vn 0 -1 0
usemtl m_74f865cf-804f-74ba-3be0-4405179d6612
f 2102/9220/2621 2105/9219/2621 2103/9218/2621 2100/9217/2621
f 2101/9224/2622 2102/9223/2622 2100/9222/2622 2099/9221/2622
f 2106/9228/2623 2101/9227/2623 2099/9226/2623 2104/9225/2623
f 2105/9232/2624 2106/9231/2624 2104/9230/2624 2103/9229/2624
f 2104/9236/2625 2099/9235/2625 2100/9234/2625 2103/9233/2625
f 2105/9240/2626 2102/9239/2626 2101/9238/2626 2106/9237/2626
o emitter_vent_08
v -0.06737042236935092 1.715 -0.09721399447109072
v -0.06173292236935092 1.715 -0.08744955804342117
v -0.06737042236935092 1.6725 -0.09721399447109072
v -0.06173292236935092 1.6725 -0.08744955804342117
v -0.04486707763064898 1.715 -0.09718705804342116
v -0.050504577630648986 1.715 -0.10695149447109072
v -0.04486707763064898 1.6725 -0.09718705804342116
v -0.050504577630648986 1.6725 -0.10695149447109072
vt 0.5 0.5
vt 0.5 0.5
vt 0.5 0.5
vt 0.5 0.5
vt 0.5 0.5
vt 0.5 0.5
vt 0.5 0.5
vt 0.5 0.5
vt 0.5 0.5
vt 0.5 0.5
vt 0.5 0.5
vt 0.5 0.5
vt 0.5 0.5
vt 0.5 0.5
vt 0.5 0.5
vt 0.5 0.5
vt 0.5 0.5
vt 0.5 0.5
vt 0.5 0.5
vt 0.5 0.5
vt 0.5 0.5
vt 0.5 0.5
vt 0.5 0.5
vt 0.5 0.5
vn 0.5000000000000001 0 0.8660254037844387
vn -0.8660254037844387 0 0.5000000000000001
vn -0.5000000000000001 0 -0.8660254037844387
vn 0.8660254037844387 0 -0.5000000000000001
vn 0 1 0
vn 0 -1 0
usemtl m_74f865cf-804f-74ba-3be0-4405179d6612
f 2110/9244/2627 2113/9243/2627 2111/9242/2627 2108/9241/2627
f 2109/9248/2628 2110/9247/2628 2108/9246/2628 2107/9245/2628
f 2114/9252/2629 2109/9251/2629 2107/9250/2629 2112/9249/2629
f 2113/9256/2630 2114/9255/2630 2112/9254/2630 2111/9253/2630
f 2112/9260/2631 2107/9259/2631 2108/9258/2631 2111/9257/2631
f 2113/9264/2632 2110/9263/2632 2109/9262/2632 2114/9261/2632
o emitter_vent_09
v -0.10695149447109067 1.715 -0.05050457763064908
v -0.09718705804342112 1.715 -0.04486707763064907
v -0.10695149447109067 1.6725 -0.05050457763064908
v -0.09718705804342112 1.6725 -0.04486707763064907
v -0.08744955804342111 1.715 -0.061732922369351004
v -0.09721399447109066 1.715 -0.06737042236935101
v -0.08744955804342111 1.6725 -0.061732922369351004
v -0.09721399447109066 1.6725 -0.06737042236935101
vt 0.5 0.5
vt 0.5 0.5
vt 0.5 0.5
vt 0.5 0.5
vt 0.5 0.5
vt 0.5 0.5
vt 0.5 0.5
vt 0.5 0.5
vt 0.5 0.5
vt 0.5 0.5
vt 0.5 0.5
vt 0.5 0.5
vt 0.5 0.5
vt 0.5 0.5
vt 0.5 0.5
vt 0.5 0.5
vt 0.5 0.5
vt 0.5 0.5
vt 0.5 0.5
vt 0.5 0.5
vt 0.5 0.5
vt 0.5 0.5
vt 0.5 0.5
vt 0.5 0.5
vn 0.8660254037844386 0 0.5000000000000003
vn -0.5000000000000003 0 0.8660254037844386
vn -0.8660254037844386 0 -0.5000000000000003
vn 0.5000000000000003 0 -0.8660254037844386
vn 0 1 0
vn 0 -1 0
usemtl m_74f865cf-804f-74ba-3be0-4405179d6612
f 2118/9268/2633 2121/9267/2633 2119/9266/2633 2116/9265/2633
f 2117/9272/2634 2118/9271/2634 2116/9270/2634 2115/9269/2634
f 2122/9276/2635 2117/9275/2635 2115/9274/2635 2120/9273/2635
f 2121/9280/2636 2122/9279/2636 2120/9278/2636 2119/9277/2636
f 2120/9284/2637 2115/9283/2637 2116/9282/2637 2119/9281/2637
f 2121/9288/2638 2118/9287/2638 2117/9286/2638 2122/9285/2638
o emitter_vent_10
v -0.117875 1.715 0.009737499999999974
v -0.10659999999999999 1.715 0.009737499999999977
v -0.117875 1.6725 0.009737499999999974
v -0.10659999999999999 1.6725 0.009737499999999977
v -0.10659999999999999 1.715 -0.009737500000000015
v -0.117875 1.715 -0.009737500000000019
v -0.10659999999999999 1.6725 -0.009737500000000015
v -0.117875 1.6725 -0.009737500000000019
vt 0.5 0.5
vt 0.5 0.5
vt 0.5 0.5
vt 0.5 0.5
vt 0.5 0.5
vt 0.5 0.5
vt 0.5 0.5
vt 0.5 0.5
vt 0.5 0.5
vt 0.5 0.5
vt 0.5 0.5
vt 0.5 0.5
vt 0.5 0.5
vt 0.5 0.5
vt 0.5 0.5
vt 0.5 0.5
vt 0.5 0.5
vt 0.5 0.5
vt 0.5 0.5
vt 0.5 0.5
vt 0.5 0.5
vt 0.5 0.5
vt 0.5 0.5
vt 0.5 0.5
vn 1 0 2.220446049250313e-16
vn -2.220446049250313e-16 0 1
vn -1 0 -2.220446049250313e-16
vn 2.220446049250313e-16 0 -1
vn 0 1 0
vn 0 -1 0
usemtl m_74f865cf-804f-74ba-3be0-4405179d6612
f 2126/9292/2639 2129/9291/2639 2127/9290/2639 2124/9289/2639
f 2125/9296/2640 2126/9295/2640 2124/9294/2640 2123/9293/2640
f 2130/9300/2641 2125/9299/2641 2123/9298/2641 2128/9297/2641
f 2129/9304/2642 2130/9303/2642 2128/9302/2642 2127/9301/2642
f 2128/9308/2643 2123/9307/2643 2124/9306/2643 2127/9305/2643
f 2129/9312/2644 2126/9311/2644 2125/9310/2644 2130/9309/2644
o emitter_vent_11
v -0.09721399447109069 1.715 0.06737042236935098
v -0.08744955804342114 1.715 0.061732922369350976
v -0.09721399447109069 1.6725 0.06737042236935098
v -0.08744955804342114 1.6725 0.061732922369350976
v -0.09718705804342115 1.715 0.04486707763064904
v -0.1069514944710907 1.715 0.05050457763064904
v -0.09718705804342115 1.6725 0.04486707763064904
v -0.1069514944710907 1.6725 0.05050457763064904
vt 0.5 0.5
vt 0.5 0.5
vt 0.5 0.5
vt 0.5 0.5
vt 0.5 0.5
vt 0.5 0.5
vt 0.5 0.5
vt 0.5 0.5
vt 0.5 0.5
vt 0.5 0.5
vt 0.5 0.5
vt 0.5 0.5
vt 0.5 0.5
vt 0.5 0.5
vt 0.5 0.5
vt 0.5 0.5
vt 0.5 0.5
vt 0.5 0.5
vt 0.5 0.5
vt 0.5 0.5
vt 0.5 0.5
vt 0.5 0.5
vt 0.5 0.5
vt 0.5 0.5
vn 0.8660254037844386 0 -0.5000000000000001
vn 0.5000000000000001 0 0.8660254037844386
vn -0.8660254037844386 0 0.5000000000000001
vn -0.5000000000000001 0 -0.8660254037844386
vn 0 1 0
vn 0 -1 0
usemtl m_74f865cf-804f-74ba-3be0-4405179d6612
f 2134/9316/2645 2137/9315/2645 2135/9314/2645 2132/9313/2645
f 2133/9320/2646 2134/9319/2646 2132/9318/2646 2131/9317/2646
f 2138/9324/2647 2133/9323/2647 2131/9322/2647 2136/9321/2647
f 2137/9328/2648 2138/9327/2648 2136/9326/2648 2135/9325/2648
f 2136/9332/2649 2131/9331/2649 2132/9330/2649 2135/9329/2649
f 2137/9336/2650 2134/9335/2650 2133/9334/2650 2138/9333/2650
o emitter_vent_12
v -0.05050457763064906 1.715 0.10695149447109066
v -0.04486707763064907 1.715 0.09718705804342112
v -0.05050457763064906 1.6725 0.10695149447109066
v -0.04486707763064907 1.6725 0.09718705804342112
v -0.06173292236935102 1.715 0.08744955804342114
v -0.06737042236935101 1.715 0.09721399447109066
v -0.06173292236935102 1.6725 0.08744955804342114
v -0.06737042236935101 1.6725 0.09721399447109066
vt 0.5 0.5
vt 0.5 0.5
vt 0.5 0.5
vt 0.5 0.5
vt 0.5 0.5
vt 0.5 0.5
vt 0.5 0.5
vt 0.5 0.5
vt 0.5 0.5
vt 0.5 0.5
vt 0.5 0.5
vt 0.5 0.5
vt 0.5 0.5
vt 0.5 0.5
vt 0.5 0.5
vt 0.5 0.5
vt 0.5 0.5
vt 0.5 0.5
vt 0.5 0.5
vt 0.5 0.5
vt 0.5 0.5
vt 0.5 0.5
vt 0.5 0.5
vt 0.5 0.5
vn 0.49999999999999967 0 -0.8660254037844388
vn 0.8660254037844388 0 0.49999999999999967
vn -0.49999999999999967 0 0.8660254037844388
vn -0.8660254037844388 0 -0.49999999999999967
vn 0 1 0
vn 0 -1 0
usemtl m_74f865cf-804f-74ba-3be0-4405179d6612
f 2142/9340/2651 2145/9339/2651 2143/9338/2651 2140/9337/2651
f 2141/9344/2652 2142/9343/2652 2140/9342/2652 2139/9341/2652
f 2146/9348/2653 2141/9347/2653 2139/9346/2653 2144/9345/2653
f 2145/9352/2654 2146/9351/2654 2144/9350/2654 2143/9349/2654
f 2144/9356/2655 2139/9355/2655 2140/9354/2655 2143/9353/2655
f 2145/9360/2656 2142/9359/2656 2141/9358/2656 2146/9357/2656