# Made in Blockbench 5.1.4
mtllib materials.mtl

o core_lower
v 0 0.7500000000000001 0
v 0 -1.9500000000000002 0
v 0.055473 0.7500000000000001 0
v 0.055473 -1.9500000000000002 0
v 0.053582803361733475 0.7500000000000001 0.014357468888972132
v 0.053582803361733475 -1.9500000000000002 0.014357468888972132
v 0.04804102722413416 0.7500000000000001 0.027736499999999994
v 0.04804102722413416 -1.9500000000000002 0.027736499999999994
v 0.03922533447276135 0.7500000000000001 0.039225334472761345
v 0.03922533447276135 -1.9500000000000002 0.039225334472761345
v 0.027736500000000004 0.7500000000000001 0.04804102722413416
v 0.027736500000000004 -1.9500000000000002 0.04804102722413416
v 0.014357468888972132 0.7500000000000001 0.053582803361733475
v 0.014357468888972132 -1.9500000000000002 0.053582803361733475
v 3.396741594455056e-18 0.7500000000000001 0.055473
v 3.396741594455056e-18 -1.9500000000000002 0.055473
v -0.014357468888972137 0.7500000000000001 0.053582803361733475
v -0.014357468888972137 -1.9500000000000002 0.053582803361733475
v -0.027736499999999983 0.7500000000000001 0.04804102722413416
v -0.027736499999999983 -1.9500000000000002 0.04804102722413416
v -0.039225334472761345 0.7500000000000001 0.03922533447276135
v -0.039225334472761345 -1.9500000000000002 0.03922533447276135
v -0.04804102722413416 0.7500000000000001 0.027736499999999994
v -0.04804102722413416 -1.9500000000000002 0.027736499999999994
v -0.05358280336173347 0.7500000000000001 0.014357468888972146
v -0.05358280336173347 -1.9500000000000002 0.014357468888972146
v -0.055473 0.7500000000000001 6.793483188910112e-18
v -0.055473 -1.9500000000000002 6.793483188910112e-18
v -0.053582803361733475 0.7500000000000001 -0.01435746888897211
v -0.053582803361733475 -1.9500000000000002 -0.01435746888897211
v -0.04804102722413416 0.7500000000000001 -0.027736500000000004
v -0.04804102722413416 -1.9500000000000002 -0.027736500000000004
v -0.03922533447276135 0.7500000000000001 -0.039225334472761345
v -0.03922533447276135 -1.9500000000000002 -0.039225334472761345
v -0.02773650000000002 0.7500000000000001 -0.04804102722413415
v -0.02773650000000002 -1.9500000000000002 -0.04804102722413415
v -0.014357468888972123 0.7500000000000001 -0.053582803361733475
v -0.014357468888972123 -1.9500000000000002 -0.053582803361733475
v -1.0190224783365168e-17 0.7500000000000001 -0.055473
v -1.0190224783365168e-17 -1.9500000000000002 -0.055473
v 0.014357468888972106 0.7500000000000001 -0.053582803361733475
v 0.014357468888972106 -1.9500000000000002 -0.053582803361733475
v 0.027736500000000004 0.7500000000000001 -0.04804102722413416
v 0.027736500000000004 -1.9500000000000002 -0.04804102722413416
v 0.03922533447276133 0.7500000000000001 -0.03922533447276135
v 0.03922533447276133 -1.9500000000000002 -0.03922533447276135
v 0.04804102722413415 0.7500000000000001 -0.02773650000000002
v 0.04804102722413415 -1.9500000000000002 -0.02773650000000002
v 0.053582803361733475 0.7500000000000001 -0.014357468888972127
v 0.053582803361733475 -1.9500000000000002 -0.014357468888972127
vt 0.5 0.5
vt 0.5 0.5
vt 0.5 0.5
vt 0.5 0.5
vt 0.5 0.5
vt 0.5 0.5
vt 0.5 0.5
vt 0.5 0.5
vt 0.5 0.5
vt 0.5 0.5
vt 0.5 0.5
vt 0.5 0.5
vt 0.5 0.5
vt 0.5 0.5
vt 0.5 0.5
vt 0.5 0.5
vt 0.5 0.5
vt 0.5 0.5
vt 0.5 0.5
vt 0.5 0.5
vt 0.5 0.5
vt 0.5 0.5
vt 0.5 0.5
vt 0.5 0.5
vt 0.5 0.5
vt 0.5 0.5
vt 0.5 0.5
vt 0.5 0.5
vt 0.5 0.5
vt 0.5 0.5
vt 0.5 0.5
vt 0.5 0.5
vt 0.5 0.5
vt 0.5 0.5
vt 0.5 0.5
vt 0.5 0.5
vt 0.5 0.5
vt 0.5 0.5
vt 0.5 0.5
vt 0.5 0.5
vt 0.5 0.5
vt 0.5 0.5
vt 0.5 0.5
vt 0.5 0.5
vt 0.5 0.5
vt 0.5 0.5
vt 0.5 0.5
vt 0.5 0.5
vt 0.5 0.5
vt 0.5 0.5
vt 0.5 0.5
vt 0.5 0.5
vt 0.5 0.5
vt 0.5 0.5
vt 0.5 0.5
vt 0.5 0.5
vt 0.5 0.5
vt 0.5 0.5
vt 0.5 0.5
vt 0.5 0.5
vt 0.5 0.5
vt 0.5 0.5
vt 0.5 0.5
vt 0.5 0.5
vt 0.5 0.5
vt 0.5 0.5
vt 0.5 0.5
vt 0.5 0.5
vt 0.5 0.5
vt 0.5 0.5
vt 0.5 0.5
vt 0.5 0.5
vt 0.5 0.5
vt 0.5 0.5
vt 0.5 0.5
vt 0.5 0.5
vt 0.5 0.5
vt 0.5 0.5
vt 0.5 0.5
vt 0.5 0.5
vt 0.5 0.5
vt 0.5 0.5
vt 0.5 0.5
vt 0.5 0.5
vt 0.5 0.5
vt 0.5 0.5
vt 0.5 0.5
vt 0.5 0.5
vt 0.5 0.5
vt 0.5 0.5
vt 0.5 0.5
vt 0.5 0.5
vt 0.5 0.5
vt 0.5 0.5
vt 0.5 0.5
vt 0.5 0.5
vt 0.5 0.5
vt 0.5 0.5
vt 0.5 0.5
vt 0.5 0.5
vt 0.5 0.5
vt 0.5 0.5
vt 0.5 0.5
vt 0.5 0.5
vt 0.5 0.5
vt 0.5 0.5
vt 0.5 0.5
vt 0.5 0.5
vt 0.5 0.5
vt 0.5 0.5
vt 0.5 0.5
vt 0.5 0.5
vt 0.5 0.5
vt 0.5 0.5
vt 0.5 0.5
vt 0.5 0.5
vt 0.5 0.5
vt 0.5 0.5
vt 0.5 0.5
vt 0.5 0.5
vt 0.5 0.5
vt 0.5 0.5
vt 0.5 0.5
vt 0.5 0.5
vt 0.5 0.5
vt 0.5 0.5
vt 0.5 0.5
vt 0.5 0.5
vt 0.5 0.5
vt 0.5 0.5
vt 0.5 0.5
vt 0.5 0.5
vt 0.5 0.5
vt 0.5 0.5
vt 0.5 0.5
vt 0.5 0.5
vt 0.5 0.5
vt 0.5 0.5
vt 0.5 0.5
vt 0.5 0.5
vt 0.5 0.5
vt 0.5 0.5
vt 0.5 0.5
vt 0.5 0.5
vt 0.5 0.5
vt 0.5 0.5
vt 0.5 0.5
vt 0.5 0.5
vt 0.5 0.5
vt 0.5 0.5
vt 0.5 0.5
vt 0.5 0.5
vt 0.5 0.5
vt 0.5 0.5
vt 0.5 0.5
vt 0.5 0.5
vt 0.5 0.5
vt 0.5 0.5
vt 0.5 0.5
vt 0.5 0.5
vt 0.5 0.5
vt 0.5 0.5
vt 0.5 0.5
vt 0.5 0.5
vt 0.5 0.5
vt 0.5 0.5
vt 0.5 0.5
vt 0.5 0.5
vt 0.5 0.5
vt 0.5 0.5
vt 0.5 0.5
vt 0.5 0.5
vt 0.5 0.5
vt 0.5 0.5
vt 0.5 0.5
vt 0.5 0.5
vt 0.5 0.5
vt 0.5 0.5
vt 0.5 0.5
vt 0.5 0.5
vt 0.5 0.5
vt 0.5 0.5
vt 0.5 0.5
vt 0.5 0.5
vt 0.5 0.5
vt 0.5 0.5
vt 0.5 0.5
vt 0.5 0.5
vt 0.5 0.5
vt 0.5 0.5
vt 0.5 0.5
vt 0.5 0.5
vt 0.5 0.5
vt 0.5 0.5
vt 0.5 0.5
vt 0.5 0.5
vt 0.5 0.5
vt 0.5 0.5
vt 0.5 0.5
vt 0.5 0.5
vt 0.5 0.5
vt 0.5 0.5
vt 0.5 0.5
vt 0.5 0.5
vt 0.5 0.5
vt 0.5 0.5
vt 0.5 0.5
vt 0.5 0.5
vt 0.5 0.5
vt 0.5 0.5
vt 0.5 0.5
vt 0.5 0.5
vt 0.5 0.5
vt 0.5 0.5
vt 0.5 0.5
vt 0.5 0.5
vt 0.5 0.5
vt 0.5 0.5
vt 0.5 0.5
vt 0.5 0.5
vt 0.5 0.5
vt 0.5 0.5
vt 0.5 0.5
vt 0.5 0.5
vt 0.5 0.5
vt 0.5 0.5
vt 0.5 0.5
vt 0.5 0.5
vt 0.5 0.5
vt 0.5 0.5
vt 0.5 0.5
vt 0.5 0.5
vt 0.5 0.5
vt 0.5 0.5
vt 0.5 0.5
vt 0.5 0.5
vt 0.5 0.5
vt 0.5 0.5
vt 0.5 0.5
vt 0.5 0.5
vn -0.9914448613738103 0 -0.1305261922200524
vn 0 -1 0
vn 0 1 0
vn -0.9238795325112871 0 -0.3826834323650895
vn 0 -1 0
vn 0 1 0
vn -0.7933533402912353 0 -0.6087614290087205
vn 0 -1 0
vn 0 1 0
vn -0.608761429008721 0 -0.7933533402912349
vn 0 -1 0
vn 0 1 0
vn -0.38268343236508917 0 -0.9238795325112871
vn 0 -1 0
vn 0 1 0
vn -0.13052619222005246 0 -0.9914448613738103
vn 0 -1 0
vn 0 1 0
vn 0.13052619222005232 0 -0.9914448613738104
vn 0 -1 0
vn 0 1 0
vn 0.3826834323650898 0 -0.9238795325112867
vn 0 -1 0
vn 0 1 0
vn 0.6087614290087202 0 -0.7933533402912356
vn 0 -1 0
vn 0 1 0
vn 0.7933533402912353 0 -0.6087614290087207
vn 0 -1 0
vn 0 1 0
vn 0.923879532511287 0 -0.3826834323650893
vn 0 -1 0
vn 0 1 0
vn 0.9914448613738103 0 -0.13052619222005285
vn 0 -1 0
vn 0 1 0
vn 0.9914448613738103 0 0.13052619222005254
vn 0 -1 0
vn 0 1 0
vn 0.9238795325112874 0 0.38268343236508867
vn 0 -1 0
vn 0 1 0
vn 0.7933533402912349 0 0.6087614290087209
vn 0 -1 0
vn 0 1 0
vn 0.608761429008721 0 0.7933533402912349
vn 0 -1 0
vn 0 1 0
vn 0.3826834323650893 0 0.9238795325112868
vn 0 -1 0
vn 0 1 0
vn 0.1305261922200526 0 0.9914448613738103
vn 0 -1 0
vn 0 1 0
vn -0.13052619222005254 0 0.9914448613738103
vn 0 -1 0
vn 0 1 0
vn -0.38268343236508856 0 0.9238795325112873
vn 0 -1 0
vn 0 1 0
vn -0.6087614290087213 0 0.7933533402912346
vn 0 -1 0
vn 0 1 0
vn -0.7933533402912345 0 0.6087614290087215
vn 0 -1 0
vn 0 1 0
vn -0.9238795325112871 0 0.3826834323650895
vn 0 -1 0
vn 0 1 0
vn -0.9914448613738103 0 0.13052619222005246
vn 0 -1 0
vn 0 1 0
usemtl m_74f865cf-804f-74ba-3be0-4405179d6612
f 4/1/1 6/2/1 5/3/1 3/4/1
f 3/5/2 5/6/2 1/7/2
f 6/8/3 4/9/3 2/10/3
f 6/11/4 8/12/4 7/13/4 5/14/4
f 5/15/5 7/16/5 1/17/5
f 8/18/6 6/19/6 2/20/6
f 8/21/7 10/22/7 9/23/7 7/24/7
f 7/25/8 9/26/8 1/27/8
f 10/28/9 8/29/9 2/30/9
f 10/31/10 12/32/10 11/33/10 9/34/10
f 9/35/11 11/36/11 1/37/11
f 12/38/12 10/39/12 2/40/12
f 12/41/13 14/42/13 13/43/13 11/44/13
f 11/45/14 13/46/14 1/47/14
f 14/48/15 12/49/15 2/50/15
f 14/51/16 16/52/16 15/53/16 13/54/16
f 13/55/17 15/56/17 1/57/17
f 16/58/18 14/59/18 2/60/18
f 16/61/19 18/62/19 17/63/19 15/64/19
f 15/65/20 17/66/20 1/67/20
f 18/68/21 16/69/21 2/70/21
f 18/71/22 20/72/22 19/73/22 17/74/22
f 17/75/23 19/76/23 1/77/23
f 20/78/24 18/79/24 2/80/24
f 20/81/25 22/82/25 21/83/25 19/84/25
f 19/85/26 21/86/26 1/87/26
f 22/88/27 20/89/27 2/90/27
f 22/91/28 24/92/28 23/93/28 21/94/28
f 21/95/29 23/96/29 1/97/29
f 24/98/30 22/99/30 2/100/30
f 24/101/31 26/102/31 25/103/31 23/104/31
f 23/105/32 25/106/32 1/107/32
f 26/108/33 24/109/33 2/110/33
f 26/111/34 28/112/34 27/113/34 25/114/34
f 25/115/35 27/116/35 1/117/35
f 28/118/36 26/119/36 2/120/36
f 28/121/37 30/122/37 29/123/37 27/124/37
f 27/125/38 29/126/38 1/127/38
f 30/128/39 28/129/39 2/130/39
f 30/131/40 32/132/40 31/133/40 29/134/40
f 29/135/41 31/136/41 1/137/41
f 32/138/42 30/139/42 2/140/42
f 32/141/43 34/142/43 33/143/43 31/144/43
f 31/145/44 33/146/44 1/147/44
f 34/148/45 32/149/45 2/150/45
f 34/151/46 36/152/46 35/153/46 33/154/46
f 33/155/47 35/156/47 1/157/47
f 36/158/48 34/159/48 2/160/48
f 36/161/49 38/162/49 37/163/49 35/164/49
f 35/165/50 37/166/50 1/167/50
f 38/168/51 36/169/51 2/170/51
f 38/171/52 40/172/52 39/173/52 37/174/52
f 37/175/53 39/176/53 1/177/53
f 40/178/54 38/179/54 2/180/54
f 40/181/55 42/182/55 41/183/55 39/184/55
f 39/185/56 41/186/56 1/187/56
f 42/188/57 40/189/57 2/190/57
f 42/191/58 44/192/58 43/193/58 41/194/58
f 41/195/59 43/196/59 1/197/59
f 44/198/60 42/199/60 2/200/60
f 44/201/61 46/202/61 45/203/61 43/204/61
f 43/205/62 45/206/62 1/207/62
f 46/208/63 44/209/63 2/210/63
f 46/211/64 48/212/64 47/213/64 45/214/64
f 45/215/65 47/216/65 1/217/65
f 48/218/66 46/219/66 2/220/66
f 48/221/67 50/222/67 49/223/67 47/224/67
f 47/225/68 49/226/68 1/227/68
f 50/228/69 48/229/69 2/230/69
f 50/231/70 4/232/70 3/233/70 49/234/70
f 49/235/71 3/236/71 1/237/71
f 4/238/72 50/239/72 2/240/72
o core_grip_top
v 0 1.13125 0
v 0 0.75 0
v 0.055473 1.13125 0
v 0.055473 0.75 0
v 0.05358280336173349 1.13125 0.014357468888972134
v 0.05358280336173349 0.75 0.014357468888972134
v 0.04804102722413417 1.13125 0.027736499999999997
v 0.04804102722413417 0.75 0.027736499999999997
v 0.03922533447276135 1.13125 0.03922533447276135
v 0.03922533447276135 0.75 0.03922533447276135
v 0.027736500000000008 1.13125 0.04804102722413416
v 0.027736500000000008 0.75 0.04804102722413416
v 0.014357468888972134 1.13125 0.05358280336173349
v 0.014357468888972134 0.75 0.05358280336173349
v 3.3967415944550562e-18 1.13125 0.055473
v 3.3967415944550562e-18 0.75 0.055473
v -0.014357468888972139 1.13125 0.05358280336173349
v -0.014357468888972139 0.75 0.05358280336173349
v -0.027736499999999987 1.13125 0.04804102722413417
v -0.027736499999999987 0.75 0.04804102722413417
v -0.03922533447276135 1.13125 0.03922533447276135
v -0.03922533447276135 0.75 0.03922533447276135
v -0.04804102722413417 1.13125 0.027736499999999997
v -0.04804102722413417 0.75 0.027736499999999997
v -0.05358280336173348 1.13125 0.01435746888897215
v -0.05358280336173348 0.75 0.01435746888897215
v -0.055473 1.13125 6.7934831889101125e-18
v -0.055473 0.75 6.7934831889101125e-18
v -0.053582803361733496 1.13125 -0.014357468888972111
v -0.053582803361733496 0.75 -0.014357468888972111
v -0.04804102722413416 1.13125 -0.027736500000000008
v -0.04804102722413416 0.75 -0.027736500000000008
v -0.03922533447276136 1.13125 -0.03922533447276135
v -0.03922533447276136 0.75 -0.03922533447276135
v -0.027736500000000025 1.13125 -0.04804102722413415
v -0.027736500000000025 0.75 -0.04804102722413415
v -0.014357468888972127 1.13125 -0.05358280336173349
v -0.014357468888972127 0.75 -0.05358280336173349
v -1.0190224783365168e-17 1.13125 -0.055473
v -1.0190224783365168e-17 0.75 -0.055473
v 0.01435746888897211 1.13125 -0.053582803361733496
v 0.01435746888897211 0.75 -0.053582803361733496
v 0.027736500000000008 1.13125 -0.04804102722413416
v 0.027736500000000008 0.75 -0.04804102722413416
v 0.039225334472761345 1.13125 -0.03922533447276136
v 0.039225334472761345 0.75 -0.03922533447276136
v 0.04804102722413415 1.13125 -0.027736500000000025
v 0.04804102722413415 0.75 -0.027736500000000025
v 0.05358280336173349 1.13125 -0.01435746888897213
v 0.05358280336173349 0.75 -0.01435746888897213
vt 0.5 0.5
vt 0.5 0.5
vt 0.5 0.5
vt 0.5 0.5
vt 0.5 0.5
vt 0.5 0.5
vt 0.5 0.5
vt 0.5 0.5
vt 0.5 0.5
vt 0.5 0.5
vt 0.5 0.5
vt 0.5 0.5
vt 0.5 0.5
vt 0.5 0.5
vt 0.5 0.5
vt 0.5 0.5
vt 0.5 0.5
vt 0.5 0.5
vt 0.5 0.5
vt 0.5 0.5
vt 0.5 0.5
vt 0.5 0.5
vt 0.5 0.5
vt 0.5 0.5
vt 0.5 0.5
vt 0.5 0.5
vt 0.5 0.5
vt 0.5 0.5
vt 0.5 0.5
vt 0.5 0.5
vt 0.5 0.5
vt 0.5 0.5
vt 0.5 0.5
vt 0.5 0.5
vt 0.5 0.5
vt 0.5 0.5
vt 0.5 0.5
vt 0.5 0.5
vt 0.5 0.5
vt 0.5 0.5
vt 0.5 0.5
vt 0.5 0.5
vt 0.5 0.5
vt 0.5 0.5
vt 0.5 0.5
vt 0.5 0.5
vt 0.5 0.5
vt 0.5 0.5
vt 0.5 0.5
vt 0.5 0.5
vt 0.5 0.5
vt 0.5 0.5
vt 0.5 0.5
vt 0.5 0.5
vt 0.5 0.5
vt 0.5 0.5
vt 0.5 0.5
vt 0.5 0.5
vt 0.5 0.5
vt 0.5 0.5
vt 0.5 0.5
vt 0.5 0.5
vt 0.5 0.5
vt 0.5 0.5
vt 0.5 0.5
vt 0.5 0.5
vt 0.5 0.5
vt 0.5 0.5
vt 0.5 0.5
vt 0.5 0.5
vt 0.5 0.5
vt 0.5 0.5
vt 0.5 0.5
vt 0.5 0.5
vt 0.5 0.5
vt 0.5 0.5
vt 0.5 0.5
vt 0.5 0.5
vt 0.5 0.5
vt 0.5 0.5
vt 0.5 0.5
vt 0.5 0.5
vt 0.5 0.5
vt 0.5 0.5
vt 0.5 0.5
vt 0.5 0.5
vt 0.5 0.5
vt 0.5 0.5
vt 0.5 0.5
vt 0.5 0.5
vt 0.5 0.5
vt 0.5 0.5
vt 0.5 0.5
vt 0.5 0.5
vt 0.5 0.5
vt 0.5 0.5
vt 0.5 0.5
vt 0.5 0.5
vt 0.5 0.5
vt 0.5 0.5
vt 0.5 0.5
vt 0.5 0.5
vt 0.5 0.5
vt 0.5 0.5
vt 0.5 0.5
vt 0.5 0.5
vt 0.5 0.5
vt 0.5 0.5
vt 0.5 0.5
vt 0.5 0.5
vt 0.5 0.5
vt 0.5 0.5
vt 0.5 0.5
vt 0.5 0.5
vt 0.5 0.5
vt 0.5 0.5
vt 0.5 0.5
vt 0.5 0.5
vt 0.5 0.5
vt 0.5 0.5
vt 0.5 0.5
vt 0.5 0.5
vt 0.5 0.5
vt 0.5 0.5
vt 0.5 0.5
vt 0.5 0.5
vt 0.5 0.5
vt 0.5 0.5
vt 0.5 0.5
vt 0.5 0.5
vt 0.5 0.5
vt 0.5 0.5
vt 0.5 0.5
vt 0.5 0.5
vt 0.5 0.5
vt 0.5 0.5
vt 0.5 0.5
vt 0.5 0.5
vt 0.5 0.5
vt 0.5 0.5
vt 0.5 0.5
vt 0.5 0.5
vt 0.5 0.5
vt 0.5 0.5
vt 0.5 0.5
vt 0.5 0.5
vt 0.5 0.5
vt 0.5 0.5
vt 0.5 0.5
vt 0.5 0.5
vt 0.5 0.5
vt 0.5 0.5
vt 0.5 0.5
vt 0.5 0.5
vt 0.5 0.5
vt 0.5 0.5
vt 0.5 0.5
vt 0.5 0.5
vt 0.5 0.5
vt 0.5 0.5
vt 0.5 0.5
vt 0.5 0.5
vt 0.5 0.5
vt 0.5 0.5
vt 0.5 0.5
vt 0.5 0.5
vt 0.5 0.5
vt 0.5 0.5
vt 0.5 0.5
vt 0.5 0.5
vt 0.5 0.5
vt 0.5 0.5
vt 0.5 0.5
vt 0.5 0.5
vt 0.5 0.5
vt 0.5 0.5
vt 0.5 0.5
vt 0.5 0.5
vt 0.5 0.5
vt 0.5 0.5
vt 0.5 0.5
vt 0.5 0.5
vt 0.5 0.5
vt 0.5 0.5
vt 0.5 0.5
vt 0.5 0.5
vt 0.5 0.5
vt 0.5 0.5
vt 0.5 0.5
vt 0.5 0.5
vt 0.5 0.5
vt 0.5 0.5
vt 0.5 0.5
vt 0.5 0.5
vt 0.5 0.5
vt 0.5 0.5
vt 0.5 0.5
vt 0.5 0.5
vt 0.5 0.5
vt 0.5 0.5
vt 0.5 0.5
vt 0.5 0.5
vt 0.5 0.5
vt 0.5 0.5
vt 0.5 0.5
vt 0.5 0.5
vt 0.5 0.5
vt 0.5 0.5
vt 0.5 0.5
vt 0.5 0.5
vt 0.5 0.5
vt 0.5 0.5
vt 0.5 0.5
vt 0.5 0.5
vt 0.5 0.5
vt 0.5 0.5
vt 0.5 0.5
vt 0.5 0.5
vt 0.5 0.5
vt 0.5 0.5
vt 0.5 0.5
vt 0.5 0.5
vt 0.5 0.5
vt 0.5 0.5
vt 0.5 0.5
vt 0.5 0.5
vt 0.5 0.5
vt 0.5 0.5
vt 0.5 0.5
vt 0.5 0.5
vt 0.5 0.5
vt 0.5 0.5
vt 0.5 0.5
vt 0.5 0.5
vt 0.5 0.5
vt 0.5 0.5
vt 0.5 0.5
vt 0.5 0.5
vt 0.5 0.5
vt 0.5 0.5
vn -0.9914448613738106 0 -0.13052619222005146
vn 0 -1 0
vn 0 1 0
vn -0.9238795325112868 0 -0.3826834323650897
vn 0 -1 0
vn 0 1 0
vn -0.7933533402912353 0 -0.6087614290087208
vn 0 -1 0
vn 0 1 0
vn -0.6087614290087208 0 -0.793353340291235
vn 0 -1 0
vn 0 1 0
vn -0.3826834323650899 0 -0.9238795325112867
vn 0 -1 0
vn 0 1 0
vn -0.13052619222005152 0 -0.9914448613738106
vn 0 -1 0
vn 0 1 0
vn 0.1305261922200514 0 -0.9914448613738106
vn 0 -1 0
vn 0 1 0
vn 0.3826834323650901 0 -0.9238795325112866
vn 0 -1 0
vn 0 1 0
vn 0.6087614290087204 0 -0.7933533402912355
vn 0 -1 0
vn 0 1 0
vn 0.7933533402912353 0 -0.6087614290087208
vn 0 -1 0
vn 0 1 0
vn 0.923879532511287 0 -0.3826834323650898
vn 0 -1 0
vn 0 1 0
vn 0.9914448613738104 0 -0.13052619222005188
vn 0 -1 0
vn 0 1 0
vn 0.9914448613738106 0 0.13052619222005113
vn 0 -1 0
vn 0 1 0
vn 0.9238795325112868 0 0.3826834323650899
vn 0 -1 0
vn 0 1 0
vn 0.7933533402912353 0 0.6087614290087204
vn 0 -1 0
vn 0 1 0
vn 0.6087614290087204 0 0.7933533402912353
vn 0 -1 0
vn 0 1 0
vn 0.3826834323650903 0 0.9238795325112867
vn 0 -1 0
vn 0 1 0
vn 0.1305261922200516 0 0.9914448613738104
vn 0 -1 0
vn 0 1 0
vn -0.13052619222005113 0 0.9914448613738106
vn 0 -1 0
vn 0 1 0
vn -0.3826834323650897 0 0.9238795325112867
vn 0 -1 0
vn 0 1 0
vn -0.6087614290087208 0 0.7933533402912352
vn 0 -1 0
vn 0 1 0
vn -0.793353340291235 0 0.6087614290087208
vn 0 -1 0
vn 0 1 0
vn -0.9238795325112867 0 0.3826834323650904
vn 0 -1 0
vn 0 1 0
vn -0.9914448613738106 0 0.13052619222005152
vn 0 -1 0
vn 0 1 0
usemtl m_74f865cf-804f-74ba-3be0-4405179d6612
f 54/241/73 56/242/73 55/243/73 53/244/73
f 53/245/74 55/246/74 51/247/74
f 56/248/75 54/249/75 52/250/75
f 56/251/76 58/252/76 57/253/76 55/254/76
f 55/255/77 57/256/77 51/257/77
f 58/258/78 56/259/78 52/260/78
f 58/261/79 60/262/79 59/263/79 57/264/79
f 57/265/80 59/266/80 51/267/80
f 60/268/81 58/269/81 52/270/81
f 60/271/82 62/272/82 61/273/82 59/274/82
f 59/275/83 61/276/83 51/277/83
f 62/278/84 60/279/84 52/280/84
f 62/281/85 64/282/85 63/283/85 61/284/85
f 61/285/86 63/286/86 51/287/86
f 64/288/87 62/289/87 52/290/87
f 64/291/88 66/292/88 65/293/88 63/294/88
f 63/295/89 65/296/89 51/297/89
f 66/298/90 64/299/90 52/300/90
f 66/301/91 68/302/91 67/303/91 65/304/91
f 65/305/92 67/306/92 51/307/92
f 68/308/93 66/309/93 52/310/93
f 68/311/94 70/312/94 69/313/94 67/314/94
f 67/315/95 69/316/95 51/317/95
f 70/318/96 68/319/96 52/320/96
f 70/321/97 72/322/97 71/323/97 69/324/97
f 69/325/98 71/326/98 51/327/98
f 72/328/99 70/329/99 52/330/99
f 72/331/100 74/332/100 73/333/100 71/334/100
f 71/335/101 73/336/101 51/337/101
f 74/338/102 72/339/102 52/340/102
f 74/341/103 76/342/103 75/343/103 73/344/103
f 73/345/104 75/346/104 51/347/104
f 76/348/105 74/349/105 52/350/105
f 76/351/106 78/352/106 77/353/106 75/354/106
f 75/355/107 77/356/107 51/357/107
f 78/358/108 76/359/108 52/360/108
f 78/361/109 80/362/109 79/363/109 77/364/109
f 77/365/110 79/366/110 51/367/110
f 80/368/111 78/369/111 52/370/111
f 80/371/112 82/372/112 81/373/112 79/374/112
f 79/375/113 81/376/113 51/377/113
f 82/378/114 80/379/114 52/380/114
f 82/381/115 84/382/115 83/383/115 81/384/115
f 81/385/116 83/386/116 51/387/116
f 84/388/117 82/389/117 52/390/117
f 84/391/118 86/392/118 85/393/118 83/394/118
f 83/395/119 85/396/119 51/397/119
f 86/398/120 84/399/120 52/400/120
f 86/401/121 88/402/121 87/403/121 85/404/121
f 85/405/122 87/406/122 51/407/122
f 88/408/123 86/409/123 52/410/123
f 88/411/124 90/412/124 89/413/124 87/414/124
f 87/415/125 89/416/125 51/417/125
f 90/418/126 88/419/126 52/420/126
f 90/421/127 92/422/127 91/423/127 89/424/127
f 89/425/128 91/426/128 51/427/128
f 92/428/129 90/429/129 52/430/129
f 92/431/130 94/432/130 93/433/130 91/434/130
f 91/435/131 93/436/131 51/437/131
f 94/438/132 92/439/132 52/440/132
f 94/441/133 96/442/133 95/443/133 93/444/133
f 93/445/134 95/446/134 51/447/134
f 96/448/135 94/449/135 52/450/135
f 96/451/136 98/452/136 97/453/136 95/454/136
f 95/455/137 97/456/137 51/457/137
f 98/458/138 96/459/138 52/460/138
f 98/461/139 100/462/139 99/463/139 97/464/139
f 97/465/140 99/466/140 51/467/140
f 100/468/141 98/469/141 52/470/141
f 100/471/142 54/472/142 53/473/142 99/474/142
f 99/475/143 53/476/143 51/477/143
f 54/478/144 100/479/144 52/480/144
o grip_lower
v 0 -0.21875 0
v 0 -1.40625 0
v 0.07026579999999999 -0.21875 0
v 0.07026579999999999 -1.40625 0
v 0.0678715509248624 -0.21875 0.0181861272593647
v 0.0678715509248624 -1.40625 0.0181861272593647
v 0.06085196781723661 -0.21875 0.03513289999999999
v 0.06085196781723661 -1.40625 0.03513289999999999
v 0.04968542366549771 -0.21875 0.0496854236654977
v 0.04968542366549771 -1.40625 0.0496854236654977
v 0.0351329 -0.21875 0.060851967817236605
v 0.0351329 -1.40625 0.060851967817236605
v 0.0181861272593647 -0.21875 0.0678715509248624
v 0.0181861272593647 -1.40625 0.0678715509248624
v 4.302539352976403e-18 -0.21875 0.07026579999999999
v 4.302539352976403e-18 -1.40625 0.07026579999999999
v -0.018186127259364707 -0.21875 0.0678715509248624
v -0.018186127259364707 -1.40625 0.0678715509248624
v -0.03513289999999998 -0.21875 0.06085196781723661
v -0.03513289999999998 -1.40625 0.06085196781723661
v -0.0496854236654977 -0.21875 0.04968542366549771
v -0.0496854236654977 -1.40625 0.04968542366549771
v -0.06085196781723661 -0.21875 0.03513289999999999
v -0.06085196781723661 -1.40625 0.03513289999999999
v -0.0678715509248624 -0.21875 0.018186127259364717
v -0.0678715509248624 -1.40625 0.018186127259364717
v -0.07026579999999999 -0.21875 8.605078705952806e-18
v -0.07026579999999999 -1.40625 8.605078705952806e-18
v -0.06787155092486241 -0.21875 -0.018186127259364672
v -0.06787155092486241 -1.40625 -0.018186127259364672
v -0.060851967817236605 -0.21875 -0.0351329
v -0.060851967817236605 -1.40625 -0.0351329
v -0.04968542366549771 -0.21875 -0.0496854236654977
v -0.04968542366549771 -1.40625 -0.0496854236654977
v -0.03513290000000003 -0.21875 -0.06085196781723658
v -0.03513290000000003 -1.40625 -0.06085196781723658
v -0.018186127259364693 -0.21875 -0.0678715509248624
v -0.018186127259364693 -1.40625 -0.0678715509248624
v -1.290761805892921e-17 -0.21875 -0.07026579999999999
v -1.290761805892921e-17 -1.40625 -0.07026579999999999
v 0.01818612725936467 -0.21875 -0.06787155092486241
v 0.01818612725936467 -1.40625 -0.06787155092486241
v 0.0351329 -0.21875 -0.060851967817236605
v 0.0351329 -1.40625 -0.060851967817236605
v 0.04968542366549769 -0.21875 -0.04968542366549771
v 0.04968542366549769 -1.40625 -0.04968542366549771
v 0.06085196781723658 -0.21875 -0.03513290000000003
v 0.06085196781723658 -1.40625 -0.03513290000000003
v 0.0678715509248624 -0.21875 -0.018186127259364693
v 0.0678715509248624 -1.40625 -0.018186127259364693
vt 0.5 0.5
vt 0.5 0.5
vt 0.5 0.5
vt 0.5 0.5
vt 0.5 0.5
vt 0.5 0.5
vt 0.5 0.5
vt 0.5 0.5
vt 0.5 0.5
vt 0.5 0.5
vt 0.5 0.5
vt 0.5 0.5
vt 0.5 0.5
vt 0.5 0.5
vt 0.5 0.5
vt 0.5 0.5
vt 0.5 0.5
vt 0.5 0.5
vt 0.5 0.5
vt 0.5 0.5
vt 0.5 0.5
vt 0.5 0.5
vt 0.5 0.5
vt 0.5 0.5
vt 0.5 0.5
vt 0.5 0.5
vt 0.5 0.5
vt 0.5 0.5
vt 0.5 0.5
vt 0.5 0.5
vt 0.5 0.5
vt 0.5 0.5
vt 0.5 0.5
vt 0.5 0.5
vt 0.5 0.5
vt 0.5 0.5
vt 0.5 0.5
vt 0.5 0.5
vt 0.5 0.5
vt 0.5 0.5
vt 0.5 0.5
vt 0.5 0.5
vt 0.5 0.5
vt 0.5 0.5
vt 0.5 0.5
vt 0.5 0.5
vt 0.5 0.5
vt 0.5 0.5
vt 0.5 0.5
vt 0.5 0.5
vt 0.5 0.5
vt 0.5 0.5
vt 0.5 0.5
vt 0.5 0.5
vt 0.5 0.5
vt 0.5 0.5
vt 0.5 0.5
vt 0.5 0.5
vt 0.5 0.5
vt 0.5 0.5
vt 0.5 0.5
vt 0.5 0.5
vt 0.5 0.5
vt 0.5 0.5
vt 0.5 0.5
vt 0.5 0.5
vt 0.5 0.5
vt 0.5 0.5
vt 0.5 0.5
vt 0.5 0.5
vt 0.5 0.5
vt 0.5 0.5
vt 0.5 0.5
vt 0.5 0.5
vt 0.5 0.5
vt 0.5 0.5
vt 0.5 0.5
vt 0.5 0.5
vt 0.5 0.5
vt 0.5 0.5
vt 0.5 0.5
vt 0.5 0.5
vt 0.5 0.5
vt 0.5 0.5
vt 0.5 0.5
vt 0.5 0.5
vt 0.5 0.5
vt 0.5 0.5
vt 0.5 0.5
vt 0.5 0.5
vt 0.5 0.5
vt 0.5 0.5
vt 0.5 0.5
vt 0.5 0.5
vt 0.5 0.5
vt 0.5 0.5
vt 0.5 0.5
vt 0.5 0.5
vt 0.5 0.5
vt 0.5 0.5
vt 0.5 0.5
vt 0.5 0.5
vt 0.5 0.5
vt 0.5 0.5
vt 0.5 0.5
vt 0.5 0.5
vt 0.5 0.5
vt 0.5 0.5
vt 0.5 0.5
vt 0.5 0.5
vt 0.5 0.5
vt 0.5 0.5
vt 0.5 0.5
vt 0.5 0.5
vt 0.5 0.5
vt 0.5 0.5
vt 0.5 0.5
vt 0.5 0.5
vt 0.5 0.5
vt 0.5 0.5
vt 0.5 0.5
vt 0.5 0.5
vt 0.5 0.5
vt 0.5 0.5
vt 0.5 0.5
vt 0.5 0.5
vt 0.5 0.5
vt 0.5 0.5
vt 0.5 0.5
vt 0.5 0.5
vt 0.5 0.5
vt 0.5 0.5
vt 0.5 0.5
vt 0.5 0.5
vt 0.5 0.5
vt 0.5 0.5
vt 0.5 0.5
vt 0.5 0.5
vt 0.5 0.5
vt 0.5 0.5
vt 0.5 0.5
vt 0.5 0.5
vt 0.5 0.5
vt 0.5 0.5
vt 0.5 0.5
vt 0.5 0.5
vt 0.5 0.5
vt 0.5 0.5
vt 0.5 0.5
vt 0.5 0.5
vt 0.5 0.5
vt 0.5 0.5
vt 0.5 0.5
vt 0.5 0.5
vt 0.5 0.5
vt 0.5 0.5
vt 0.5 0.5
vt 0.5 0.5
vt 0.5 0.5
vt 0.5 0.5
vt 0.5 0.5
vt 0.5 0.5
vt 0.5 0.5
vt 0.5 0.5
vt 0.5 0.5
vt 0.5 0.5
vt 0.5 0.5
vt 0.5 0.5
vt 0.5 0.5
vt 0.5 0.5
vt 0.5 0.5
vt 0.5 0.5
vt 0.5 0.5
vt 0.5 0.5
vt 0.5 0.5
vt 0.5 0.5
vt 0.5 0.5
vt 0.5 0.5
vt 0.5 0.5
vt 0.5 0.5
vt 0.5 0.5
vt 0.5 0.5
vt 0.5 0.5
vt 0.5 0.5
vt 0.5 0.5
vt 0.5 0.5
vt 0.5 0.5
vt 0.5 0.5
vt 0.5 0.5
vt 0.5 0.5
vt 0.5 0.5
vt 0.5 0.5
vt 0.5 0.5
vt 0.5 0.5
vt 0.5 0.5
vt 0.5 0.5
vt 0.5 0.5
vt 0.5 0.5
vt 0.5 0.5
vt 0.5 0.5
vt 0.5 0.5
vt 0.5 0.5
vt 0.5 0.5
vt 0.5 0.5
vt 0.5 0.5
vt 0.5 0.5
vt 0.5 0.5
vt 0.5 0.5
vt 0.5 0.5
vt 0.5 0.5
vt 0.5 0.5
vt 0.5 0.5
vt 0.5 0.5
vt 0.5 0.5
vt 0.5 0.5
vt 0.5 0.5
vt 0.5 0.5
vt 0.5 0.5
vt 0.5 0.5
vt 0.5 0.5
vt 0.5 0.5
vt 0.5 0.5
vt 0.5 0.5
vt 0.5 0.5
vt 0.5 0.5
vt 0.5 0.5
vt 0.5 0.5
vt 0.5 0.5
vt 0.5 0.5
vt 0.5 0.5
vt 0.5 0.5
vt 0.5 0.5
vt 0.5 0.5
vt 0.5 0.5
vt 0.5 0.5
vt 0.5 0.5
vt 0.5 0.5
vt 0.5 0.5
vt 0.5 0.5
vt 0.5 0.5
vn -0.9914448613738104 0 -0.13052619222005193
vn 0 -1 0
vn 0 1 0
vn -0.9238795325112871 0 -0.382683432365089
vn 0 -1 0
vn 0 1 0
vn -0.7933533402912353 0 -0.6087614290087208
vn 0 -1 0
vn 0 1 0
vn -0.608761429008721 0 -0.7933533402912349
vn 0 -1 0
vn 0 1 0
vn -0.38268343236508917 0 -0.9238795325112872
vn 0 -1 0
vn 0 1 0
vn -0.13052619222005196 0 -0.9914448613738104
vn 0 -1 0
vn 0 1 0
vn 0.13052619222005185 0 -0.9914448613738104
vn 0 -1 0
vn 0 1 0
vn 0.38268343236508934 0 -0.9238795325112871
vn 0 -1 0
vn 0 1 0
vn 0.6087614290087205 0 -0.7933533402912353
vn 0 -1 0
vn 0 1 0
vn 0.7933533402912349 0 -0.6087614290087209
vn 0 -1 0
vn 0 1 0
vn 0.923879532511287 0 -0.3826834323650894
vn 0 -1 0
vn 0 1 0
vn 0.9914448613738104 0 -0.13052619222005185
vn 0 -1 0
vn 0 1 0
vn 0.9914448613738105 0 0.13052619222005135
vn 0 -1 0
vn 0 1 0
vn 0.923879532511287 0 0.3826834323650892
vn 0 -1 0
vn 0 1 0
vn 0.793353340291235 0 0.6087614290087209
vn 0 -1 0
vn 0 1 0
vn 0.6087614290087208 0 0.793353340291235
vn 0 -1 0
vn 0 1 0
vn 0.3826834323650898 0 0.9238795325112868
vn 0 -1 0
vn 0 1 0
vn 0.13052619222005213 0 0.9914448613738105
vn 0 -1 0
vn 0 1 0
vn -0.13052619222005132 0 0.9914448613738105
vn 0 -1 0
vn 0 1 0
vn -0.38268343236508917 0 0.923879532511287
vn 0 -1 0
vn 0 1 0
vn -0.608761429008721 0 0.793353340291235
vn 0 -1 0
vn 0 1 0
vn -0.7933533402912349 0 0.608761429008721
vn 0 -1 0
vn 0 1 0
vn -0.9238795325112868 0 0.3826834323650898
vn 0 -1 0
vn 0 1 0
vn -0.9914448613738104 0 0.130526192220052
vn 0 -1 0
vn 0 1 0
usemtl m_de0b28b6-39c5-7d23-e87e-f5e89dc62af8
f 104/481/145 106/482/145 105/483/145 103/484/145
f 103/485/146 105/486/146 101/487/146
f 106/488/147 104/489/147 102/490/147
f 106/491/148 108/492/148 107/493/148 105/494/148
f 105/495/149 107/496/149 101/497/149
f 108/498/150 106/499/150 102/500/150
f 108/501/151 110/502/151 109/503/151 107/504/151
f 107/505/152 109/506/152 101/507/152
f 110/508/153 108/509/153 102/510/153
f 110/511/154 112/512/154 111/513/154 109/514/154
f 109/515/155 111/516/155 101/517/155
f 112/518/156 110/519/156 102/520/156
f 112/521/157 114/522/157 113/523/157 111/524/157
f 111/525/158 113/526/158 101/527/158
f 114/528/159 112/529/159 102/530/159
f 114/531/160 116/532/160 115/533/160 113/534/160
f 113/535/161 115/536/161 101/537/161
f 116/538/162 114/539/162 102/540/162
f 116/541/163 118/542/163 117/543/163 115/544/163
f 115/545/164 117/546/164 101/547/164
f 118/548/165 116/549/165 102/550/165
f 118/551/166 120/552/166 119/553/166 117/554/166
f 117/555/167 119/556/167 101/557/167
f 120/558/168 118/559/168 102/560/168
f 120/561/169 122/562/169 121/563/169 119/564/169
f 119/565/170 121/566/170 101/567/170
f 122/568/171 120/569/171 102/570/171
f 122/571/172 124/572/172 123/573/172 121/574/172
f 121/575/173 123/576/173 101/577/173
f 124/578/174 122/579/174 102/580/174
f 124/581/175 126/582/175 125/583/175 123/584/175
f 123/585/176 125/586/176 101/587/176
f 126/588/177 124/589/177 102/590/177
f 126/591/178 128/592/178 127/593/178 125/594/178
f 125/595/179 127/596/179 101/597/179
f 128/598/180 126/599/180 102/600/180
f 128/601/181 130/602/181 129/603/181 127/604/181
f 127/605/182 129/606/182 101/607/182
f 130/608/183 128/609/183 102/610/183
f 130/611/184 132/612/184 131/613/184 129/614/184
f 129/615/185 131/616/185 101/617/185
f 132/618/186 130/619/186 102/620/186
f 132/621/187 134/622/187 133/623/187 131/624/187
f 131/625/188 133/626/188 101/627/188
f 134/628/189 132/629/189 102/630/189
f 134/631/190 136/632/190 135/633/190 133/634/190
f 133/635/191 135/636/191 101/637/191
f 136/638/192 134/639/192 102/640/192
f 136/641/193 138/642/193 137/643/193 135/644/193
f 135/645/194 137/646/194 101/647/194
f 138/648/195 136/649/195 102/650/195
f 138/651/196 140/652/196 139/653/196 137/654/196
f 137/655/197 139/656/197 101/657/197
f 140/658/198 138/659/198 102/660/198
f 140/661/199 142/662/199 141/663/199 139/664/199
f 139/665/200 141/666/200 101/667/200
f 142/668/201 140/669/201 102/670/201
f 142/671/202 144/672/202 143/673/202 141/674/202
f 141/675/203 143/676/203 101/677/203
f 144/678/204 142/679/204 102/680/204
f 144/681/205 146/682/205 145/683/205 143/684/205
f 143/685/206 145/686/206 101/687/206
f 146/688/207 144/689/207 102/690/207
f 146/691/208 148/692/208 147/693/208 145/694/208
f 145/695/209 147/696/209 101/697/209
f 148/698/210 146/699/210 102/700/210
f 148/701/211 150/702/211 149/703/211 147/704/211
f 147/705/212 149/706/212 101/707/212
f 150/708/213 148/709/213 102/710/213
f 150/711/214 104/712/214 103/713/214 149/714/214
f 149/715/215 103/716/215 101/717/215
f 104/718/216 150/719/216 102/720/216
o grip_upper
v 0 1.09375 0
v 0 -0.09375 0
v 0.07026579999999999 1.09375 0
v 0.07026579999999999 -0.09375 0
v 0.0678715509248624 1.09375 0.0181861272593647
v 0.0678715509248624 -0.09375 0.0181861272593647
v 0.06085196781723661 1.09375 0.03513289999999999
v 0.06085196781723661 -0.09375 0.03513289999999999
v 0.04968542366549771 1.09375 0.0496854236654977
v 0.04968542366549771 -0.09375 0.0496854236654977
v 0.0351329 1.09375 0.060851967817236605
v 0.0351329 -0.09375 0.060851967817236605
v 0.0181861272593647 1.09375 0.0678715509248624
v 0.0181861272593647 -0.09375 0.0678715509248624
v 4.302539352976403e-18 1.09375 0.07026579999999999
v 4.302539352976403e-18 -0.09375 0.07026579999999999
v -0.018186127259364707 1.09375 0.0678715509248624
v -0.018186127259364707 -0.09375 0.0678715509248624
v -0.03513289999999998 1.09375 0.06085196781723661
v -0.03513289999999998 -0.09375 0.06085196781723661
v -0.0496854236654977 1.09375 0.04968542366549771
v -0.0496854236654977 -0.09375 0.04968542366549771
v -0.06085196781723661 1.09375 0.03513289999999999
v -0.06085196781723661 -0.09375 0.03513289999999999
v -0.0678715509248624 1.09375 0.018186127259364717
v -0.0678715509248624 -0.09375 0.018186127259364717
v -0.07026579999999999 1.09375 8.605078705952806e-18
v -0.07026579999999999 -0.09375 8.605078705952806e-18
v -0.06787155092486241 1.09375 -0.018186127259364672
v -0.06787155092486241 -0.09375 -0.018186127259364672
v -0.060851967817236605 1.09375 -0.0351329
v -0.060851967817236605 -0.09375 -0.0351329
v -0.04968542366549771 1.09375 -0.0496854236654977
v -0.04968542366549771 -0.09375 -0.0496854236654977
v -0.03513290000000003 1.09375 -0.06085196781723658
v -0.03513290000000003 -0.09375 -0.06085196781723658
v -0.018186127259364693 1.09375 -0.0678715509248624
v -0.018186127259364693 -0.09375 -0.0678715509248624
v -1.290761805892921e-17 1.09375 -0.07026579999999999
v -1.290761805892921e-17 -0.09375 -0.07026579999999999
v 0.01818612725936467 1.09375 -0.06787155092486241
v 0.01818612725936467 -0.09375 -0.06787155092486241
v 0.0351329 1.09375 -0.060851967817236605
v 0.0351329 -0.09375 -0.060851967817236605
v 0.04968542366549769 1.09375 -0.04968542366549771
v 0.04968542366549769 -0.09375 -0.04968542366549771
v 0.06085196781723658 1.09375 -0.03513290000000003
v 0.06085196781723658 -0.09375 -0.03513290000000003
v 0.0678715509248624 1.09375 -0.018186127259364693
v 0.0678715509248624 -0.09375 -0.018186127259364693
vt 0.5 0.5
vt 0.5 0.5
vt 0.5 0.5
vt 0.5 0.5
vt 0.5 0.5
vt 0.5 0.5
vt 0.5 0.5
vt 0.5 0.5
vt 0.5 0.5
vt 0.5 0.5
vt 0.5 0.5
vt 0.5 0.5
vt 0.5 0.5
vt 0.5 0.5
vt 0.5 0.5
vt 0.5 0.5
vt 0.5 0.5
vt 0.5 0.5
vt 0.5 0.5
vt 0.5 0.5
vt 0.5 0.5
vt 0.5 0.5
vt 0.5 0.5
vt 0.5 0.5
vt 0.5 0.5
vt 0.5 0.5
vt 0.5 0.5
vt 0.5 0.5
vt 0.5 0.5
vt 0.5 0.5
vt 0.5 0.5
vt 0.5 0.5
vt 0.5 0.5
vt 0.5 0.5
vt 0.5 0.5
vt 0.5 0.5
vt 0.5 0.5
vt 0.5 0.5
vt 0.5 0.5
vt 0.5 0.5
vt 0.5 0.5
vt 0.5 0.5
vt 0.5 0.5
vt 0.5 0.5
vt 0.5 0.5
vt 0.5 0.5
vt 0.5 0.5
vt 0.5 0.5
vt 0.5 0.5
vt 0.5 0.5
vt 0.5 0.5
vt 0.5 0.5
vt 0.5 0.5
vt 0.5 0.5
vt 0.5 0.5
vt 0.5 0.5
vt 0.5 0.5
vt 0.5 0.5
vt 0.5 0.5
vt 0.5 0.5
vt 0.5 0.5
vt 0.5 0.5
vt 0.5 0.5
vt 0.5 0.5
vt 0.5 0.5
vt 0.5 0.5
vt 0.5 0.5
vt 0.5 0.5
vt 0.5 0.5
vt 0.5 0.5
vt 0.5 0.5
vt 0.5 0.5
vt 0.5 0.5
vt 0.5 0.5
vt 0.5 0.5
vt 0.5 0.5
vt 0.5 0.5
vt 0.5 0.5
vt 0.5 0.5
vt 0.5 0.5
vt 0.5 0.5
vt 0.5 0.5
vt 0.5 0.5
vt 0.5 0.5
vt 0.5 0.5
vt 0.5 0.5
vt 0.5 0.5
vt 0.5 0.5
vt 0.5 0.5
vt 0.5 0.5
vt 0.5 0.5
vt 0.5 0.5
vt 0.5 0.5
vt 0.5 0.5
vt 0.5 0.5
vt 0.5 0.5
vt 0.5 0.5
vt 0.5 0.5
vt 0.5 0.5
vt 0.5 0.5
vt 0.5 0.5
vt 0.5 0.5
vt 0.5 0.5
vt 0.5 0.5
vt 0.5 0.5
vt 0.5 0.5
vt 0.5 0.5
vt 0.5 0.5
vt 0.5 0.5
vt 0.5 0.5
vt 0.5 0.5
vt 0.5 0.5
vt 0.5 0.5
vt 0.5 0.5
vt 0.5 0.5
vt 0.5 0.5
vt 0.5 0.5
vt 0.5 0.5
vt 0.5 0.5
vt 0.5 0.5
vt 0.5 0.5
vt 0.5 0.5
vt 0.5 0.5
vt 0.5 0.5
vt 0.5 0.5
vt 0.5 0.5
vt 0.5 0.5
vt 0.5 0.5
vt 0.5 0.5
vt 0.5 0.5
vt 0.5 0.5
vt 0.5 0.5
vt 0.5 0.5
vt 0.5 0.5
vt 0.5 0.5
vt 0.5 0.5
vt 0.5 0.5
vt 0.5 0.5
vt 0.5 0.5
vt 0.5 0.5
vt 0.5 0.5
vt 0.5 0.5
vt 0.5 0.5
vt 0.5 0.5
vt 0.5 0.5
vt 0.5 0.5
vt 0.5 0.5
vt 0.5 0.5
vt 0.5 0.5
vt 0.5 0.5
vt 0.5 0.5
vt 0.5 0.5
vt 0.5 0.5
vt 0.5 0.5
vt 0.5 0.5
vt 0.5 0.5
vt 0.5 0.5
vt 0.5 0.5
vt 0.5 0.5
vt 0.5 0.5
vt 0.5 0.5
vt 0.5 0.5
vt 0.5 0.5
vt 0.5 0.5
vt 0.5 0.5
vt 0.5 0.5
vt 0.5 0.5
vt 0.5 0.5
vt 0.5 0.5
vt 0.5 0.5
vt 0.5 0.5
vt 0.5 0.5
vt 0.5 0.5
vt 0.5 0.5
vt 0.5 0.5
vt 0.5 0.5
vt 0.5 0.5
vt 0.5 0.5
vt 0.5 0.5
vt 0.5 0.5
vt 0.5 0.5
vt 0.5 0.5
vt 0.5 0.5
vt 0.5 0.5
vt 0.5 0.5
vt 0.5 0.5
vt 0.5 0.5
vt 0.5 0.5
vt 0.5 0.5
vt 0.5 0.5
vt 0.5 0.5
vt 0.5 0.5
vt 0.5 0.5
vt 0.5 0.5
vt 0.5 0.5
vt 0.5 0.5
vt 0.5 0.5
vt 0.5 0.5
vt 0.5 0.5
vt 0.5 0.5
vt 0.5 0.5
vt 0.5 0.5
vt 0.5 0.5
vt 0.5 0.5
vt 0.5 0.5
vt 0.5 0.5
vt 0.5 0.5
vt 0.5 0.5
vt 0.5 0.5
vt 0.5 0.5
vt 0.5 0.5
vt 0.5 0.5
vt 0.5 0.5
vt 0.5 0.5
vt 0.5 0.5
vt 0.5 0.5
vt 0.5 0.5
vt 0.5 0.5
vt 0.5 0.5
vt 0.5 0.5
vt 0.5 0.5
vt 0.5 0.5
vt 0.5 0.5
vt 0.5 0.5
vt 0.5 0.5
vt 0.5 0.5
vt 0.5 0.5
vt 0.5 0.5
vt 0.5 0.5
vt 0.5 0.5
vt 0.5 0.5
vt 0.5 0.5
vt 0.5 0.5
vt 0.5 0.5
vt 0.5 0.5
vt 0.5 0.5
vt 0.5 0.5
vt 0.5 0.5
vt 0.5 0.5
vt 0.5 0.5
vn -0.9914448613738104 0 -0.13052619222005193
vn 0 -1 0
vn 0 1 0
vn -0.9238795325112871 0 -0.382683432365089
vn 0 -1 0
vn 0 1 0
vn -0.7933533402912353 0 -0.6087614290087208
vn 0 -1 0
vn 0 1 0
vn -0.608761429008721 0 -0.7933533402912349
vn 0 -1 0
vn 0 1 0
vn -0.38268343236508917 0 -0.9238795325112872
vn 0 -1 0
vn 0 1 0
vn -0.13052619222005196 0 -0.9914448613738104
vn 0 -1 0
vn 0 1 0
vn 0.13052619222005185 0 -0.9914448613738104
vn 0 -1 0
vn 0 1 0
vn 0.38268343236508934 0 -0.9238795325112871
vn 0 -1 0
vn 0 1 0
vn 0.6087614290087205 0 -0.7933533402912353
vn 0 -1 0
vn 0 1 0
vn 0.7933533402912349 0 -0.6087614290087209
vn 0 -1 0
vn 0 1 0
vn 0.923879532511287 0 -0.3826834323650894
vn 0 -1 0
vn 0 1 0
vn 0.9914448613738104 0 -0.13052619222005185
vn 0 -1 0
vn 0 1 0
vn 0.9914448613738105 0 0.13052619222005135
vn 0 -1 0
vn 0 1 0
vn 0.923879532511287 0 0.3826834323650892
vn 0 -1 0
vn 0 1 0
vn 0.793353340291235 0 0.6087614290087209
vn 0 -1 0
vn 0 1 0
vn 0.6087614290087208 0 0.793353340291235
vn 0 -1 0
vn 0 1 0
vn 0.3826834323650898 0 0.9238795325112868
vn 0 -1 0
vn 0 1 0
vn 0.13052619222005213 0 0.9914448613738105
vn 0 -1 0
vn 0 1 0
vn -0.13052619222005132 0 0.9914448613738105
vn 0 -1 0
vn 0 1 0
vn -0.38268343236508917 0 0.923879532511287
vn 0 -1 0
vn 0 1 0
vn -0.608761429008721 0 0.793353340291235
vn 0 -1 0
vn 0 1 0
vn -0.7933533402912349 0 0.608761429008721
vn 0 -1 0
vn 0 1 0
vn -0.9238795325112868 0 0.3826834323650898
vn 0 -1 0
vn 0 1 0
vn -0.9914448613738104 0 0.130526192220052
vn 0 -1 0
vn 0 1 0
usemtl m_de0b28b6-39c5-7d23-e87e-f5e89dc62af8
f 154/721/217 156/722/217 155/723/217 153/724/217
f 153/725/218 155/726/218 151/727/218
f 156/728/219 154/729/219 152/730/219
f 156/731/220 158/732/220 157/733/220 155/734/220
f 155/735/221 157/736/221 151/737/221
f 158/738/222 156/739/222 152/740/222
f 158/741/223 160/742/223 159/743/223 157/744/223
f 157/745/224 159/746/224 151/747/224
f 160/748/225 158/749/225 152/750/225
f 160/751/226 162/752/226 161/753/226 159/754/226
f 159/755/227 161/756/227 151/757/227
f 162/758/228 160/759/228 152/760/228
f 162/761/229 164/762/229 163/763/229 161/764/229
f 161/765/230 163/766/230 151/767/230
f 164/768/231 162/769/231 152/770/231
f 164/771/232 166/772/232 165/773/232 163/774/232
f 163/775/233 165/776/233 151/777/233
f 166/778/234 164/779/234 152/780/234
f 166/781/235 168/782/235 167/783/235 165/784/235
f 165/785/236 167/786/236 151/787/236
f 168/788/237 166/789/237 152/790/237
f 168/791/238 170/792/238 169/793/238 167/794/238
f 167/795/239 169/796/239 151/797/239
f 170/798/240 168/799/240 152/800/240
f 170/801/241 172/802/241 171/803/241 169/804/241
f 169/805/242 171/806/242 151/807/242
f 172/808/243 170/809/243 152/810/243
f 172/811/244 174/812/244 173/813/244 171/814/244
f 171/815/245 173/816/245 151/817/245
f 174/818/246 172/819/246 152/820/246
f 174/821/247 176/822/247 175/823/247 173/824/247
f 173/825/248 175/826/248 151/827/248
f 176/828/249 174/829/249 152/830/249
f 176/831/250 178/832/250 177/833/250 175/834/250
f 175/835/251 177/836/251 151/837/251
f 178/838/252 176/839/252 152/840/252
f 178/841/253 180/842/253 179/843/253 177/844/253
f 177/845/254 179/846/254 151/847/254
f 180/848/255 178/849/255 152/850/255
f 180/851/256 182/852/256 181/853/256 179/854/256
f 179/855/257 181/856/257 151/857/257
f 182/858/258 180/859/258 152/860/258
f 182/861/259 184/862/259 183/863/259 181/864/259
f 181/865/260 183/866/260 151/867/260
f 184/868/261 182/869/261 152/870/261
f 184/871/262 186/872/262 185/873/262 183/874/262
f 183/875/263 185/876/263 151/877/263
f 186/878/264 184/879/264 152/880/264
f 186/881/265 188/882/265 187/883/265 185/884/265
f 185/885/266 187/886/266 151/887/266
f 188/888/267 186/889/267 152/890/267
f 188/891/268 190/892/268 189/893/268 187/894/268
f 187/895/269 189/896/269 151/897/269
f 190/898/270 188/899/270 152/900/270
f 190/901/271 192/902/271 191/903/271 189/904/271
f 189/905/272 191/906/272 151/907/272
f 192/908/273 190/909/273 152/910/273
f 192/911/274 194/912/274 193/913/274 191/914/274
f 191/915/275 193/916/275 151/917/275
f 194/918/276 192/919/276 152/920/276
f 194/921/277 196/922/277 195/923/277 193/924/277
f 193/925/278 195/926/278 151/927/278
f 196/928/279 194/929/279 152/930/279
f 196/931/280 198/932/280 197/933/280 195/934/280
f 195/935/281 197/936/281 151/937/281
f 198/938/282 196/939/282 152/940/282
f 198/941/283 200/942/283 199/943/283 197/944/283
f 197/945/284 199/946/284 151/947/284
f 200/948/285 198/949/285 152/950/285
f 200/951/286 154/952/286 153/953/286 199/954/286
f 199/955/287 153/956/287 151/957/287
f 154/958/288 200/959/288 152/960/288
o grip_rail_1_front
v 0.009245499999999999 -0.33125000000000004 0.07840184
v 0.009245499999999999 -0.33125000000000004 0.06804687999999998
v 0.009245499999999999 -1.29375 0.07840184
v 0.009245499999999999 -1.29375 0.06804687999999998
v -0.009245499999999999 -0.33125000000000004 0.06804687999999998
v -0.009245499999999999 -0.33125000000000004 0.07840184
v -0.009245499999999999 -1.29375 0.06804687999999998
v -0.009245499999999999 -1.29375 0.07840184
vt 0.5 0.5
vt 0.5 0.5
vt 0.5 0.5
vt 0.5 0.5
vt 0.5 0.5
vt 0.5 0.5
vt 0.5 0.5
vt 0.5 0.5
vt 0.5 0.5
vt 0.5 0.5
vt 0.5 0.5
vt 0.5 0.5
vt 0.5 0.5
vt 0.5 0.5
vt 0.5 0.5
vt 0.5 0.5
vt 0.5 0.5
vt 0.5 0.5
vt 0.5 0.5
vt 0.5 0.5
vt 0.5 0.5
vt 0.5 0.5
vt 0.5 0.5
vt 0.5 0.5
vn 0 0 -1
vn 1 0 0
vn 0 0 1
vn -1 0 0
vn 0 1 0
vn 0 -1 0
usemtl m_fd6528dc-6890-b3c9-f9b5-33bf351960de
f 204/964/289 207/963/289 205/962/289 202/961/289
f 203/968/290 204/967/290 202/966/290 201/965/290
f 208/972/291 203/971/291 201/970/291 206/969/291
f 207/976/292 208/975/292 206/974/292 205/973/292
f 206/980/293 201/979/293 202/978/293 205/977/293
f 207/984/294 204/983/294 203/982/294 208/981/294
o grip_rail_1_back
v 0.009245499999999999 -0.33125000000000004 -0.06804687999999998
v 0.009245499999999999 -0.33125000000000004 -0.07840184
v 0.009245499999999999 -1.29375 -0.06804687999999998
v 0.009245499999999999 -1.29375 -0.07840184
v -0.009245499999999999 -0.33125000000000004 -0.07840184
v -0.009245499999999999 -0.33125000000000004 -0.06804687999999998
v -0.009245499999999999 -1.29375 -0.07840184
v -0.009245499999999999 -1.29375 -0.06804687999999998
vt 0.5 0.5
vt 0.5 0.5
vt 0.5 0.5
vt 0.5 0.5
vt 0.5 0.5
vt 0.5 0.5
vt 0.5 0.5
vt 0.5 0.5
vt 0.5 0.5
vt 0.5 0.5
vt 0.5 0.5
vt 0.5 0.5
vt 0.5 0.5
vt 0.5 0.5
vt 0.5 0.5
vt 0.5 0.5
vt 0.5 0.5
vt 0.5 0.5
vt 0.5 0.5
vt 0.5 0.5
vt 0.5 0.5
vt 0.5 0.5
vt 0.5 0.5
vt 0.5 0.5
vn 0 0 -1
vn 1 0 0
vn 0 0 1
vn -1 0 0
vn 0 1 0
vn 0 -1 0
usemtl m_fd6528dc-6890-b3c9-f9b5-33bf351960de
f 212/988/295 215/987/295 213/986/295 210/985/295
f 211/992/296 212/991/296 210/990/296 209/989/296
f 216/996/297 211/995/297 209/994/297 214/993/297
f 215/1000/298 216/999/298 214/998/298 213/997/298
f 214/1004/299 209/1003/299 210/1002/299 213/1001/299
f 215/1008/300 212/1007/300 211/1006/300 216/1005/300
o grip_rail_1_right
v 0.07840184 -0.33125000000000004 0.009245499999999999
v 0.07840184 -0.33125000000000004 -0.009245499999999999
v 0.07840184 -1.29375 0.009245499999999999
v 0.07840184 -1.29375 -0.009245499999999999
v 0.06804687999999998 -0.33125000000000004 -0.009245499999999999
v 0.06804687999999998 -0.33125000000000004 0.009245499999999999
v 0.06804687999999998 -1.29375 -0.009245499999999999
v 0.06804687999999998 -1.29375 0.009245499999999999
vt 0.5 0.5
vt 0.5 0.5
vt 0.5 0.5
vt 0.5 0.5
vt 0.5 0.5
vt 0.5 0.5
vt 0.5 0.5
vt 0.5 0.5
vt 0.5 0.5
vt 0.5 0.5
vt 0.5 0.5
vt 0.5 0.5
vt 0.5 0.5
vt 0.5 0.5
vt 0.5 0.5
vt 0.5 0.5
vt 0.5 0.5
vt 0.5 0.5
vt 0.5 0.5
vt 0.5 0.5
vt 0.5 0.5
vt 0.5 0.5
vt 0.5 0.5
vt 0.5 0.5
vn 0 0 -1
vn 1 0 0
vn 0 0 1
vn -1 0 0
vn 0 1 0
vn 0 -1 0
usemtl m_fd6528dc-6890-b3c9-f9b5-33bf351960de
f 220/1012/301 223/1011/301 221/1010/301 218/1009/301
f 219/1016/302 220/1015/302 218/1014/302 217/1013/302
f 224/1020/303 219/1019/303 217/1018/303 222/1017/303
f 223/1024/304 224/1023/304 222/1022/304 221/1021/304
f 222/1028/305 217/1027/305 218/1026/305 221/1025/305
f 223/1032/306 220/1031/306 219/1030/306 224/1029/306
o grip_rail_1_left
v -0.06804687999999998 -0.33125000000000004 0.009245499999999999
v -0.06804687999999998 -0.33125000000000004 -0.009245499999999999
v -0.06804687999999998 -1.29375 0.009245499999999999
v -0.06804687999999998 -1.29375 -0.009245499999999999
v -0.07840184 -0.33125000000000004 -0.009245499999999999
v -0.07840184 -0.33125000000000004 0.009245499999999999
v -0.07840184 -1.29375 -0.009245499999999999
v -0.07840184 -1.29375 0.009245499999999999
vt 0.5 0.5
vt 0.5 0.5
vt 0.5 0.5
vt 0.5 0.5
vt 0.5 0.5
vt 0.5 0.5
vt 0.5 0.5
vt 0.5 0.5
vt 0.5 0.5
vt 0.5 0.5
vt 0.5 0.5
vt 0.5 0.5
vt 0.5 0.5
vt 0.5 0.5
vt 0.5 0.5
vt 0.5 0.5
vt 0.5 0.5
vt 0.5 0.5
vt 0.5 0.5
vt 0.5 0.5
vt 0.5 0.5
vt 0.5 0.5
vt 0.5 0.5
vt 0.5 0.5
vn 0 0 -1
vn 1 0 0
vn 0 0 1
vn -1 0 0
vn 0 1 0
vn 0 -1 0
usemtl m_fd6528dc-6890-b3c9-f9b5-33bf351960de
f 228/1036/307 231/1035/307 229/1034/307 226/1033/307
f 227/1040/308 228/1039/308 226/1038/308 225/1037/308
f 232/1044/309 227/1043/309 225/1042/309 230/1041/309
f 231/1048/310 232/1047/310 230/1046/310 229/1045/310
f 230/1052/311 225/1051/311 226/1050/311 229/1049/311
f 231/1056/312 228/1055/312 227/1054/312 232/1053/312
o grip_rail_2_front
v 0.009245499999999999 0.98125 0.07840184
v 0.009245499999999999 0.98125 0.06804687999999998
v 0.009245499999999999 0.01874999999999999 0.07840184
v 0.009245499999999999 0.01874999999999999 0.06804687999999998
v -0.009245499999999999 0.98125 0.06804687999999998
v -0.009245499999999999 0.98125 0.07840184
v -0.009245499999999999 0.01874999999999999 0.06804687999999998
v -0.009245499999999999 0.01874999999999999 0.07840184
vt 0.5 0.5
vt 0.5 0.5
vt 0.5 0.5
vt 0.5 0.5
vt 0.5 0.5
vt 0.5 0.5
vt 0.5 0.5
vt 0.5 0.5
vt 0.5 0.5
vt 0.5 0.5
vt 0.5 0.5
vt 0.5 0.5
vt 0.5 0.5
vt 0.5 0.5
vt 0.5 0.5
vt 0.5 0.5
vt 0.5 0.5
vt 0.5 0.5
vt 0.5 0.5
vt 0.5 0.5
vt 0.5 0.5
vt 0.5 0.5
vt 0.5 0.5
vt 0.5 0.5
vn 0 0 -1
vn 1 0 0
vn 0 0 1
vn -1 0 0
vn 0 1 0
vn 0 -1 0
usemtl m_fd6528dc-6890-b3c9-f9b5-33bf351960de
f 236/1060/313 239/1059/313 237/1058/313 234/1057/313
f 235/1064/314 236/1063/314 234/1062/314 233/1061/314
f 240/1068/315 235/1067/315 233/1066/315 238/1065/315
f 239/1072/316 240/1071/316 238/1070/316 237/1069/316
f 238/1076/317 233/1075/317 234/1074/317 237/1073/317
f 239/1080/318 236/1079/318 235/1078/318 240/1077/318
o grip_rail_2_back
v 0.009245499999999999 0.98125 -0.06804687999999998
v 0.009245499999999999 0.98125 -0.07840184
v 0.009245499999999999 0.01874999999999999 -0.06804687999999998
v 0.009245499999999999 0.01874999999999999 -0.07840184
v -0.009245499999999999 0.98125 -0.07840184
v -0.009245499999999999 0.98125 -0.06804687999999998
v -0.009245499999999999 0.01874999999999999 -0.07840184
v -0.009245499999999999 0.01874999999999999 -0.06804687999999998
vt 0.5 0.5
vt 0.5 0.5
vt 0.5 0.5
vt 0.5 0.5
vt 0.5 0.5
vt 0.5 0.5
vt 0.5 0.5
vt 0.5 0.5
vt 0.5 0.5
vt 0.5 0.5
vt 0.5 0.5
vt 0.5 0.5
vt 0.5 0.5
vt 0.5 0.5
vt 0.5 0.5
vt 0.5 0.5
vt 0.5 0.5
vt 0.5 0.5
vt 0.5 0.5
vt 0.5 0.5
vt 0.5 0.5
vt 0.5 0.5
vt 0.5 0.5
vt 0.5 0.5
vn 0 0 -1
vn 1 0 0
vn 0 0 1
vn -1 0 0
vn 0 1 0
vn 0 -1 0
usemtl m_fd6528dc-6890-b3c9-f9b5-33bf351960de
f 244/1084/319 247/1083/319 245/1082/319 242/1081/319
f 243/1088/320 244/1087/320 242/1086/320 241/1085/320
f 248/1092/321 243/1091/321 241/1090/321 246/1089/321
f 247/1096/322 248/1095/322 246/1094/322 245/1093/322
f 246/1100/323 241/1099/323 242/1098/323 245/1097/323
f 247/1104/324 244/1103/324 243/1102/324 248/1101/324
o grip_rail_2_right
v 0.07840184 0.98125 0.009245499999999999
v 0.07840184 0.98125 -0.009245499999999999
v 0.07840184 0.01874999999999999 0.009245499999999999
v 0.07840184 0.01874999999999999 -0.009245499999999999
v 0.06804687999999998 0.98125 -0.009245499999999999
v 0.06804687999999998 0.98125 0.009245499999999999
v 0.06804687999999998 0.01874999999999999 -0.009245499999999999
v 0.06804687999999998 0.01874999999999999 0.009245499999999999
vt 0.5 0.5
vt 0.5 0.5
vt 0.5 0.5
vt 0.5 0.5
vt 0.5 0.5
vt 0.5 0.5
vt 0.5 0.5
vt 0.5 0.5
vt 0.5 0.5
vt 0.5 0.5
vt 0.5 0.5
vt 0.5 0.5
vt 0.5 0.5
vt 0.5 0.5
vt 0.5 0.5
vt 0.5 0.5
vt 0.5 0.5
vt 0.5 0.5
vt 0.5 0.5
vt 0.5 0.5
vt 0.5 0.5
vt 0.5 0.5
vt 0.5 0.5
vt 0.5 0.5
vn 0 0 -1
vn 1 0 0
vn 0 0 1
vn -1 0 0
vn 0 1 0
vn 0 -1 0
usemtl m_fd6528dc-6890-b3c9-f9b5-33bf351960de
f 252/1108/325 255/1107/325 253/1106/325 250/1105/325
f 251/1112/326 252/1111/326 250/1110/326 249/1109/326
f 256/1116/327 251/1115/327 249/1114/327 254/1113/327
f 255/1120/328 256/1119/328 254/1118/328 253/1117/328
f 254/1124/329 249/1123/329 250/1122/329 253/1121/329
f 255/1128/330 252/1127/330 251/1126/330 256/1125/330
o grip_rail_2_left
v -0.06804687999999998 0.98125 0.009245499999999999
v -0.06804687999999998 0.98125 -0.009245499999999999
v -0.06804687999999998 0.01874999999999999 0.009245499999999999
v -0.06804687999999998 0.01874999999999999 -0.009245499999999999
v -0.07840184 0.98125 -0.009245499999999999
v -0.07840184 0.98125 0.009245499999999999
v -0.07840184 0.01874999999999999 -0.009245499999999999
v -0.07840184 0.01874999999999999 0.009245499999999999
vt 0.5 0.5
vt 0.5 0.5
vt 0.5 0.5
vt 0.5 0.5
vt 0.5 0.5
vt 0.5 0.5
vt 0.5 0.5
vt 0.5 0.5
vt 0.5 0.5
vt 0.5 0.5
vt 0.5 0.5
vt 0.5 0.5
vt 0.5 0.5
vt 0.5 0.5
vt 0.5 0.5
vt 0.5 0.5
vt 0.5 0.5
vt 0.5 0.5
vt 0.5 0.5
vt 0.5 0.5
vt 0.5 0.5
vt 0.5 0.5
vt 0.5 0.5
vt 0.5 0.5
vn 0 0 -1
vn 1 0 0
vn 0 0 1
vn -1 0 0
vn 0 1 0
vn 0 -1 0
usemtl m_fd6528dc-6890-b3c9-f9b5-33bf351960de
f 260/1132/331 263/1131/331 261/1130/331 258/1129/331
f 259/1136/332 260/1135/332 258/1134/332 257/1133/332
f 264/1140/333 259/1139/333 257/1138/333 262/1137/333
f 263/1144/334 264/1143/334 262/1142/334 261/1141/334
f 262/1148/335 257/1147/335 258/1146/335 261/1145/335
f 263/1152/336 260/1151/336 259/1150/336 264/1149/336
o band_grip_lower
v 0 -1.45625 0
v 0 -1.51875 0
v 0.0758131 -1.45625 0
v 0.0758131 -1.51875 0
v 0.07322983126103576 -1.45625 0.019621874148261914
v 0.07322983126103576 -1.51875 0.019621874148261914
v 0.06565607053965002 -1.45625 0.03790654999999998
v 0.06565607053965002 -1.51875 0.03790654999999998
v 0.05360795711277385 -1.45625 0.05360795711277384
v 0.05360795711277385 -1.51875 0.05360795711277384
v 0.037906550000000004 -1.45625 0.06565607053965002
v 0.037906550000000004 -1.51875 0.06565607053965002
v 0.019621874148261914 -1.45625 0.07322983126103576
v 0.019621874148261914 -1.51875 0.07322983126103576
v 4.6422135124219086e-18 -1.45625 0.0758131
v 4.6422135124219086e-18 -1.51875 0.0758131
v -0.01962187414826192 -1.45625 0.07322983126103576
v -0.01962187414826192 -1.51875 0.07322983126103576
v -0.037906549999999976 -1.45625 0.06565607053965002
v -0.037906549999999976 -1.51875 0.06565607053965002
v -0.05360795711277384 -1.45625 0.05360795711277385
v -0.05360795711277384 -1.51875 0.05360795711277385
v -0.06565607053965002 -1.45625 0.03790654999999998
v -0.06565607053965002 -1.51875 0.03790654999999998
v -0.07322983126103574 -1.45625 0.01962187414826193
v -0.07322983126103574 -1.51875 0.01962187414826193
v -0.0758131 -1.45625 9.284427024843817e-18
v -0.0758131 -1.51875 9.284427024843817e-18
v -0.07322983126103576 -1.45625 -0.019621874148261883
v -0.07322983126103576 -1.51875 -0.019621874148261883
v -0.06565607053965002 -1.45625 -0.037906550000000004
v -0.06565607053965002 -1.51875 -0.037906550000000004
v -0.05360795711277385 -1.45625 -0.05360795711277384
v -0.05360795711277385 -1.51875 -0.05360795711277384
v -0.037906550000000025 -1.45625 -0.06565607053964999
v -0.037906550000000025 -1.51875 -0.06565607053964999
v -0.019621874148261904 -1.45625 -0.07322983126103576
v -0.019621874148261904 -1.51875 -0.07322983126103576
v -1.3926640537265728e-17 -1.45625 -0.0758131
v -1.3926640537265728e-17 -1.51875 -0.0758131
v 0.019621874148261876 -1.45625 -0.07322983126103576
v 0.019621874148261876 -1.51875 -0.07322983126103576
v 0.037906550000000004 -1.45625 -0.06565607053965002
v 0.037906550000000004 -1.51875 -0.06565607053965002
v 0.05360795711277383 -1.45625 -0.05360795711277385
v 0.05360795711277383 -1.51875 -0.05360795711277385
v 0.06565607053964999 -1.45625 -0.037906550000000025
v 0.06565607053964999 -1.51875 -0.037906550000000025
v 0.07322983126103576 -1.45625 -0.019621874148261907
v 0.07322983126103576 -1.51875 -0.019621874148261907
vt 0.5 0.5
vt 0.5 0.5
vt 0.5 0.5
vt 0.5 0.5
vt 0.5 0.5
vt 0.5 0.5
vt 0.5 0.5
vt 0.5 0.5
vt 0.5 0.5
vt 0.5 0.5
vt 0.5 0.5
vt 0.5 0.5
vt 0.5 0.5
vt 0.5 0.5
vt 0.5 0.5
vt 0.5 0.5
vt 0.5 0.5
vt 0.5 0.5
vt 0.5 0.5
vt 0.5 0.5
vt 0.5 0.5
vt 0.5 0.5
vt 0.5 0.5
vt 0.5 0.5
vt 0.5 0.5
vt 0.5 0.5
vt 0.5 0.5
vt 0.5 0.5
vt 0.5 0.5
vt 0.5 0.5
vt 0.5 0.5
vt 0.5 0.5
vt 0.5 0.5
vt 0.5 0.5
vt 0.5 0.5
vt 0.5 0.5
vt 0.5 0.5
vt 0.5 0.5
vt 0.5 0.5
vt 0.5 0.5
vt 0.5 0.5
vt 0.5 0.5
vt 0.5 0.5
vt 0.5 0.5
vt 0.5 0.5
vt 0.5 0.5
vt 0.5 0.5
vt 0.5 0.5
vt 0.5 0.5
vt 0.5 0.5
vt 0.5 0.5
vt 0.5 0.5
vt 0.5 0.5
vt 0.5 0.5
vt 0.5 0.5
vt 0.5 0.5
vt 0.5 0.5
vt 0.5 0.5
vt 0.5 0.5
vt 0.5 0.5
vt 0.5 0.5
vt 0.5 0.5
vt 0.5 0.5
vt 0.5 0.5
vt 0.5 0.5
vt 0.5 0.5
vt 0.5 0.5
vt 0.5 0.5
vt 0.5 0.5
vt 0.5 0.5
vt 0.5 0.5
vt 0.5 0.5
vt 0.5 0.5
vt 0.5 0.5
vt 0.5 0.5
vt 0.5 0.5
vt 0.5 0.5
vt 0.5 0.5
vt 0.5 0.5
vt 0.5 0.5
vt 0.5 0.5
vt 0.5 0.5
vt 0.5 0.5
vt 0.5 0.5
vt 0.5 0.5
vt 0.5 0.5
vt 0.5 0.5
vt 0.5 0.5
vt 0.5 0.5
vt 0.5 0.5
vt 0.5 0.5
vt 0.5 0.5
vt 0.5 0.5
vt 0.5 0.5
vt 0.5 0.5
vt 0.5 0.5
vt 0.5 0.5
vt 0.5 0.5
vt 0.5 0.5
vt 0.5 0.5
vt 0.5 0.5
vt 0.5 0.5
vt 0.5 0.5
vt 0.5 0.5
vt 0.5 0.5
vt 0.5 0.5
vt 0.5 0.5
vt 0.5 0.5
vt 0.5 0.5
vt 0.5 0.5
vt 0.5 0.5
vt 0.5 0.5
vt 0.5 0.5
vt 0.5 0.5
vt 0.5 0.5
vt 0.5 0.5
vt 0.5 0.5
vt 0.5 0.5
vt 0.5 0.5
vt 0.5 0.5
vt 0.5 0.5
vt 0.5 0.5
vt 0.5 0.5
vt 0.5 0.5
vt 0.5 0.5
vt 0.5 0.5
vt 0.5 0.5
vt 0.5 0.5
vt 0.5 0.5
vt 0.5 0.5
vt 0.5 0.5
vt 0.5 0.5
vt 0.5 0.5
vt 0.5 0.5
vt 0.5 0.5
vt 0.5 0.5
vt 0.5 0.5
vt 0.5 0.5
vt 0.5 0.5
vt 0.5 0.5
vt 0.5 0.5
vt 0.5 0.5
vt 0.5 0.5
vt 0.5 0.5
vt 0.5 0.5
vt 0.5 0.5
vt 0.5 0.5
vt 0.5 0.5
vt 0.5 0.5
vt 0.5 0.5
vt 0.5 0.5
vt 0.5 0.5
vt 0.5 0.5
vt 0.5 0.5
vt 0.5 0.5
vt 0.5 0.5
vt 0.5 0.5
vt 0.5 0.5
vt 0.5 0.5
vt 0.5 0.5
vt 0.5 0.5
vt 0.5 0.5
vt 0.5 0.5
vt 0.5 0.5
vt 0.5 0.5
vt 0.5 0.5
vt 0.5 0.5
vt 0.5 0.5
vt 0.5 0.5
vt 0.5 0.5
vt 0.5 0.5
vt 0.5 0.5
vt 0.5 0.5
vt 0.5 0.5
vt 0.5 0.5
vt 0.5 0.5
vt 0.5 0.5
vt 0.5 0.5
vt 0.5 0.5
vt 0.5 0.5
vt 0.5 0.5
vt 0.5 0.5
vt 0.5 0.5
vt 0.5 0.5
vt 0.5 0.5
vt 0.5 0.5
vt 0.5 0.5
vt 0.5 0.5
vt 0.5 0.5
vt 0.5 0.5
vt 0.5 0.5
vt 0.5 0.5
vt 0.5 0.5
vt 0.5 0.5
vt 0.5 0.5
vt 0.5 0.5
vt 0.5 0.5
vt 0.5 0.5
vt 0.5 0.5
vt 0.5 0.5
vt 0.5 0.5
vt 0.5 0.5
vt 0.5 0.5
vt 0.5 0.5
vt 0.5 0.5
vt 0.5 0.5
vt 0.5 0.5
vt 0.5 0.5
vt 0.5 0.5
vt 0.5 0.5
vt 0.5 0.5
vt 0.5 0.5
vt 0.5 0.5
vt 0.5 0.5
vt 0.5 0.5
vt 0.5 0.5
vt 0.5 0.5
vt 0.5 0.5
vt 0.5 0.5
vt 0.5 0.5
vt 0.5 0.5
vt 0.5 0.5
vt 0.5 0.5
vt 0.5 0.5
vt 0.5 0.5
vt 0.5 0.5
vt 0.5 0.5
vt 0.5 0.5
vt 0.5 0.5
vt 0.5 0.5
vt 0.5 0.5
vt 0.5 0.5
vt 0.5 0.5
vt 0.5 0.5
vt 0.5 0.5
vt 0.5 0.5
vt 0.5 0.5
vt 0.5 0.5
vt 0.5 0.5
vt 0.5 0.5
vn -0.9914448613738104 0 -0.13052619222005157
vn 0 -1 0
vn 0 1 0
vn -0.9238795325112866 0 -0.3826834323650902
vn 0 -1 0
vn 0 1 0
vn -0.7933533402912358 0 -0.6087614290087201
vn 0 -1 0
vn 0 1 0
vn -0.6087614290087207 0 -0.7933533402912353
vn 0 -1 0
vn 0 1 0
vn -0.3826834323650899 0 -0.9238795325112868
vn 0 -1 0
vn 0 1 0
vn -0.1305261922200516 0 -0.9914448613738104
vn 0 -1 0
vn 0 1 0
vn 0.13052619222005155 0 -0.9914448613738106
vn 0 -1 0
vn 0 1 0
vn 0.3826834323650905 0 -0.9238795325112866
vn 0 -1 0
vn 0 1 0
vn 0.6087614290087199 0 -0.7933533402912358
vn 0 -1 0
vn 0 1 0
vn 0.7933533402912356 0 -0.6087614290087201
vn 0 -1 0
vn 0 1 0
vn 0.9238795325112867 0 -0.3826834323650899
vn 0 -1 0
vn 0 1 0
vn 0.9914448613738104 0 -0.13052619222005224
vn 0 -1 0
vn 0 1 0
vn 0.9914448613738105 0 0.13052619222005174
vn 0 -1 0
vn 0 1 0
vn 0.923879532511287 0 0.3826834323650893
vn 0 -1 0
vn 0 1 0
vn 0.7933533402912354 0 0.6087614290087207
vn 0 -1 0
vn 0 1 0
vn 0.6087614290087203 0 0.7933533402912356
vn 0 -1 0
vn 0 1 0
vn 0.38268343236509045 0 0.9238795325112865
vn 0 -1 0
vn 0 1 0
vn 0.13052619222005177 0 0.9914448613738105
vn 0 -1 0
vn 0 1 0
vn -0.13052619222005177 0 0.9914448613738105
vn 0 -1 0
vn 0 1 0
vn -0.3826834323650892 0 0.9238795325112872
vn 0 -1 0
vn 0 1 0
vn -0.6087614290087208 0 0.7933533402912353
vn 0 -1 0
vn 0 1 0
vn -0.7933533402912353 0 0.6087614290087204
vn 0 -1 0
vn 0 1 0
vn -0.9238795325112866 0 0.38268343236509067
vn 0 -1 0
vn 0 1 0
vn -0.9914448613738104 0 0.13052619222005163
vn 0 -1 0
vn 0 1 0
usemtl m_3be25f79-071f-aaae-ced0-88ed625c361a
f 268/1153/337 270/1154/337 269/1155/337 267/1156/337
f 267/1157/338 269/1158/338 265/1159/338
f 270/1160/339 268/1161/339 266/1162/339
f 270/1163/340 272/1164/340 271/1165/340 269/1166/340
f 269/1167/341 271/1168/341 265/1169/341
f 272/1170/342 270/1171/342 266/1172/342
f 272/1173/343 274/1174/343 273/1175/343 271/1176/343
f 271/1177/344 273/1178/344 265/1179/344
f 274/1180/345 272/1181/345 266/1182/345
f 274/1183/346 276/1184/346 275/1185/346 273/1186/346
f 273/1187/347 275/1188/347 265/1189/347
f 276/1190/348 274/1191/348 266/1192/348
f 276/1193/349 278/1194/349 277/1195/349 275/1196/349
f 275/1197/350 277/1198/350 265/1199/350
f 278/1200/351 276/1201/351 266/1202/351
f 278/1203/352 280/1204/352 279/1205/352 277/1206/352
f 277/1207/353 279/1208/353 265/1209/353
f 280/1210/354 278/1211/354 266/1212/354
f 280/1213/355 282/1214/355 281/1215/355 279/1216/355
f 279/1217/356 281/1218/356 265/1219/356
f 282/1220/357 280/1221/357 266/1222/357
f 282/1223/358 284/1224/358 283/1225/358 281/1226/358
f 281/1227/359 283/1228/359 265/1229/359
f 284/1230/360 282/1231/360 266/1232/360
f 284/1233/361 286/1234/361 285/1235/361 283/1236/361
f 283/1237/362 285/1238/362 265/1239/362
f 286/1240/363 284/1241/363 266/1242/363
f 286/1243/364 288/1244/364 287/1245/364 285/1246/364
f 285/1247/365 287/1248/365 265/1249/365
f 288/1250/366 286/1251/366 266/1252/366
f 288/1253/367 290/1254/367 289/1255/367 287/1256/367
f 287/1257/368 289/1258/368 265/1259/368
f 290/1260/369 288/1261/369 266/1262/369
f 290/1263/370 292/1264/370 291/1265/370 289/1266/370
f 289/1267/371 291/1268/371 265/1269/371
f 292/1270/372 290/1271/372 266/1272/372
f 292/1273/373 294/1274/373 293/1275/373 291/1276/373
f 291/1277/374 293/1278/374 265/1279/374
f 294/1280/375 292/1281/375 266/1282/375
f 294/1283/376 296/1284/376 295/1285/376 293/1286/376
f 293/1287/377 295/1288/377 265/1289/377
f 296/1290/378 294/1291/378 266/1292/378
f 296/1293/379 298/1294/379 297/1295/379 295/1296/379
f 295/1297/380 297/1298/380 265/1299/380
f 298/1300/381 296/1301/381 266/1302/381
f 298/1303/382 300/1304/382 299/1305/382 297/1306/382
f 297/1307/383 299/1308/383 265/1309/383
f 300/1310/384 298/1311/384 266/1312/384
f 300/1313/385 302/1314/385 301/1315/385 299/1316/385
f 299/1317/386 301/1318/386 265/1319/386
f 302/1320/387 300/1321/387 266/1322/387
f 302/1323/388 304/1324/388 303/1325/388 301/1326/388
f 301/1327/389 303/1328/389 265/1329/389
f 304/1330/390 302/1331/390 266/1332/390
f 304/1333/391 306/1334/391 305/1335/391 303/1336/391
f 303/1337/392 305/1338/392 265/1339/392
f 306/1340/393 304/1341/393 266/1342/393
f 306/1343/394 308/1344/394 307/1345/394 305/1346/394
f 305/1347/395 307/1348/395 265/1349/395
f 308/1350/396 306/1351/396 266/1352/396
f 308/1353/397 310/1354/397 309/1355/397 307/1356/397
f 307/1357/398 309/1358/398 265/1359/398
f 310/1360/399 308/1361/399 266/1362/399
f 310/1363/400 312/1364/400 311/1365/400 309/1366/400
f 309/1367/401 311/1368/401 265/1369/401
f 312/1370/402 310/1371/402 266/1372/402
f 312/1373/403 314/1374/403 313/1375/403 311/1376/403
f 311/1377/404 313/1378/404 265/1379/404
f 314/1380/405 312/1381/405 266/1382/405
f 314/1383/406 268/1384/406 267/1385/406 313/1386/406
f 313/1387/407 267/1388/407 265/1389/407
f 268/1390/408 314/1391/408 266/1392/408
o band_grip_middle
v 0 -0.14375 0
v 0 -0.20625 0
v 0.0758131 -0.14375 0
v 0.0758131 -0.20625 0
v 0.07322983126103576 -0.14375 0.019621874148261914
v 0.07322983126103576 -0.20625 0.019621874148261914
v 0.06565607053965002 -0.14375 0.03790654999999998
v 0.06565607053965002 -0.20625 0.03790654999999998
v 0.05360795711277385 -0.14375 0.05360795711277384
v 0.05360795711277385 -0.20625 0.05360795711277384
v 0.037906550000000004 -0.14375 0.06565607053965002
v 0.037906550000000004 -0.20625 0.06565607053965002
v 0.019621874148261914 -0.14375 0.07322983126103576
v 0.019621874148261914 -0.20625 0.07322983126103576
v 4.6422135124219086e-18 -0.14375 0.0758131
v 4.6422135124219086e-18 -0.20625 0.0758131
v -0.01962187414826192 -0.14375 0.07322983126103576
v -0.01962187414826192 -0.20625 0.07322983126103576
v -0.037906549999999976 -0.14375 0.06565607053965002
v -0.037906549999999976 -0.20625 0.06565607053965002
v -0.05360795711277384 -0.14375 0.05360795711277385
v -0.05360795711277384 -0.20625 0.05360795711277385
v -0.06565607053965002 -0.14375 0.03790654999999998
v -0.06565607053965002 -0.20625 0.03790654999999998
v -0.07322983126103574 -0.14375 0.01962187414826193
v -0.07322983126103574 -0.20625 0.01962187414826193
v -0.0758131 -0.14375 9.284427024843817e-18
v -0.0758131 -0.20625 9.284427024843817e-18
v -0.07322983126103576 -0.14375 -0.019621874148261883
v -0.07322983126103576 -0.20625 -0.019621874148261883
v -0.06565607053965002 -0.14375 -0.037906550000000004
v -0.06565607053965002 -0.20625 -0.037906550000000004
v -0.05360795711277385 -0.14375 -0.05360795711277384
v -0.05360795711277385 -0.20625 -0.05360795711277384
v -0.037906550000000025 -0.14375 -0.06565607053964999
v -0.037906550000000025 -0.20625 -0.06565607053964999
v -0.019621874148261904 -0.14375 -0.07322983126103576
v -0.019621874148261904 -0.20625 -0.07322983126103576
v -1.3926640537265728e-17 -0.14375 -0.0758131
v -1.3926640537265728e-17 -0.20625 -0.0758131
v 0.019621874148261876 -0.14375 -0.07322983126103576
v 0.019621874148261876 -0.20625 -0.07322983126103576
v 0.037906550000000004 -0.14375 -0.06565607053965002
v 0.037906550000000004 -0.20625 -0.06565607053965002
v 0.05360795711277383 -0.14375 -0.05360795711277385
v 0.05360795711277383 -0.20625 -0.05360795711277385
v 0.06565607053964999 -0.14375 -0.037906550000000025
v 0.06565607053964999 -0.20625 -0.037906550000000025
v 0.07322983126103576 -0.14375 -0.019621874148261907
v 0.07322983126103576 -0.20625 -0.019621874148261907
vt 0.5 0.5
vt 0.5 0.5
vt 0.5 0.5
vt 0.5 0.5
vt 0.5 0.5
vt 0.5 0.5
vt 0.5 0.5
vt 0.5 0.5
vt 0.5 0.5
vt 0.5 0.5
vt 0.5 0.5
vt 0.5 0.5
vt 0.5 0.5
vt 0.5 0.5
vt 0.5 0.5
vt 0.5 0.5
vt 0.5 0.5
vt 0.5 0.5
vt 0.5 0.5
vt 0.5 0.5
vt 0.5 0.5
vt 0.5 0.5
vt 0.5 0.5
vt 0.5 0.5
vt 0.5 0.5
vt 0.5 0.5
vt 0.5 0.5
vt 0.5 0.5
vt 0.5 0.5
vt 0.5 0.5
vt 0.5 0.5
vt 0.5 0.5
vt 0.5 0.5
vt 0.5 0.5
vt 0.5 0.5
vt 0.5 0.5
vt 0.5 0.5
vt 0.5 0.5
vt 0.5 0.5
vt 0.5 0.5
vt 0.5 0.5
vt 0.5 0.5
vt 0.5 0.5
vt 0.5 0.5
vt 0.5 0.5
vt 0.5 0.5
vt 0.5 0.5
vt 0.5 0.5
vt 0.5 0.5
vt 0.5 0.5
vt 0.5 0.5
vt 0.5 0.5
vt 0.5 0.5
vt 0.5 0.5
vt 0.5 0.5
vt 0.5 0.5
vt 0.5 0.5
vt 0.5 0.5
vt 0.5 0.5
vt 0.5 0.5
vt 0.5 0.5
vt 0.5 0.5
vt 0.5 0.5
vt 0.5 0.5
vt 0.5 0.5
vt 0.5 0.5
vt 0.5 0.5
vt 0.5 0.5
vt 0.5 0.5
vt 0.5 0.5
vt 0.5 0.5
vt 0.5 0.5
vt 0.5 0.5
vt 0.5 0.5
vt 0.5 0.5
vt 0.5 0.5
vt 0.5 0.5
vt 0.5 0.5
vt 0.5 0.5
vt 0.5 0.5
vt 0.5 0.5
vt 0.5 0.5
vt 0.5 0.5
vt 0.5 0.5
vt 0.5 0.5
vt 0.5 0.5
vt 0.5 0.5
vt 0.5 0.5
vt 0.5 0.5
vt 0.5 0.5
vt 0.5 0.5
vt 0.5 0.5
vt 0.5 0.5
vt 0.5 0.5
vt 0.5 0.5
vt 0.5 0.5
vt 0.5 0.5
vt 0.5 0.5
vt 0.5 0.5
vt 0.5 0.5
vt 0.5 0.5
vt 0.5 0.5
vt 0.5 0.5
vt 0.5 0.5
vt 0.5 0.5
vt 0.5 0.5
vt 0.5 0.5
vt 0.5 0.5
vt 0.5 0.5
vt 0.5 0.5
vt 0.5 0.5
vt 0.5 0.5
vt 0.5 0.5
vt 0.5 0.5
vt 0.5 0.5
vt 0.5 0.5
vt 0.5 0.5
vt 0.5 0.5
vt 0.5 0.5
vt 0.5 0.5
vt 0.5 0.5
vt 0.5 0.5
vt 0.5 0.5
vt 0.5 0.5
vt 0.5 0.5
vt 0.5 0.5
vt 0.5 0.5
vt 0.5 0.5
vt 0.5 0.5
vt 0.5 0.5
vt 0.5 0.5
vt 0.5 0.5
vt 0.5 0.5
vt 0.5 0.5
vt 0.5 0.5
vt 0.5 0.5
vt 0.5 0.5
vt 0.5 0.5
vt 0.5 0.5
vt 0.5 0.5
vt 0.5 0.5
vt 0.5 0.5
vt 0.5 0.5
vt 0.5 0.5
vt 0.5 0.5
vt 0.5 0.5
vt 0.5 0.5
vt 0.5 0.5
vt 0.5 0.5
vt 0.5 0.5
vt 0.5 0.5
vt 0.5 0.5
vt 0.5 0.5
vt 0.5 0.5
vt 0.5 0.5
vt 0.5 0.5
vt 0.5 0.5
vt 0.5 0.5
vt 0.5 0.5
vt 0.5 0.5
vt 0.5 0.5
vt 0.5 0.5
vt 0.5 0.5
vt 0.5 0.5
vt 0.5 0.5
vt 0.5 0.5
vt 0.5 0.5
vt 0.5 0.5
vt 0.5 0.5
vt 0.5 0.5
vt 0.5 0.5
vt 0.5 0.5
vt 0.5 0.5
vt 0.5 0.5
vt 0.5 0.5
vt 0.5 0.5
vt 0.5 0.5
vt 0.5 0.5
vt 0.5 0.5
vt 0.5 0.5
vt 0.5 0.5
vt 0.5 0.5
vt 0.5 0.5
vt 0.5 0.5
vt 0.5 0.5
vt 0.5 0.5
vt 0.5 0.5
vt 0.5 0.5
vt 0.5 0.5
vt 0.5 0.5
vt 0.5 0.5
vt 0.5 0.5
vt 0.5 0.5
vt 0.5 0.5
vt 0.5 0.5
vt 0.5 0.5
vt 0.5 0.5
vt 0.5 0.5
vt 0.5 0.5
vt 0.5 0.5
vt 0.5 0.5
vt 0.5 0.5
vt 0.5 0.5
vt 0.5 0.5
vt 0.5 0.5
vt 0.5 0.5
vt 0.5 0.5
vt 0.5 0.5
vt 0.5 0.5
vt 0.5 0.5
vt 0.5 0.5
vt 0.5 0.5
vt 0.5 0.5
vt 0.5 0.5
vt 0.5 0.5
vt 0.5 0.5
vt 0.5 0.5
vt 0.5 0.5
vt 0.5 0.5
vt 0.5 0.5
vt 0.5 0.5
vt 0.5 0.5
vt 0.5 0.5
vt 0.5 0.5
vt 0.5 0.5
vt 0.5 0.5
vt 0.5 0.5
vt 0.5 0.5
vt 0.5 0.5
vt 0.5 0.5
vt 0.5 0.5
vt 0.5 0.5
vt 0.5 0.5
vt 0.5 0.5
vt 0.5 0.5
vt 0.5 0.5
vt 0.5 0.5
vt 0.5 0.5
vt 0.5 0.5
vt 0.5 0.5
vn -0.9914448613738104 0 -0.13052619222005157
vn 0 -1 0
vn 0 1 0
vn -0.9238795325112866 0 -0.3826834323650902
vn 0 -1 0
vn 0 1 0
vn -0.7933533402912358 0 -0.6087614290087201
vn 0 -1 0
vn 0 1 0
vn -0.6087614290087207 0 -0.7933533402912353
vn 0 -1 0
vn 0 1 0
vn -0.3826834323650899 0 -0.9238795325112868
vn 0 -1 0
vn 0 1 0
vn -0.1305261922200516 0 -0.9914448613738104
vn 0 -1 0
vn 0 1 0
vn 0.13052619222005155 0 -0.9914448613738106
vn 0 -1 0
vn 0 1 0
vn 0.3826834323650905 0 -0.9238795325112866
vn 0 -1 0
vn 0 1 0
vn 0.6087614290087199 0 -0.7933533402912358
vn 0 -1 0
vn 0 1 0
vn 0.7933533402912356 0 -0.6087614290087201
vn 0 -1 0
vn 0 1 0
vn 0.9238795325112867 0 -0.3826834323650899
vn 0 -1 0
vn 0 1 0
vn 0.9914448613738104 0 -0.13052619222005224
vn 0 -1 0
vn 0 1 0
vn 0.9914448613738105 0 0.13052619222005174
vn 0 -1 0
vn 0 1 0
vn 0.923879532511287 0 0.3826834323650893
vn 0 -1 0
vn 0 1 0
vn 0.7933533402912354 0 0.6087614290087207
vn 0 -1 0
vn 0 1 0
vn 0.6087614290087203 0 0.7933533402912356
vn 0 -1 0
vn 0 1 0
vn 0.38268343236509045 0 0.9238795325112865
vn 0 -1 0
vn 0 1 0
vn 0.13052619222005177 0 0.9914448613738105
vn 0 -1 0
vn 0 1 0
vn -0.13052619222005177 0 0.9914448613738105
vn 0 -1 0
vn 0 1 0
vn -0.3826834323650892 0 0.9238795325112872
vn 0 -1 0
vn 0 1 0
vn -0.6087614290087208 0 0.7933533402912353
vn 0 -1 0
vn 0 1 0
vn -0.7933533402912353 0 0.6087614290087204
vn 0 -1 0
vn 0 1 0
vn -0.9238795325112866 0 0.38268343236509067
vn 0 -1 0
vn 0 1 0
vn -0.9914448613738104 0 0.13052619222005163
vn 0 -1 0
vn 0 1 0
usemtl m_3be25f79-071f-aaae-ced0-88ed625c361a
f 318/1393/409 320/1394/409 319/1395/409 317/1396/409
f 317/1397/410 319/1398/410 315/1399/410
f 320/1400/411 318/1401/411 316/1402/411
f 320/1403/412 322/1404/412 321/1405/412 319/1406/412
f 319/1407/413 321/1408/413 315/1409/413
f 322/1410/414 320/1411/414 316/1412/414
f 322/1413/415 324/1414/415 323/1415/415 321/1416/415
f 321/1417/416 323/1418/416 315/1419/416
f 324/1420/417 322/1421/417 316/1422/417
f 324/1423/418 326/1424/418 325/1425/418 323/1426/418
f 323/1427/419 325/1428/419 315/1429/419
f 326/1430/420 324/1431/420 316/1432/420
f 326/1433/421 328/1434/421 327/1435/421 325/1436/421
f 325/1437/422 327/1438/422 315/1439/422
f 328/1440/423 326/1441/423 316/1442/423
f 328/1443/424 330/1444/424 329/1445/424 327/1446/424
f 327/1447/425 329/1448/425 315/1449/425
f 330/1450/426 328/1451/426 316/1452/426
f 330/1453/427 332/1454/427 331/1455/427 329/1456/427
f 329/1457/428 331/1458/428 315/1459/428
f 332/1460/429 330/1461/429 316/1462/429
f 332/1463/430 334/1464/430 333/1465/430 331/1466/430
f 331/1467/431 333/1468/431 315/1469/431
f 334/1470/432 332/1471/432 316/1472/432
f 334/1473/433 336/1474/433 335/1475/433 333/1476/433
f 333/1477/434 335/1478/434 315/1479/434
f 336/1480/435 334/1481/435 316/1482/435
f 336/1483/436 338/1484/436 337/1485/436 335/1486/436
f 335/1487/437 337/1488/437 315/1489/437
f 338/1490/438 336/1491/438 316/1492/438
f 338/1493/439 340/1494/439 339/1495/439 337/1496/439
f 337/1497/440 339/1498/440 315/1499/440
f 340/1500/441 338/1501/441 316/1502/441
f 340/1503/442 342/1504/442 341/1505/442 339/1506/442
f 339/1507/443 341/1508/443 315/1509/443
f 342/1510/444 340/1511/444 316/1512/444
f 342/1513/445 344/1514/445 343/1515/445 341/1516/445
f 341/1517/446 343/1518/446 315/1519/446
f 344/1520/447 342/1521/447 316/1522/447
f 344/1523/448 346/1524/448 345/1525/448 343/1526/448
f 343/1527/449 345/1528/449 315/1529/449
f 346/1530/450 344/1531/450 316/1532/450
f 346/1533/451 348/1534/451 347/1535/451 345/1536/451
f 345/1537/452 347/1538/452 315/1539/452
f 348/1540/453 346/1541/453 316/1542/453
f 348/1543/454 350/1544/454 349/1545/454 347/1546/454
f 347/1547/455 349/1548/455 315/1549/455
f 350/1550/456 348/1551/456 316/1552/456
f 350/1553/457 352/1554/457 351/1555/457 349/1556/457
f 349/1557/458 351/1558/458 315/1559/458
f 352/1560/459 350/1561/459 316/1562/459
f 352/1563/460 354/1564/460 353/1565/460 351/1566/460
f 351/1567/461 353/1568/461 315/1569/461
f 354/1570/462 352/1571/462 316/1572/462
f 354/1573/463 356/1574/463 355/1575/463 353/1576/463
f 353/1577/464 355/1578/464 315/1579/464
f 356/1580/465 354/1581/465 316/1582/465
f 356/1583/466 358/1584/466 357/1585/466 355/1586/466
f 355/1587/467 357/1588/467 315/1589/467
f 358/1590/468 356/1591/468 316/1592/468
f 358/1593/469 360/1594/469 359/1595/469 357/1596/469
f 357/1597/470 359/1598/470 315/1599/470
f 360/1600/471 358/1601/471 316/1602/471
f 360/1603/472 362/1604/472 361/1605/472 359/1606/472
f 359/1607/473 361/1608/473 315/1609/473
f 362/1610/474 360/1611/474 316/1612/474
f 362/1613/475 364/1614/475 363/1615/475 361/1616/475
f 361/1617/476 363/1618/476 315/1619/476
f 364/1620/477 362/1621/477 316/1622/477
f 364/1623/478 318/1624/478 317/1625/478 363/1626/478
f 363/1627/479 317/1628/479 315/1629/479
f 318/1630/480 364/1631/480 316/1632/480
o band_grip_upper
v 0 1.16875 0
v 0 1.10625 0
v 0.07673764999999999 1.16875 0
v 0.07673764999999999 1.10625 0
v 0.07412287798373132 1.16875 0.019861165296411448
v 0.07412287798373132 1.10625 0.019861165296411448
v 0.06645675432671894 1.16875 0.03836882499999999
v 0.06645675432671894 1.10625 0.03836882499999999
v 0.054261712687319864 1.16875 0.054261712687319864
v 0.054261712687319864 1.10625 0.054261712687319864
v 0.03836882500000001 1.16875 0.06645675432671892
v 0.03836882500000001 1.10625 0.06645675432671892
v 0.019861165296411448 1.16875 0.07412287798373132
v 0.019861165296411448 1.10625 0.07412287798373132
v 4.698825872329494e-18 1.16875 0.07673764999999999
v 4.698825872329494e-18 1.10625 0.07673764999999999
v -0.019861165296411454 1.16875 0.07412287798373132
v -0.019861165296411454 1.10625 0.07412287798373132
v -0.03836882499999999 1.16875 0.06645675432671894
v -0.03836882499999999 1.10625 0.06645675432671894
v -0.054261712687319864 1.16875 0.054261712687319864
v -0.054261712687319864 1.10625 0.054261712687319864
v -0.06645675432671894 1.16875 0.03836882499999999
v -0.06645675432671894 1.10625 0.03836882499999999
v -0.0741228779837313 1.16875 0.019861165296411475
v -0.0741228779837313 1.10625 0.019861165296411475
v -0.07673764999999999 1.16875 9.397651744658988e-18
v -0.07673764999999999 1.10625 9.397651744658988e-18
v -0.07412287798373132 1.16875 -0.01986116529641142
v -0.07412287798373132 1.10625 -0.01986116529641142
v -0.06645675432671892 1.16875 -0.03836882500000001
v -0.06645675432671892 1.10625 -0.03836882500000001
v -0.05426171268731988 1.16875 -0.054261712687319864
v -0.05426171268731988 1.10625 -0.054261712687319864
v -0.03836882500000003 1.16875 -0.0664567543267189
v -0.03836882500000003 1.10625 -0.0664567543267189
v -0.01986116529641144 1.16875 -0.07412287798373132
v -0.01986116529641144 1.10625 -0.07412287798373132
v -1.4096477616988482e-17 1.16875 -0.07673764999999999
v -1.4096477616988482e-17 1.10625 -0.07673764999999999
v 0.019861165296411413 1.16875 -0.07412287798373132
v 0.019861165296411413 1.10625 -0.07412287798373132
v 0.03836882500000001 1.16875 -0.06645675432671892
v 0.03836882500000001 1.10625 -0.06645675432671892
v 0.05426171268731986 1.16875 -0.05426171268731988
v 0.05426171268731986 1.10625 -0.05426171268731988
v 0.0664567543267189 1.16875 -0.03836882500000003
v 0.0664567543267189 1.10625 -0.03836882500000003
v 0.07412287798373132 1.16875 -0.019861165296411444
v 0.07412287798373132 1.10625 -0.019861165296411444
vt 0.5 0.5
vt 0.5 0.5
vt 0.5 0.5
vt 0.5 0.5
vt 0.5 0.5
vt 0.5 0.5
vt 0.5 0.5
vt 0.5 0.5
vt 0.5 0.5
vt 0.5 0.5
vt 0.5 0.5
vt 0.5 0.5
vt 0.5 0.5
vt 0.5 0.5
vt 0.5 0.5
vt 0.5 0.5
vt 0.5 0.5
vt 0.5 0.5
vt 0.5 0.5
vt 0.5 0.5
vt 0.5 0.5
vt 0.5 0.5
vt 0.5 0.5
vt 0.5 0.5
vt 0.5 0.5
vt 0.5 0.5
vt 0.5 0.5
vt 0.5 0.5
vt 0.5 0.5
vt 0.5 0.5
vt 0.5 0.5
vt 0.5 0.5
vt 0.5 0.5
vt 0.5 0.5
vt 0.5 0.5
vt 0.5 0.5
vt 0.5 0.5
vt 0.5 0.5
vt 0.5 0.5
vt 0.5 0.5
vt 0.5 0.5
vt 0.5 0.5
vt 0.5 0.5
vt 0.5 0.5
vt 0.5 0.5
vt 0.5 0.5
vt 0.5 0.5
vt 0.5 0.5
vt 0.5 0.5
vt 0.5 0.5
vt 0.5 0.5
vt 0.5 0.5
vt 0.5 0.5
vt 0.5 0.5
vt 0.5 0.5
vt 0.5 0.5
vt 0.5 0.5
vt 0.5 0.5
vt 0.5 0.5
vt 0.5 0.5
vt 0.5 0.5
vt 0.5 0.5
vt 0.5 0.5
vt 0.5 0.5
vt 0.5 0.5
vt 0.5 0.5
vt 0.5 0.5
vt 0.5 0.5
vt 0.5 0.5
vt 0.5 0.5
vt 0.5 0.5
vt 0.5 0.5
vt 0.5 0.5
vt 0.5 0.5
vt 0.5 0.5
vt 0.5 0.5
vt 0.5 0.5
vt 0.5 0.5
vt 0.5 0.5
vt 0.5 0.5
vt 0.5 0.5
vt 0.5 0.5
vt 0.5 0.5
vt 0.5 0.5
vt 0.5 0.5
vt 0.5 0.5
vt 0.5 0.5
vt 0.5 0.5
vt 0.5 0.5
vt 0.5 0.5
vt 0.5 0.5
vt 0.5 0.5
vt 0.5 0.5
vt 0.5 0.5
vt 0.5 0.5
vt 0.5 0.5
vt 0.5 0.5
vt 0.5 0.5
vt 0.5 0.5
vt 0.5 0.5
vt 0.5 0.5
vt 0.5 0.5
vt 0.5 0.5
vt 0.5 0.5
vt 0.5 0.5
vt 0.5 0.5
vt 0.5 0.5
vt 0.5 0.5
vt 0.5 0.5
vt 0.5 0.5
vt 0.5 0.5
vt 0.5 0.5
vt 0.5 0.5
vt 0.5 0.5
vt 0.5 0.5
vt 0.5 0.5
vt 0.5 0.5
vt 0.5 0.5
vt 0.5 0.5
vt 0.5 0.5
vt 0.5 0.5
vt 0.5 0.5
vt 0.5 0.5
vt 0.5 0.5
vt 0.5 0.5
vt 0.5 0.5
vt 0.5 0.5
vt 0.5 0.5
vt 0.5 0.5
vt 0.5 0.5
vt 0.5 0.5
vt 0.5 0.5
vt 0.5 0.5
vt 0.5 0.5
vt 0.5 0.5
vt 0.5 0.5
vt 0.5 0.5
vt 0.5 0.5
vt 0.5 0.5
vt 0.5 0.5
vt 0.5 0.5
vt 0.5 0.5
vt 0.5 0.5
vt 0.5 0.5
vt 0.5 0.5
vt 0.5 0.5
vt 0.5 0.5
vt 0.5 0.5
vt 0.5 0.5
vt 0.5 0.5
vt 0.5 0.5
vt 0.5 0.5
vt 0.5 0.5
vt 0.5 0.5
vt 0.5 0.5
vt 0.5 0.5
vt 0.5 0.5
vt 0.5 0.5
vt 0.5 0.5
vt 0.5 0.5
vt 0.5 0.5
vt 0.5 0.5
vt 0.5 0.5
vt 0.5 0.5
vt 0.5 0.5
vt 0.5 0.5
vt 0.5 0.5
vt 0.5 0.5
vt 0.5 0.5
vt 0.5 0.5
vt 0.5 0.5
vt 0.5 0.5
vt 0.5 0.5
vt 0.5 0.5
vt 0.5 0.5
vt 0.5 0.5
vt 0.5 0.5
vt 0.5 0.5
vt 0.5 0.5
vt 0.5 0.5
vt 0.5 0.5
vt 0.5 0.5
vt 0.5 0.5
vt 0.5 0.5
vt 0.5 0.5
vt 0.5 0.5
vt 0.5 0.5
vt 0.5 0.5
vt 0.5 0.5
vt 0.5 0.5
vt 0.5 0.5
vt 0.5 0.5
vt 0.5 0.5
vt 0.5 0.5
vt 0.5 0.5
vt 0.5 0.5
vt 0.5 0.5
vt 0.5 0.5
vt 0.5 0.5
vt 0.5 0.5
vt 0.5 0.5
vt 0.5 0.5
vt 0.5 0.5
vt 0.5 0.5
vt 0.5 0.5
vt 0.5 0.5
vt 0.5 0.5
vt 0.5 0.5
vt 0.5 0.5
vt 0.5 0.5
vt 0.5 0.5
vt 0.5 0.5
vt 0.5 0.5
vt 0.5 0.5
vt 0.5 0.5
vt 0.5 0.5
vt 0.5 0.5
vt 0.5 0.5
vt 0.5 0.5
vt 0.5 0.5
vt 0.5 0.5
vt 0.5 0.5
vt 0.5 0.5
vt 0.5 0.5
vt 0.5 0.5
vt 0.5 0.5
vt 0.5 0.5
vt 0.5 0.5
vt 0.5 0.5
vt 0.5 0.5
vt 0.5 0.5
vt 0.5 0.5
vt 0.5 0.5
vt 0.5 0.5
vt 0.5 0.5
vt 0.5 0.5
vt 0.5 0.5
vt 0.5 0.5
vt 0.5 0.5
vt 0.5 0.5
vn -0.9914448613738105 0 -0.1305261922200511
vn 0 -1 0
vn 0 1 0
vn -0.923879532511287 0 -0.38268343236508967
vn 0 -1 0
vn 0 1 0
vn -0.7933533402912349 0 -0.6087614290087209
vn 0 -1 0
vn 0 1 0
vn -0.6087614290087209 0 -0.7933533402912349
vn 0 -1 0
vn 0 1 0
vn -0.3826834323650899 0 -0.9238795325112868
vn 0 -1 0
vn 0 1 0
vn -0.13052619222005113 0 -0.9914448613738105
vn 0 -1 0
vn 0 1 0
vn 0.13052619222005105 0 -0.9914448613738105
vn 0 -1 0
vn 0 1 0
vn 0.3826834323650898 0 -0.923879532511287
vn 0 -1 0
vn 0 1 0
vn 0.6087614290087209 0 -0.7933533402912349
vn 0 -1 0
vn 0 1 0
vn 0.7933533402912349 0 -0.6087614290087209
vn 0 -1 0
vn 0 1 0
vn 0.9238795325112871 0 -0.3826834323650889
vn 0 -1 0
vn 0 1 0
vn 0.9914448613738104 0 -0.13052619222005235
vn 0 -1 0
vn 0 1 0
vn 0.9914448613738105 0 0.1305261922200512
vn 0 -1 0
vn 0 1 0
vn 0.923879532511287 0 0.38268343236508934
vn 0 -1 0
vn 0 1 0
vn 0.7933533402912353 0 0.6087614290087205
vn 0 -1 0
vn 0 1 0
vn 0.6087614290087202 0 0.7933533402912355
vn 0 -1 0
vn 0 1 0
vn 0.3826834323650906 0 0.9238795325112866
vn 0 -1 0
vn 0 1 0
vn 0.13052619222005124 0 0.9914448613738106
vn 0 -1 0
vn 0 1 0
vn -0.13052619222005124 0 0.9914448613738106
vn 0 -1 0
vn 0 1 0
vn -0.38268343236508917 0 0.923879532511287
vn 0 -1 0
vn 0 1 0
vn -0.6087614290087208 0 0.7933533402912353
vn 0 -1 0
vn 0 1 0
vn -0.7933533402912355 0 0.6087614290087204
vn 0 -1 0
vn 0 1 0
vn -0.9238795325112866 0 0.38268343236509067
vn 0 -1 0
vn 0 1 0
vn -0.9914448613738105 0 0.13052619222005113
vn 0 -1 0
vn 0 1 0
usemtl m_3be25f79-071f-aaae-ced0-88ed625c361a
f 368/1633/481 370/1634/481 369/1635/481 367/1636/481
f 367/1637/482 369/1638/482 365/1639/482
f 370/1640/483 368/1641/483 366/1642/483
f 370/1643/484 372/1644/484 371/1645/484 369/1646/484
f 369/1647/485 371/1648/485 365/1649/485
f 372/1650/486 370/1651/486 366/1652/486
f 372/1653/487 374/1654/487 373/1655/487 371/1656/487
f 371/1657/488 373/1658/488 365/1659/488
f 374/1660/489 372/1661/489 366/1662/489
f 374/1663/490 376/1664/490 375/1665/490 373/1666/490
f 373/1667/491 375/1668/491 365/1669/491
f 376/1670/492 374/1671/492 366/1672/492
f 376/1673/493 378/1674/493 377/1675/493 375/1676/493
f 375/1677/494 377/1678/494 365/1679/494
f 378/1680/495 376/1681/495 366/1682/495
f 378/1683/496 380/1684/496 379/1685/496 377/1686/496
f 377/1687/497 379/1688/497 365/1689/497
f 380/1690/498 378/1691/498 366/1692/498
f 380/1693/499 382/1694/499 381/1695/499 379/1696/499
f 379/1697/500 381/1698/500 365/1699/500
f 382/1700/501 380/1701/501 366/1702/501
f 382/1703/502 384/1704/502 383/1705/502 381/1706/502
f 381/1707/503 383/1708/503 365/1709/503
f 384/1710/504 382/1711/504 366/1712/504
f 384/1713/505 386/1714/505 385/1715/505 383/1716/505
f 383/1717/506 385/1718/506 365/1719/506
f 386/1720/507 384/1721/507 366/1722/507
f 386/1723/508 388/1724/508 387/1725/508 385/1726/508
f 385/1727/509 387/1728/509 365/1729/509
f 388/1730/510 386/1731/510 366/1732/510
f 388/1733/511 390/1734/511 389/1735/511 387/1736/511
f 387/1737/512 389/1738/512 365/1739/512
f 390/1740/513 388/1741/513 366/1742/513
f 390/1743/514 392/1744/514 391/1745/514 389/1746/514
f 389/1747/515 391/1748/515 365/1749/515
f 392/1750/516 390/1751/516 366/1752/516
f 392/1753/517 394/1754/517 393/1755/517 391/1756/517
f 391/1757/518 393/1758/518 365/1759/518
f 394/1760/519 392/1761/519 366/1762/519
f 394/1763/520 396/1764/520 395/1765/520 393/1766/520
f 393/1767/521 395/1768/521 365/1769/521
f 396/1770/522 394/1771/522 366/1772/522
f 396/1773/523 398/1774/523 397/1775/523 395/1776/523
f 395/1777/524 397/1778/524 365/1779/524
f 398/1780/525 396/1781/525 366/1782/525
f 398/1783/526 400/1784/526 399/1785/526 397/1786/526
f 397/1787/527 399/1788/527 365/1789/527
f 400/1790/528 398/1791/528 366/1792/528
f 400/1793/529 402/1794/529 401/1795/529 399/1796/529
f 399/1797/530 401/1798/530 365/1799/530
f 402/1800/531 400/1801/531 366/1802/531
f 402/1803/532 404/1804/532 403/1805/532 401/1806/532
f 401/1807/533 403/1808/533 365/1809/533
f 404/1810/534 402/1811/534 366/1812/534
f 404/1813/535 406/1814/535 405/1815/535 403/1816/535
f 403/1817/536 405/1818/536 365/1819/536
f 406/1820/537 404/1821/537 366/1822/537
f 406/1823/538 408/1824/538 407/1825/538 405/1826/538
f 405/1827/539 407/1828/539 365/1829/539
f 408/1830/540 406/1831/540 366/1832/540
f 408/1833/541 410/1834/541 409/1835/541 407/1836/541
f 407/1837/542 409/1838/542 365/1839/542
f 410/1840/543 408/1841/543 366/1842/543
f 410/1843/544 412/1844/544 411/1845/544 409/1846/544
f 409/1847/545 411/1848/545 365/1849/545
f 412/1850/546 410/1851/546 366/1852/546
f 412/1853/547 414/1854/547 413/1855/547 411/1856/547
f 411/1857/548 413/1858/548 365/1859/548
f 414/1860/549 412/1861/549 366/1862/549
f 414/1863/550 368/1864/550 367/1865/550 413/1866/550
f 413/1867/551 367/1868/551 365/1869/551
f 368/1870/552 414/1871/552 366/1872/552
o grip_detail_ring_01
v 0 -1.04375 0
v 0 -1.10625 0
v 0.07488854999999998 -1.04375 0
v 0.07488854999999998 -1.10625 0
v 0.0723367845383402 -1.04375 0.019382583000112377
v 0.0723367845383402 -1.10625 0.019382583000112377
v 0.06485538675258112 -1.04375 0.037444274999999985
v 0.06485538675258112 -1.10625 0.037444274999999985
v 0.05295420153822782 -1.04375 0.05295420153822781
v 0.05295420153822782 -1.10625 0.05295420153822781
v 0.037444275 -1.04375 0.06485538675258111
v 0.037444275 -1.10625 0.06485538675258111
v 0.019382583000112377 -1.04375 0.0723367845383402
v 0.019382583000112377 -1.10625 0.0723367845383402
v 4.585601152514326e-18 -1.04375 0.07488854999999998
v 4.585601152514326e-18 -1.10625 0.07488854999999998
v -0.019382583000112388 -1.04375 0.0723367845383402
v -0.019382583000112388 -1.10625 0.0723367845383402
v -0.03744427499999998 -1.04375 0.06485538675258112
v -0.03744427499999998 -1.10625 0.06485538675258112
v -0.05295420153822781 -1.04375 0.05295420153822782
v -0.05295420153822781 -1.10625 0.05295420153822782
v -0.06485538675258112 -1.04375 0.037444274999999985
v -0.06485538675258112 -1.10625 0.037444274999999985
v -0.07233678453834018 -1.04375 0.019382583000112398
v -0.07233678453834018 -1.10625 0.019382583000112398
v -0.07488854999999998 -1.04375 9.171202305028652e-18
v -0.07488854999999998 -1.10625 9.171202305028652e-18
v -0.07233678453834021 -1.04375 -0.01938258300011235
v -0.07233678453834021 -1.10625 -0.01938258300011235
v -0.06485538675258111 -1.04375 -0.037444275
v -0.06485538675258111 -1.10625 -0.037444275
v -0.05295420153822782 -1.04375 -0.05295420153822781
v -0.05295420153822782 -1.10625 -0.05295420153822781
v -0.03744427500000002 -1.04375 -0.06485538675258108
v -0.03744427500000002 -1.10625 -0.06485538675258108
v -0.01938258300011237 -1.04375 -0.0723367845383402
v -0.01938258300011237 -1.10625 -0.0723367845383402
v -1.3756803457542973e-17 -1.04375 -0.07488854999999998
v -1.3756803457542973e-17 -1.10625 -0.07488854999999998
v 0.019382583000112346 -1.04375 -0.07233678453834021
v 0.019382583000112346 -1.10625 -0.07233678453834021
v 0.037444275 -1.04375 -0.06485538675258111
v 0.037444275 -1.10625 -0.06485538675258111
v 0.05295420153822781 -1.04375 -0.05295420153822782
v 0.05295420153822781 -1.10625 -0.05295420153822782
v 0.06485538675258108 -1.04375 -0.03744427500000002
v 0.06485538675258108 -1.10625 -0.03744427500000002
v 0.0723367845383402 -1.04375 -0.01938258300011237
v 0.0723367845383402 -1.10625 -0.01938258300011237
vt 0.5 0.5
vt 0.5 0.5
vt 0.5 0.5
vt 0.5 0.5
vt 0.5 0.5
vt 0.5 0.5
vt 0.5 0.5
vt 0.5 0.5
vt 0.5 0.5
vt 0.5 0.5
vt 0.5 0.5
vt 0.5 0.5
vt 0.5 0.5
vt 0.5 0.5
vt 0.5 0.5
vt 0.5 0.5
vt 0.5 0.5
vt 0.5 0.5
vt 0.5 0.5
vt 0.5 0.5
vt 0.5 0.5
vt 0.5 0.5
vt 0.5 0.5
vt 0.5 0.5
vt 0.5 0.5
vt 0.5 0.5
vt 0.5 0.5
vt 0.5 0.5
vt 0.5 0.5
vt 0.5 0.5
vt 0.5 0.5
vt 0.5 0.5
vt 0.5 0.5
vt 0.5 0.5
vt 0.5 0.5
vt 0.5 0.5
vt 0.5 0.5
vt 0.5 0.5
vt 0.5 0.5
vt 0.5 0.5
vt 0.5 0.5
vt 0.5 0.5
vt 0.5 0.5
vt 0.5 0.5
vt 0.5 0.5
vt 0.5 0.5
vt 0.5 0.5
vt 0.5 0.5
vt 0.5 0.5
vt 0.5 0.5
vt 0.5 0.5
vt 0.5 0.5
vt 0.5 0.5
vt 0.5 0.5
vt 0.5 0.5
vt 0.5 0.5
vt 0.5 0.5
vt 0.5 0.5
vt 0.5 0.5
vt 0.5 0.5
vt 0.5 0.5
vt 0.5 0.5
vt 0.5 0.5
vt 0.5 0.5
vt 0.5 0.5
vt 0.5 0.5
vt 0.5 0.5
vt 0.5 0.5
vt 0.5 0.5
vt 0.5 0.5
vt 0.5 0.5
vt 0.5 0.5
vt 0.5 0.5
vt 0.5 0.5
vt 0.5 0.5
vt 0.5 0.5
vt 0.5 0.5
vt 0.5 0.5
vt 0.5 0.5
vt 0.5 0.5
vt 0.5 0.5
vt 0.5 0.5
vt 0.5 0.5
vt 0.5 0.5
vt 0.5 0.5
vt 0.5 0.5
vt 0.5 0.5
vt 0.5 0.5
vt 0.5 0.5
vt 0.5 0.5
vt 0.5 0.5
vt 0.5 0.5
vt 0.5 0.5
vt 0.5 0.5
vt 0.5 0.5
vt 0.5 0.5
vt 0.5 0.5
vt 0.5 0.5
vt 0.5 0.5
vt 0.5 0.5
vt 0.5 0.5
vt 0.5 0.5
vt 0.5 0.5
vt 0.5 0.5
vt 0.5 0.5
vt 0.5 0.5
vt 0.5 0.5
vt 0.5 0.5
vt 0.5 0.5
vt 0.5 0.5
vt 0.5 0.5
vt 0.5 0.5
vt 0.5 0.5
vt 0.5 0.5
vt 0.5 0.5
vt 0.5 0.5
vt 0.5 0.5
vt 0.5 0.5
vt 0.5 0.5
vt 0.5 0.5
vt 0.5 0.5
vt 0.5 0.5
vt 0.5 0.5
vt 0.5 0.5
vt 0.5 0.5
vt 0.5 0.5
vt 0.5 0.5
vt 0.5 0.5
vt 0.5 0.5
vt 0.5 0.5
vt 0.5 0.5
vt 0.5 0.5
vt 0.5 0.5
vt 0.5 0.5
vt 0.5 0.5
vt 0.5 0.5
vt 0.5 0.5
vt 0.5 0.5
vt 0.5 0.5
vt 0.5 0.5
vt 0.5 0.5
vt 0.5 0.5
vt 0.5 0.5
vt 0.5 0.5
vt 0.5 0.5
vt 0.5 0.5
vt 0.5 0.5
vt 0.5 0.5
vt 0.5 0.5
vt 0.5 0.5
vt 0.5 0.5
vt 0.5 0.5
vt 0.5 0.5
vt 0.5 0.5
vt 0.5 0.5
vt 0.5 0.5
vt 0.5 0.5
vt 0.5 0.5
vt 0.5 0.5
vt 0.5 0.5
vt 0.5 0.5
vt 0.5 0.5
vt 0.5 0.5
vt 0.5 0.5
vt 0.5 0.5
vt 0.5 0.5
vt 0.5 0.5
vt 0.5 0.5
vt 0.5 0.5
vt 0.5 0.5
vt 0.5 0.5
vt 0.5 0.5
vt 0.5 0.5
vt 0.5 0.5
vt 0.5 0.5
vt 0.5 0.5
vt 0.5 0.5
vt 0.5 0.5
vt 0.5 0.5
vt 0.5 0.5
vt 0.5 0.5
vt 0.5 0.5
vt 0.5 0.5
vt 0.5 0.5
vt 0.5 0.5
vt 0.5 0.5
vt 0.5 0.5
vt 0.5 0.5
vt 0.5 0.5
vt 0.5 0.5
vt 0.5 0.5
vt 0.5 0.5
vt 0.5 0.5
vt 0.5 0.5
vt 0.5 0.5
vt 0.5 0.5
vt 0.5 0.5
vt 0.5 0.5
vt 0.5 0.5
vt 0.5 0.5
vt 0.5 0.5
vt 0.5 0.5
vt 0.5 0.5
vt 0.5 0.5
vt 0.5 0.5
vt 0.5 0.5
vt 0.5 0.5
vt 0.5 0.5
vt 0.5 0.5
vt 0.5 0.5
vt 0.5 0.5
vt 0.5 0.5
vt 0.5 0.5
vt 0.5 0.5
vt 0.5 0.5
vt 0.5 0.5
vt 0.5 0.5
vt 0.5 0.5
vt 0.5 0.5
vt 0.5 0.5
vt 0.5 0.5
vt 0.5 0.5
vt 0.5 0.5
vt 0.5 0.5
vt 0.5 0.5
vt 0.5 0.5
vt 0.5 0.5
vt 0.5 0.5
vt 0.5 0.5
vt 0.5 0.5
vt 0.5 0.5
vt 0.5 0.5
vt 0.5 0.5
vt 0.5 0.5
vt 0.5 0.5
vt 0.5 0.5
vt 0.5 0.5
vt 0.5 0.5
vt 0.5 0.5
vt 0.5 0.5
vn -0.9914448613738105 0 -0.13052619222005143
vn 0 -1 0
vn 0 1 0
vn -0.923879532511287 0 -0.38268343236508945
vn 0 -1 0
vn 0 1 0
vn -0.7933533402912352 0 -0.6087614290087207
vn 0 -1 0
vn 0 1 0
vn -0.6087614290087207 0 -0.7933533402912352
vn 0 -1 0
vn 0 1 0
vn -0.3826834323650898 0 -0.9238795325112867
vn 0 -1 0
vn 0 1 0
vn -0.13052619222005146 0 -0.9914448613738105
vn 0 -1 0
vn 0 1 0
vn 0.13052619222005132 0 -0.9914448613738105
vn 0 -1 0
vn 0 1 0
vn 0.3826834323650897 0 -0.9238795325112867
vn 0 -1 0
vn 0 1 0
vn 0.6087614290087205 0 -0.7933533402912354
vn 0 -1 0
vn 0 1 0
vn 0.7933533402912352 0 -0.6087614290087209
vn 0 -1 0
vn 0 1 0
vn 0.9238795325112871 0 -0.3826834323650892
vn 0 -1 0
vn 0 1 0
vn 0.9914448613738105 0 -0.13052619222005207
vn 0 -1 0
vn 0 1 0
vn 0.9914448613738105 0 0.13052619222005082
vn 0 -1 0
vn 0 1 0
vn 0.9238795325112868 0 0.38268343236508995
vn 0 -1 0
vn 0 1 0
vn 0.7933533402912353 0 0.6087614290087207
vn 0 -1 0
vn 0 1 0
vn 0.6087614290087203 0 0.7933533402912355
vn 0 -1 0
vn 0 1 0
vn 0.3826834323650905 0 0.9238795325112865
vn 0 -1 0
vn 0 1 0
vn 0.13052619222005157 0 0.9914448613738105
vn 0 -1 0
vn 0 1 0
vn -0.13052619222005082 0 0.9914448613738105
vn 0 -1 0
vn 0 1 0
vn -0.38268343236508984 0 0.9238795325112868
vn 0 -1 0
vn 0 1 0
vn -0.6087614290087207 0 0.7933533402912353
vn 0 -1 0
vn 0 1 0
vn -0.7933533402912355 0 0.6087614290087203
vn 0 -1 0
vn 0 1 0
vn -0.9238795325112865 0 0.3826834323650905
vn 0 -1 0
vn 0 1 0
vn -0.9914448613738105 0 0.13052619222005146
vn 0 -1 0
vn 0 1 0
usemtl m_74f865cf-804f-74ba-3be0-4405179d6612
f 418/1873/553 420/1874/553 419/1875/553 417/1876/553
f 417/1877/554 419/1878/554 415/1879/554
f 420/1880/555 418/1881/555 416/1882/555
f 420/1883/556 422/1884/556 421/1885/556 419/1886/556
f 419/1887/557 421/1888/557 415/1889/557
f 422/1890/558 420/1891/558 416/1892/558
f 422/1893/559 424/1894/559 423/1895/559 421/1896/559
f 421/1897/560 423/1898/560 415/1899/560
f 424/1900/561 422/1901/561 416/1902/561
f 424/1903/562 426/1904/562 425/1905/562 423/1906/562
f 423/1907/563 425/1908/563 415/1909/563
f 426/1910/564 424/1911/564 416/1912/564
f 426/1913/565 428/1914/565 427/1915/565 425/1916/565
f 425/1917/566 427/1918/566 415/1919/566
f 428/1920/567 426/1921/567 416/1922/567
f 428/1923/568 430/1924/568 429/1925/568 427/1926/568
f 427/1927/569 429/1928/569 415/1929/569
f 430/1930/570 428/1931/570 416/1932/570
f 430/1933/571 432/1934/571 431/1935/571 429/1936/571
f 429/1937/572 431/1938/572 415/1939/572
f 432/1940/573 430/1941/573 416/1942/573
f 432/1943/574 434/1944/574 433/1945/574 431/1946/574
f 431/1947/575 433/1948/575 415/1949/575
f 434/1950/576 432/1951/576 416/1952/576
f 434/1953/577 436/1954/577 435/1955/577 433/1956/577
f 433/1957/578 435/1958/578 415/1959/578
f 436/1960/579 434/1961/579 416/1962/579
f 436/1963/580 438/1964/580 437/1965/580 435/1966/580
f 435/1967/581 437/1968/581 415/1969/581
f 438/1970/582 436/1971/582 416/1972/582
f 438/1973/583 440/1974/583 439/1975/583 437/1976/583
f 437/1977/584 439/1978/584 415/1979/584
f 440/1980/585 438/1981/585 416/1982/585
f 440/1983/586 442/1984/586 441/1985/586 439/1986/586
f 439/1987/587 441/1988/587 415/1989/587
f 442/1990/588 440/1991/588 416/1992/588
f 442/1993/589 444/1994/589 443/1995/589 441/1996/589
f 441/1997/590 443/1998/590 415/1999/590
f 444/2000/591 442/2001/591 416/2002/591
f 444/2003/592 446/2004/592 445/2005/592 443/2006/592
f 443/2007/593 445/2008/593 415/2009/593
f 446/2010/594 444/2011/594 416/2012/594
f 446/2013/595 448/2014/595 447/2015/595 445/2016/595
f 445/2017/596 447/2018/596 415/2019/596
f 448/2020/597 446/2021/597 416/2022/597
f 448/2023/598 450/2024/598 449/2025/598 447/2026/598
f 447/2027/599 449/2028/599 415/2029/599
f 450/2030/600 448/2031/600 416/2032/600
f 450/2033/601 452/2034/601 451/2035/601 449/2036/601
f 449/2037/602 451/2038/602 415/2039/602
f 452/2040/603 450/2041/603 416/2042/603
f 452/2043/604 454/2044/604 453/2045/604 451/2046/604
f 451/2047/605 453/2048/605 415/2049/605
f 454/2050/606 452/2051/606 416/2052/606
f 454/2053/607 456/2054/607 455/2055/607 453/2056/607
f 453/2057/608 455/2058/608 415/2059/608
f 456/2060/609 454/2061/609 416/2062/609
f 456/2063/610 458/2064/610 457/2065/610 455/2066/610
f 455/2067/611 457/2068/611 415/2069/611
f 458/2070/612 456/2071/612 416/2072/612
f 458/2073/613 460/2074/613 459/2075/613 457/2076/613
f 457/2077/614 459/2078/614 415/2079/614
f 460/2080/615 458/2081/615 416/2082/615
f 460/2083/616 462/2084/616 461/2085/616 459/2086/616
f 459/2087/617 461/2088/617 415/2089/617
f 462/2090/618 460/2091/618 416/2092/618
f 462/2093/619 464/2094/619 463/2095/619 461/2096/619
f 461/2097/620 463/2098/620 415/2099/620
f 464/2100/621 462/2101/621 416/2102/621
f 464/2103/622 418/2104/622 417/2105/622 463/2106/622
f 463/2107/623 417/2108/623 415/2109/623
f 418/2110/624 464/2111/624 416/2112/624
o grip_detail_ring_02
v 0 -0.60625 0
v 0 -0.66875 0
v 0.07488854999999998 -0.60625 0
v 0.07488854999999998 -0.66875 0
v 0.0723367845383402 -0.60625 0.019382583000112377
v 0.0723367845383402 -0.66875 0.019382583000112377
v 0.06485538675258112 -0.60625 0.037444274999999985
v 0.06485538675258112 -0.66875 0.037444274999999985
v 0.05295420153822782 -0.60625 0.05295420153822781
v 0.05295420153822782 -0.66875 0.05295420153822781
v 0.037444275 -0.60625 0.06485538675258111
v 0.037444275 -0.66875 0.06485538675258111
v 0.019382583000112377 -0.60625 0.0723367845383402
v 0.019382583000112377 -0.66875 0.0723367845383402
v 4.585601152514326e-18 -0.60625 0.07488854999999998
v 4.585601152514326e-18 -0.66875 0.07488854999999998
v -0.019382583000112388 -0.60625 0.0723367845383402
v -0.019382583000112388 -0.66875 0.0723367845383402
v -0.03744427499999998 -0.60625 0.06485538675258112
v -0.03744427499999998 -0.66875 0.06485538675258112
v -0.05295420153822781 -0.60625 0.05295420153822782
v -0.05295420153822781 -0.66875 0.05295420153822782
v -0.06485538675258112 -0.60625 0.037444274999999985
v -0.06485538675258112 -0.66875 0.037444274999999985
v -0.07233678453834018 -0.60625 0.019382583000112398
v -0.07233678453834018 -0.66875 0.019382583000112398
v -0.07488854999999998 -0.60625 9.171202305028652e-18
v -0.07488854999999998 -0.66875 9.171202305028652e-18
v -0.07233678453834021 -0.60625 -0.01938258300011235
v -0.07233678453834021 -0.66875 -0.01938258300011235
v -0.06485538675258111 -0.60625 -0.037444275
v -0.06485538675258111 -0.66875 -0.037444275
v -0.05295420153822782 -0.60625 -0.05295420153822781
v -0.05295420153822782 -0.66875 -0.05295420153822781
v -0.03744427500000002 -0.60625 -0.06485538675258108
v -0.03744427500000002 -0.66875 -0.06485538675258108
v -0.01938258300011237 -0.60625 -0.0723367845383402
v -0.01938258300011237 -0.66875 -0.0723367845383402
v -1.3756803457542973e-17 -0.60625 -0.07488854999999998
v -1.3756803457542973e-17 -0.66875 -0.07488854999999998
v 0.019382583000112346 -0.60625 -0.07233678453834021
v 0.019382583000112346 -0.66875 -0.07233678453834021
v 0.037444275 -0.60625 -0.06485538675258111
v 0.037444275 -0.66875 -0.06485538675258111
v 0.05295420153822781 -0.60625 -0.05295420153822782
v 0.05295420153822781 -0.66875 -0.05295420153822782
v 0.06485538675258108 -0.60625 -0.03744427500000002
v 0.06485538675258108 -0.66875 -0.03744427500000002
v 0.0723367845383402 -0.60625 -0.01938258300011237
v 0.0723367845383402 -0.66875 -0.01938258300011237
vt 0.5 0.5
vt 0.5 0.5
vt 0.5 0.5
vt 0.5 0.5
vt 0.5 0.5
vt 0.5 0.5
vt 0.5 0.5
vt 0.5 0.5
vt 0.5 0.5
vt 0.5 0.5
vt 0.5 0.5
vt 0.5 0.5
vt 0.5 0.5
vt 0.5 0.5
vt 0.5 0.5
vt 0.5 0.5
vt 0.5 0.5
vt 0.5 0.5
vt 0.5 0.5
vt 0.5 0.5
vt 0.5 0.5
vt 0.5 0.5
vt 0.5 0.5
vt 0.5 0.5
vt 0.5 0.5
vt 0.5 0.5
vt 0.5 0.5
vt 0.5 0.5
vt 0.5 0.5
vt 0.5 0.5
vt 0.5 0.5
vt 0.5 0.5
vt 0.5 0.5
vt 0.5 0.5
vt 0.5 0.5
vt 0.5 0.5
vt 0.5 0.5
vt 0.5 0.5
vt 0.5 0.5
vt 0.5 0.5
vt 0.5 0.5
vt 0.5 0.5
vt 0.5 0.5
vt 0.5 0.5
vt 0.5 0.5
vt 0.5 0.5
vt 0.5 0.5
vt 0.5 0.5
vt 0.5 0.5
vt 0.5 0.5
vt 0.5 0.5
vt 0.5 0.5
vt 0.5 0.5
vt 0.5 0.5
vt 0.5 0.5
vt 0.5 0.5
vt 0.5 0.5
vt 0.5 0.5
vt 0.5 0.5
vt 0.5 0.5
vt 0.5 0.5
vt 0.5 0.5
vt 0.5 0.5
vt 0.5 0.5
vt 0.5 0.5
vt 0.5 0.5
vt 0.5 0.5
vt 0.5 0.5
vt 0.5 0.5
vt 0.5 0.5
vt 0.5 0.5
vt 0.5 0.5
vt 0.5 0.5
vt 0.5 0.5
vt 0.5 0.5
vt 0.5 0.5
vt 0.5 0.5
vt 0.5 0.5
vt 0.5 0.5
vt 0.5 0.5
vt 0.5 0.5
vt 0.5 0.5
vt 0.5 0.5
vt 0.5 0.5
vt 0.5 0.5
vt 0.5 0.5
vt 0.5 0.5
vt 0.5 0.5
vt 0.5 0.5
vt 0.5 0.5
vt 0.5 0.5
vt 0.5 0.5
vt 0.5 0.5
vt 0.5 0.5
vt 0.5 0.5
vt 0.5 0.5
vt 0.5 0.5
vt 0.5 0.5
vt 0.5 0.5
vt 0.5 0.5
vt 0.5 0.5
vt 0.5 0.5
vt 0.5 0.5
vt 0.5 0.5
vt 0.5 0.5
vt 0.5 0.5
vt 0.5 0.5
vt 0.5 0.5
vt 0.5 0.5
vt 0.5 0.5
vt 0.5 0.5
vt 0.5 0.5
vt 0.5 0.5
vt 0.5 0.5
vt 0.5 0.5
vt 0.5 0.5
vt 0.5 0.5
vt 0.5 0.5
vt 0.5 0.5
vt 0.5 0.5
vt 0.5 0.5
vt 0.5 0.5
vt 0.5 0.5
vt 0.5 0.5
vt 0.5 0.5
vt 0.5 0.5
vt 0.5 0.5
vt 0.5 0.5
vt 0.5 0.5
vt 0.5 0.5
vt 0.5 0.5
vt 0.5 0.5
vt 0.5 0.5
vt 0.5 0.5
vt 0.5 0.5
vt 0.5 0.5
vt 0.5 0.5
vt 0.5 0.5
vt 0.5 0.5
vt 0.5 0.5
vt 0.5 0.5
vt 0.5 0.5
vt 0.5 0.5
vt 0.5 0.5
vt 0.5 0.5
vt 0.5 0.5
vt 0.5 0.5
vt 0.5 0.5
vt 0.5 0.5
vt 0.5 0.5
vt 0.5 0.5
vt 0.5 0.5
vt 0.5 0.5
vt 0.5 0.5
vt 0.5 0.5
vt 0.5 0.5
vt 0.5 0.5
vt 0.5 0.5
vt 0.5 0.5
vt 0.5 0.5
vt 0.5 0.5
vt 0.5 0.5
vt 0.5 0.5
vt 0.5 0.5
vt 0.5 0.5
vt 0.5 0.5
vt 0.5 0.5
vt 0.5 0.5
vt 0.5 0.5
vt 0.5 0.5
vt 0.5 0.5
vt 0.5 0.5
vt 0.5 0.5
vt 0.5 0.5
vt 0.5 0.5
vt 0.5 0.5
vt 0.5 0.5
vt 0.5 0.5
vt 0.5 0.5
vt 0.5 0.5
vt 0.5 0.5
vt 0.5 0.5
vt 0.5 0.5
vt 0.5 0.5
vt 0.5 0.5
vt 0.5 0.5
vt 0.5 0.5
vt 0.5 0.5
vt 0.5 0.5
vt 0.5 0.5
vt 0.5 0.5
vt 0.5 0.5
vt 0.5 0.5
vt 0.5 0.5
vt 0.5 0.5
vt 0.5 0.5
vt 0.5 0.5
vt 0.5 0.5
vt 0.5 0.5
vt 0.5 0.5
vt 0.5 0.5
vt 0.5 0.5
vt 0.5 0.5
vt 0.5 0.5
vt 0.5 0.5
vt 0.5 0.5
vt 0.5 0.5
vt 0.5 0.5
vt 0.5 0.5
vt 0.5 0.5
vt 0.5 0.5
vt 0.5 0.5
vt 0.5 0.5
vt 0.5 0.5
vt 0.5 0.5
vt 0.5 0.5
vt 0.5 0.5
vt 0.5 0.5
vt 0.5 0.5
vt 0.5 0.5
vt 0.5 0.5
vt 0.5 0.5
vt 0.5 0.5
vt 0.5 0.5
vt 0.5 0.5
vt 0.5 0.5
vt 0.5 0.5
vt 0.5 0.5
vt 0.5 0.5
vt 0.5 0.5
vt 0.5 0.5
vt 0.5 0.5
vt 0.5 0.5
vt 0.5 0.5
vt 0.5 0.5
vt 0.5 0.5
vt 0.5 0.5
vt 0.5 0.5
vt 0.5 0.5
vt 0.5 0.5
vn -0.9914448613738105 0 -0.13052619222005143
vn 0 -1 0
vn 0 1 0
vn -0.923879532511287 0 -0.38268343236508945
vn 0 -1 0
vn 0 1 0
vn -0.7933533402912352 0 -0.6087614290087207
vn 0 -1 0
vn 0 1 0
vn -0.6087614290087207 0 -0.7933533402912352
vn 0 -1 0
vn 0 1 0
vn -0.3826834323650898 0 -0.9238795325112867
vn 0 -1 0
vn 0 1 0
vn -0.13052619222005146 0 -0.9914448613738105
vn 0 -1 0
vn 0 1 0
vn 0.13052619222005132 0 -0.9914448613738105
vn 0 -1 0
vn 0 1 0
vn 0.3826834323650897 0 -0.9238795325112867
vn 0 -1 0
vn 0 1 0
vn 0.6087614290087205 0 -0.7933533402912354
vn 0 -1 0
vn 0 1 0
vn 0.7933533402912352 0 -0.6087614290087209
vn 0 -1 0
vn 0 1 0
vn 0.9238795325112871 0 -0.3826834323650892
vn 0 -1 0
vn 0 1 0
vn 0.9914448613738105 0 -0.13052619222005207
vn 0 -1 0
vn 0 1 0
vn 0.9914448613738105 0 0.13052619222005082
vn 0 -1 0
vn 0 1 0
vn 0.9238795325112868 0 0.38268343236508995
vn 0 -1 0
vn 0 1 0
vn 0.7933533402912353 0 0.6087614290087207
vn 0 -1 0
vn 0 1 0
vn 0.6087614290087203 0 0.7933533402912355
vn 0 -1 0
vn 0 1 0
vn 0.3826834323650905 0 0.9238795325112865
vn 0 -1 0
vn 0 1 0
vn 0.13052619222005157 0 0.9914448613738105
vn 0 -1 0
vn 0 1 0
vn -0.13052619222005082 0 0.9914448613738105
vn 0 -1 0
vn 0 1 0
vn -0.38268343236508984 0 0.9238795325112868
vn 0 -1 0
vn 0 1 0
vn -0.6087614290087207 0 0.7933533402912353
vn 0 -1 0
vn 0 1 0
vn -0.7933533402912355 0 0.6087614290087203
vn 0 -1 0
vn 0 1 0
vn -0.9238795325112865 0 0.3826834323650905
vn 0 -1 0
vn 0 1 0
vn -0.9914448613738105 0 0.13052619222005146
vn 0 -1 0
vn 0 1 0
usemtl m_74f865cf-804f-74ba-3be0-4405179d6612
f 468/2113/625 470/2114/625 469/2115/625 467/2116/625
f 467/2117/626 469/2118/626 465/2119/626
f 470/2120/627 468/2121/627 466/2122/627
f 470/2123/628 472/2124/628 471/2125/628 469/2126/628
f 469/2127/629 471/2128/629 465/2129/629
f 472/2130/630 470/2131/630 466/2132/630
f 472/2133/631 474/2134/631 473/2135/631 471/2136/631
f 471/2137/632 473/2138/632 465/2139/632
f 474/2140/633 472/2141/633 466/2142/633
f 474/2143/634 476/2144/634 475/2145/634 473/2146/634
f 473/2147/635 475/2148/635 465/2149/635
f 476/2150/636 474/2151/636 466/2152/636
f 476/2153/637 478/2154/637 477/2155/637 475/2156/637
f 475/2157/638 477/2158/638 465/2159/638
f 478/2160/639 476/2161/639 466/2162/639
f 478/2163/640 480/2164/640 479/2165/640 477/2166/640
f 477/2167/641 479/2168/641 465/2169/641
f 480/2170/642 478/2171/642 466/2172/642
f 480/2173/643 482/2174/643 481/2175/643 479/2176/643
f 479/2177/644 481/2178/644 465/2179/644
f 482/2180/645 480/2181/645 466/2182/645
f 482/2183/646 484/2184/646 483/2185/646 481/2186/646
f 481/2187/647 483/2188/647 465/2189/647
f 484/2190/648 482/2191/648 466/2192/648
f 484/2193/649 486/2194/649 485/2195/649 483/2196/649
f 483/2197/650 485/2198/650 465/2199/650
f 486/2200/651 484/2201/651 466/2202/651
f 486/2203/652 488/2204/652 487/2205/652 485/2206/652
f 485/2207/653 487/2208/653 465/2209/653
f 488/2210/654 486/2211/654 466/2212/654
f 488/2213/655 490/2214/655 489/2215/655 487/2216/655
f 487/2217/656 489/2218/656 465/2219/656
f 490/2220/657 488/2221/657 466/2222/657
f 490/2223/658 492/2224/658 491/2225/658 489/2226/658
f 489/2227/659 491/2228/659 465/2229/659
f 492/2230/660 490/2231/660 466/2232/660
f 492/2233/661 494/2234/661 493/2235/661 491/2236/661
f 491/2237/662 493/2238/662 465/2239/662
f 494/2240/663 492/2241/663 466/2242/663
f 494/2243/664 496/2244/664 495/2245/664 493/2246/664
f 493/2247/665 495/2248/665 465/2249/665
f 496/2250/666 494/2251/666 466/2252/666
f 496/2253/667 498/2254/667 497/2255/667 495/2256/667
f 495/2257/668 497/2258/668 465/2259/668
f 498/2260/669 496/2261/669 466/2262/669
f 498/2263/670 500/2264/670 499/2265/670 497/2266/670
f 497/2267/671 499/2268/671 465/2269/671
f 500/2270/672 498/2271/672 466/2272/672
f 500/2273/673 502/2274/673 501/2275/673 499/2276/673
f 499/2277/674 501/2278/674 465/2279/674
f 502/2280/675 500/2281/675 466/2282/675
f 502/2283/676 504/2284/676 503/2285/676 501/2286/676
f 501/2287/677 503/2288/677 465/2289/677
f 504/2290/678 502/2291/678 466/2292/678
f 504/2293/679 506/2294/679 505/2295/679 503/2296/679
f 503/2297/680 505/2298/680 465/2299/680
f 506/2300/681 504/2301/681 466/2302/681
f 506/2303/682 508/2304/682 507/2305/682 505/2306/682
f 505/2307/683 507/2308/683 465/2309/683
f 508/2310/684 506/2311/684 466/2312/684
f 508/2313/685 510/2314/685 509/2315/685 507/2316/685
f 507/2317/686 509/2318/686 465/2319/686
f 510/2320/687 508/2321/687 466/2322/687
f 510/2323/688 512/2324/688 511/2325/688 509/2326/688
f 509/2327/689 511/2328/689 465/2329/689
f 512/2330/690 510/2331/690 466/2332/690
f 512/2333/691 514/2334/691 513/2335/691 511/2336/691
f 511/2337/692 513/2338/692 465/2339/692
f 514/2340/693 512/2341/693 466/2342/693
f 514/2343/694 468/2344/694 467/2345/694 513/2346/694
f 513/2347/695 467/2348/695 465/2349/695
f 468/2350/696 514/2351/696 466/2352/696
o grip_detail_ring_03
v 0 0.26875 0
v 0 0.20625 0
v 0.07488854999999998 0.26875 0
v 0.07488854999999998 0.20625 0
v 0.0723367845383402 0.26875 0.019382583000112377
v 0.0723367845383402 0.20625 0.019382583000112377
v 0.06485538675258112 0.26875 0.037444274999999985
v 0.06485538675258112 0.20625 0.037444274999999985
v 0.05295420153822782 0.26875 0.05295420153822781
v 0.05295420153822782 0.20625 0.05295420153822781
v 0.037444275 0.26875 0.06485538675258111
v 0.037444275 0.20625 0.06485538675258111
v 0.019382583000112377 0.26875 0.0723367845383402
v 0.019382583000112377 0.20625 0.0723367845383402
v 4.585601152514326e-18 0.26875 0.07488854999999998
v 4.585601152514326e-18 0.20625 0.07488854999999998
v -0.019382583000112388 0.26875 0.0723367845383402
v -0.019382583000112388 0.20625 0.0723367845383402
v -0.03744427499999998 0.26875 0.06485538675258112
v -0.03744427499999998 0.20625 0.06485538675258112
v -0.05295420153822781 0.26875 0.05295420153822782
v -0.05295420153822781 0.20625 0.05295420153822782
v -0.06485538675258112 0.26875 0.037444274999999985
v -0.06485538675258112 0.20625 0.037444274999999985
v -0.07233678453834018 0.26875 0.019382583000112398
v -0.07233678453834018 0.20625 0.019382583000112398
v -0.07488854999999998 0.26875 9.171202305028652e-18
v -0.07488854999999998 0.20625 9.171202305028652e-18
v -0.07233678453834021 0.26875 -0.01938258300011235
v -0.07233678453834021 0.20625 -0.01938258300011235
v -0.06485538675258111 0.26875 -0.037444275
v -0.06485538675258111 0.20625 -0.037444275
v -0.05295420153822782 0.26875 -0.05295420153822781
v -0.05295420153822782 0.20625 -0.05295420153822781
v -0.03744427500000002 0.26875 -0.06485538675258108
v -0.03744427500000002 0.20625 -0.06485538675258108
v -0.01938258300011237 0.26875 -0.0723367845383402
v -0.01938258300011237 0.20625 -0.0723367845383402
v -1.3756803457542973e-17 0.26875 -0.07488854999999998
v -1.3756803457542973e-17 0.20625 -0.07488854999999998
v 0.019382583000112346 0.26875 -0.07233678453834021
v 0.019382583000112346 0.20625 -0.07233678453834021
v 0.037444275 0.26875 -0.06485538675258111
v 0.037444275 0.20625 -0.06485538675258111
v 0.05295420153822781 0.26875 -0.05295420153822782
v 0.05295420153822781 0.20625 -0.05295420153822782
v 0.06485538675258108 0.26875 -0.03744427500000002
v 0.06485538675258108 0.20625 -0.03744427500000002
v 0.0723367845383402 0.26875 -0.01938258300011237
v 0.0723367845383402 0.20625 -0.01938258300011237
vt 0.5 0.5
vt 0.5 0.5
vt 0.5 0.5
vt 0.5 0.5
vt 0.5 0.5
vt 0.5 0.5
vt 0.5 0.5
vt 0.5 0.5
vt 0.5 0.5
vt 0.5 0.5
vt 0.5 0.5
vt 0.5 0.5
vt 0.5 0.5
vt 0.5 0.5
vt 0.5 0.5
vt 0.5 0.5
vt 0.5 0.5
vt 0.5 0.5
vt 0.5 0.5
vt 0.5 0.5
vt 0.5 0.5
vt 0.5 0.5
vt 0.5 0.5
vt 0.5 0.5
vt 0.5 0.5
vt 0.5 0.5
vt 0.5 0.5
vt 0.5 0.5
vt 0.5 0.5
vt 0.5 0.5
vt 0.5 0.5
vt 0.5 0.5
vt 0.5 0.5
vt 0.5 0.5
vt 0.5 0.5
vt 0.5 0.5
vt 0.5 0.5
vt 0.5 0.5
vt 0.5 0.5
vt 0.5 0.5
vt 0.5 0.5
vt 0.5 0.5
vt 0.5 0.5
vt 0.5 0.5
vt 0.5 0.5
vt 0.5 0.5
vt 0.5 0.5
vt 0.5 0.5
vt 0.5 0.5
vt 0.5 0.5
vt 0.5 0.5
vt 0.5 0.5
vt 0.5 0.5
vt 0.5 0.5
vt 0.5 0.5
vt 0.5 0.5
vt 0.5 0.5
vt 0.5 0.5
vt 0.5 0.5
vt 0.5 0.5
vt 0.5 0.5
vt 0.5 0.5
vt 0.5 0.5
vt 0.5 0.5
vt 0.5 0.5
vt 0.5 0.5
vt 0.5 0.5
vt 0.5 0.5
vt 0.5 0.5
vt 0.5 0.5
vt 0.5 0.5
vt 0.5 0.5
vt 0.5 0.5
vt 0.5 0.5
vt 0.5 0.5
vt 0.5 0.5
vt 0.5 0.5
vt 0.5 0.5
vt 0.5 0.5
vt 0.5 0.5
vt 0.5 0.5
vt 0.5 0.5
vt 0.5 0.5
vt 0.5 0.5
vt 0.5 0.5
vt 0.5 0.5
vt 0.5 0.5
vt 0.5 0.5
vt 0.5 0.5
vt 0.5 0.5
vt 0.5 0.5
vt 0.5 0.5
vt 0.5 0.5
vt 0.5 0.5
vt 0.5 0.5
vt 0.5 0.5
vt 0.5 0.5
vt 0.5 0.5
vt 0.5 0.5
vt 0.5 0.5
vt 0.5 0.5
vt 0.5 0.5
vt 0.5 0.5
vt 0.5 0.5
vt 0.5 0.5
vt 0.5 0.5
vt 0.5 0.5
vt 0.5 0.5
vt 0.5 0.5
vt 0.5 0.5
vt 0.5 0.5
vt 0.5 0.5
vt 0.5 0.5
vt 0.5 0.5
vt 0.5 0.5
vt 0.5 0.5
vt 0.5 0.5
vt 0.5 0.5
vt 0.5 0.5
vt 0.5 0.5
vt 0.5 0.5
vt 0.5 0.5
vt 0.5 0.5
vt 0.5 0.5
vt 0.5 0.5
vt 0.5 0.5
vt 0.5 0.5
vt 0.5 0.5
vt 0.5 0.5
vt 0.5 0.5
vt 0.5 0.5
vt 0.5 0.5
vt 0.5 0.5
vt 0.5 0.5
vt 0.5 0.5
vt 0.5 0.5
vt 0.5 0.5
vt 0.5 0.5
vt 0.5 0.5
vt 0.5 0.5
vt 0.5 0.5
vt 0.5 0.5
vt 0.5 0.5
vt 0.5 0.5
vt 0.5 0.5
vt 0.5 0.5
vt 0.5 0.5
vt 0.5 0.5
vt 0.5 0.5
vt 0.5 0.5
vt 0.5 0.5
vt 0.5 0.5
vt 0.5 0.5
vt 0.5 0.5
vt 0.5 0.5
vt 0.5 0.5
vt 0.5 0.5
vt 0.5 0.5
vt 0.5 0.5
vt 0.5 0.5
vt 0.5 0.5
vt 0.5 0.5
vt 0.5 0.5
vt 0.5 0.5
vt 0.5 0.5
vt 0.5 0.5
vt 0.5 0.5
vt 0.5 0.5
vt 0.5 0.5
vt 0.5 0.5
vt 0.5 0.5
vt 0.5 0.5
vt 0.5 0.5
vt 0.5 0.5
vt 0.5 0.5
vt 0.5 0.5
vt 0.5 0.5
vt 0.5 0.5
vt 0.5 0.5
vt 0.5 0.5
vt 0.5 0.5
vt 0.5 0.5
vt 0.5 0.5
vt 0.5 0.5
vt 0.5 0.5
vt 0.5 0.5
vt 0.5 0.5
vt 0.5 0.5
vt 0.5 0.5
vt 0.5 0.5
vt 0.5 0.5
vt 0.5 0.5
vt 0.5 0.5
vt 0.5 0.5
vt 0.5 0.5
vt 0.5 0.5
vt 0.5 0.5
vt 0.5 0.5
vt 0.5 0.5
vt 0.5 0.5
vt 0.5 0.5
vt 0.5 0.5
vt 0.5 0.5
vt 0.5 0.5
vt 0.5 0.5
vt 0.5 0.5
vt 0.5 0.5
vt 0.5 0.5
vt 0.5 0.5
vt 0.5 0.5
vt 0.5 0.5
vt 0.5 0.5
vt 0.5 0.5
vt 0.5 0.5
vt 0.5 0.5
vt 0.5 0.5
vt 0.5 0.5
vt 0.5 0.5
vt 0.5 0.5
vt 0.5 0.5
vt 0.5 0.5
vt 0.5 0.5
vt 0.5 0.5
vt 0.5 0.5
vt 0.5 0.5
vt 0.5 0.5
vt 0.5 0.5
vt 0.5 0.5
vt 0.5 0.5
vt 0.5 0.5
vt 0.5 0.5
vt 0.5 0.5
vt 0.5 0.5
vt 0.5 0.5
vt 0.5 0.5
vt 0.5 0.5
vt 0.5 0.5
vt 0.5 0.5
vt 0.5 0.5
vt 0.5 0.5
vn -0.9914448613738105 0 -0.13052619222005143
vn 0 -1 0
vn 0 1 0
vn -0.923879532511287 0 -0.38268343236508945
vn 0 -1 0
vn 0 1 0
vn -0.7933533402912352 0 -0.6087614290087207
vn 0 -1 0
vn 0 1 0
vn -0.6087614290087207 0 -0.7933533402912352
vn 0 -1 0
vn 0 1 0
vn -0.3826834323650898 0 -0.9238795325112867
vn 0 -1 0
vn 0 1 0
vn -0.13052619222005146 0 -0.9914448613738105
vn 0 -1 0
vn 0 1 0
vn 0.13052619222005132 0 -0.9914448613738105
vn 0 -1 0
vn 0 1 0
vn 0.3826834323650897 0 -0.9238795325112867
vn 0 -1 0
vn 0 1 0
vn 0.6087614290087205 0 -0.7933533402912354
vn 0 -1 0
vn 0 1 0
vn 0.7933533402912352 0 -0.6087614290087209
vn 0 -1 0
vn 0 1 0
vn 0.9238795325112871 0 -0.3826834323650892
vn 0 -1 0
vn 0 1 0
vn 0.9914448613738105 0 -0.13052619222005207
vn 0 -1 0
vn 0 1 0
vn 0.9914448613738105 0 0.13052619222005082
vn 0 -1 0
vn 0 1 0
vn 0.9238795325112868 0 0.38268343236508995
vn 0 -1 0
vn 0 1 0
vn 0.7933533402912353 0 0.6087614290087207
vn 0 -1 0
vn 0 1 0
vn 0.6087614290087203 0 0.7933533402912355
vn 0 -1 0
vn 0 1 0
vn 0.3826834323650905 0 0.9238795325112865
vn 0 -1 0
vn 0 1 0
vn 0.13052619222005157 0 0.9914448613738105
vn 0 -1 0
vn 0 1 0
vn -0.13052619222005082 0 0.9914448613738105
vn 0 -1 0
vn 0 1 0
vn -0.38268343236508984 0 0.9238795325112868
vn 0 -1 0
vn 0 1 0
vn -0.6087614290087207 0 0.7933533402912353
vn 0 -1 0
vn 0 1 0
vn -0.7933533402912355 0 0.6087614290087203
vn 0 -1 0
vn 0 1 0
vn -0.9238795325112865 0 0.3826834323650905
vn 0 -1 0
vn 0 1 0
vn -0.9914448613738105 0 0.13052619222005146
vn 0 -1 0
vn 0 1 0
usemtl m_74f865cf-804f-74ba-3be0-4405179d6612
f 518/2353/697 520/2354/697 519/2355/697 517/2356/697
f 517/2357/698 519/2358/698 515/2359/698
f 520/2360/699 518/2361/699 516/2362/699
f 520/2363/700 522/2364/700 521/2365/700 519/2366/700
f 519/2367/701 521/2368/701 515/2369/701
f 522/2370/702 520/2371/702 516/2372/702
f 522/2373/703 524/2374/703 523/2375/703 521/2376/703
f 521/2377/704 523/2378/704 515/2379/704
f 524/2380/705 522/2381/705 516/2382/705
f 524/2383/706 526/2384/706 525/2385/706 523/2386/706
f 523/2387/707 525/2388/707 515/2389/707
f 526/2390/708 524/2391/708 516/2392/708
f 526/2393/709 528/2394/709 527/2395/709 525/2396/709
f 525/2397/710 527/2398/710 515/2399/710
f 528/2400/711 526/2401/711 516/2402/711
f 528/2403/712 530/2404/712 529/2405/712 527/2406/712
f 527/2407/713 529/2408/713 515/2409/713
f 530/2410/714 528/2411/714 516/2412/714
f 530/2413/715 532/2414/715 531/2415/715 529/2416/715
f 529/2417/716 531/2418/716 515/2419/716
f 532/2420/717 530/2421/717 516/2422/717
f 532/2423/718 534/2424/718 533/2425/718 531/2426/718
f 531/2427/719 533/2428/719 515/2429/719
f 534/2430/720 532/2431/720 516/2432/720
f 534/2433/721 536/2434/721 535/2435/721 533/2436/721
f 533/2437/722 535/2438/722 515/2439/722
f 536/2440/723 534/2441/723 516/2442/723
f 536/2443/724 538/2444/724 537/2445/724 535/2446/724
f 535/2447/725 537/2448/725 515/2449/725
f 538/2450/726 536/2451/726 516/2452/726
f 538/2453/727 540/2454/727 539/2455/727 537/2456/727
f 537/2457/728 539/2458/728 515/2459/728
f 540/2460/729 538/2461/729 516/2462/729
f 540/2463/730 542/2464/730 541/2465/730 539/2466/730
f 539/2467/731 541/2468/731 515/2469/731
f 542/2470/732 540/2471/732 516/2472/732
f 542/2473/733 544/2474/733 543/2475/733 541/2476/733
f 541/2477/734 543/2478/734 515/2479/734
f 544/2480/735 542/2481/735 516/2482/735
f 544/2483/736 546/2484/736 545/2485/736 543/2486/736
f 543/2487/737 545/2488/737 515/2489/737
f 546/2490/738 544/2491/738 516/2492/738
f 546/2493/739 548/2494/739 547/2495/739 545/2496/739
f 545/2497/740 547/2498/740 515/2499/740
f 548/2500/741 546/2501/741 516/2502/741
f 548/2503/742 550/2504/742 549/2505/742 547/2506/742
f 547/2507/743 549/2508/743 515/2509/743
f 550/2510/744 548/2511/744 516/2512/744
f 550/2513/745 552/2514/745 551/2515/745 549/2516/745
f 549/2517/746 551/2518/746 515/2519/746
f 552/2520/747 550/2521/747 516/2522/747
f 552/2523/748 554/2524/748 553/2525/748 551/2526/748
f 551/2527/749 553/2528/749 515/2529/749
f 554/2530/750 552/2531/750 516/2532/750
f 554/2533/751 556/2534/751 555/2535/751 553/2536/751
f 553/2537/752 555/2538/752 515/2539/752
f 556/2540/753 554/2541/753 516/2542/753
f 556/2543/754 558/2544/754 557/2545/754 555/2546/754
f 555/2547/755 557/2548/755 515/2549/755
f 558/2550/756 556/2551/756 516/2552/756
f 558/2553/757 560/2554/757 559/2555/757 557/2556/757
f 557/2557/758 559/2558/758 515/2559/758
f 560/2560/759 558/2561/759 516/2562/759
f 560/2563/760 562/2564/760 561/2565/760 559/2566/760
f 559/2567/761 561/2568/761 515/2569/761
f 562/2570/762 560/2571/762 516/2572/762
f 562/2573/763 564/2574/763 563/2575/763 561/2576/763
f 561/2577/764 563/2578/764 515/2579/764
f 564/2580/765 562/2581/765 516/2582/765
f 564/2583/766 518/2584/766 517/2585/766 563/2586/766
f 563/2587/767 517/2588/767 515/2589/767
f 518/2590/768 564/2591/768 516/2592/768
o grip_detail_ring_04
v 0 0.70625 0
v 0 0.64375 0
v 0.07488854999999998 0.70625 0
v 0.07488854999999998 0.64375 0
v 0.0723367845383402 0.70625 0.019382583000112377
v 0.0723367845383402 0.64375 0.019382583000112377
v 0.06485538675258112 0.70625 0.037444274999999985
v 0.06485538675258112 0.64375 0.037444274999999985
v 0.05295420153822782 0.70625 0.05295420153822781
v 0.05295420153822782 0.64375 0.05295420153822781
v 0.037444275 0.70625 0.06485538675258111
v 0.037444275 0.64375 0.06485538675258111
v 0.019382583000112377 0.70625 0.0723367845383402
v 0.019382583000112377 0.64375 0.0723367845383402
v 4.585601152514326e-18 0.70625 0.07488854999999998
v 4.585601152514326e-18 0.64375 0.07488854999999998
v -0.019382583000112388 0.70625 0.0723367845383402
v -0.019382583000112388 0.64375 0.0723367845383402
v -0.03744427499999998 0.70625 0.06485538675258112
v -0.03744427499999998 0.64375 0.06485538675258112
v -0.05295420153822781 0.70625 0.05295420153822782
v -0.05295420153822781 0.64375 0.05295420153822782
v -0.06485538675258112 0.70625 0.037444274999999985
v -0.06485538675258112 0.64375 0.037444274999999985
v -0.07233678453834018 0.70625 0.019382583000112398
v -0.07233678453834018 0.64375 0.019382583000112398
v -0.07488854999999998 0.70625 9.171202305028652e-18
v -0.07488854999999998 0.64375 9.171202305028652e-18
v -0.07233678453834021 0.70625 -0.01938258300011235
v -0.07233678453834021 0.64375 -0.01938258300011235
v -0.06485538675258111 0.70625 -0.037444275
v -0.06485538675258111 0.64375 -0.037444275
v -0.05295420153822782 0.70625 -0.05295420153822781
v -0.05295420153822782 0.64375 -0.05295420153822781
v -0.03744427500000002 0.70625 -0.06485538675258108
v -0.03744427500000002 0.64375 -0.06485538675258108
v -0.01938258300011237 0.70625 -0.0723367845383402
v -0.01938258300011237 0.64375 -0.0723367845383402
v -1.3756803457542973e-17 0.70625 -0.07488854999999998
v -1.3756803457542973e-17 0.64375 -0.07488854999999998
v 0.019382583000112346 0.70625 -0.07233678453834021
v 0.019382583000112346 0.64375 -0.07233678453834021
v 0.037444275 0.70625 -0.06485538675258111
v 0.037444275 0.64375 -0.06485538675258111
v 0.05295420153822781 0.70625 -0.05295420153822782
v 0.05295420153822781 0.64375 -0.05295420153822782
v 0.06485538675258108 0.70625 -0.03744427500000002
v 0.06485538675258108 0.64375 -0.03744427500000002
v 0.0723367845383402 0.70625 -0.01938258300011237
v 0.0723367845383402 0.64375 -0.01938258300011237
vt 0.5 0.5
vt 0.5 0.5
vt 0.5 0.5
vt 0.5 0.5
vt 0.5 0.5
vt 0.5 0.5
vt 0.5 0.5
vt 0.5 0.5
vt 0.5 0.5
vt 0.5 0.5
vt 0.5 0.5
vt 0.5 0.5
vt 0.5 0.5
vt 0.5 0.5
vt 0.5 0.5
vt 0.5 0.5
vt 0.5 0.5
vt 0.5 0.5
vt 0.5 0.5
vt 0.5 0.5
vt 0.5 0.5
vt 0.5 0.5
vt 0.5 0.5
vt 0.5 0.5
vt 0.5 0.5
vt 0.5 0.5
vt 0.5 0.5
vt 0.5 0.5
vt 0.5 0.5
vt 0.5 0.5
vt 0.5 0.5
vt 0.5 0.5
vt 0.5 0.5
vt 0.5 0.5
vt 0.5 0.5
vt 0.5 0.5
vt 0.5 0.5
vt 0.5 0.5
vt 0.5 0.5
vt 0.5 0.5
vt 0.5 0.5
vt 0.5 0.5
vt 0.5 0.5
vt 0.5 0.5
vt 0.5 0.5
vt 0.5 0.5
vt 0.5 0.5
vt 0.5 0.5
vt 0.5 0.5
vt 0.5 0.5
vt 0.5 0.5
vt 0.5 0.5
vt 0.5 0.5
vt 0.5 0.5
vt 0.5 0.5
vt 0.5 0.5
vt 0.5 0.5
vt 0.5 0.5
vt 0.5 0.5
vt 0.5 0.5
vt 0.5 0.5
vt 0.5 0.5
vt 0.5 0.5
vt 0.5 0.5
vt 0.5 0.5
vt 0.5 0.5
vt 0.5 0.5
vt 0.5 0.5
vt 0.5 0.5
vt 0.5 0.5
vt 0.5 0.5
vt 0.5 0.5
vt 0.5 0.5
vt 0.5 0.5
vt 0.5 0.5
vt 0.5 0.5
vt 0.5 0.5
vt 0.5 0.5
vt 0.5 0.5
vt 0.5 0.5
vt 0.5 0.5
vt 0.5 0.5
vt 0.5 0.5
vt 0.5 0.5
vt 0.5 0.5
vt 0.5 0.5
vt 0.5 0.5
vt 0.5 0.5
vt 0.5 0.5
vt 0.5 0.5
vt 0.5 0.5
vt 0.5 0.5
vt 0.5 0.5
vt 0.5 0.5
vt 0.5 0.5
vt 0.5 0.5
vt 0.5 0.5
vt 0.5 0.5
vt 0.5 0.5
vt 0.5 0.5
vt 0.5 0.5
vt 0.5 0.5
vt 0.5 0.5
vt 0.5 0.5
vt 0.5 0.5
vt 0.5 0.5
vt 0.5 0.5
vt 0.5 0.5
vt 0.5 0.5
vt 0.5 0.5
vt 0.5 0.5
vt 0.5 0.5
vt 0.5 0.5
vt 0.5 0.5
vt 0.5 0.5
vt 0.5 0.5
vt 0.5 0.5
vt 0.5 0.5
vt 0.5 0.5
vt 0.5 0.5
vt 0.5 0.5
vt 0.5 0.5
vt 0.5 0.5
vt 0.5 0.5
vt 0.5 0.5
vt 0.5 0.5
vt 0.5 0.5
vt 0.5 0.5
vt 0.5 0.5
vt 0.5 0.5
vt 0.5 0.5
vt 0.5 0.5
vt 0.5 0.5
vt 0.5 0.5
vt 0.5 0.5
vt 0.5 0.5
vt 0.5 0.5
vt 0.5 0.5
vt 0.5 0.5
vt 0.5 0.5
vt 0.5 0.5
vt 0.5 0.5
vt 0.5 0.5
vt 0.5 0.5
vt 0.5 0.5
vt 0.5 0.5
vt 0.5 0.5
vt 0.5 0.5
vt 0.5 0.5
vt 0.5 0.5
vt 0.5 0.5
vt 0.5 0.5
vt 0.5 0.5
vt 0.5 0.5
vt 0.5 0.5
vt 0.5 0.5
vt 0.5 0.5
vt 0.5 0.5
vt 0.5 0.5
vt 0.5 0.5
vt 0.5 0.5
vt 0.5 0.5
vt 0.5 0.5
vt 0.5 0.5
vt 0.5 0.5
vt 0.5 0.5
vt 0.5 0.5
vt 0.5 0.5
vt 0.5 0.5
vt 0.5 0.5
vt 0.5 0.5
vt 0.5 0.5
vt 0.5 0.5
vt 0.5 0.5
vt 0.5 0.5
vt 0.5 0.5
vt 0.5 0.5
vt 0.5 0.5
vt 0.5 0.5
vt 0.5 0.5
vt 0.5 0.5
vt 0.5 0.5
vt 0.5 0.5
vt 0.5 0.5
vt 0.5 0.5
vt 0.5 0.5
vt 0.5 0.5
vt 0.5 0.5
vt 0.5 0.5
vt 0.5 0.5
vt 0.5 0.5
vt 0.5 0.5
vt 0.5 0.5
vt 0.5 0.5
vt 0.5 0.5
vt 0.5 0.5
vt 0.5 0.5
vt 0.5 0.5
vt 0.5 0.5
vt 0.5 0.5
vt 0.5 0.5
vt 0.5 0.5
vt 0.5 0.5
vt 0.5 0.5
vt 0.5 0.5
vt 0.5 0.5
vt 0.5 0.5
vt 0.5 0.5
vt 0.5 0.5
vt 0.5 0.5
vt 0.5 0.5
vt 0.5 0.5
vt 0.5 0.5
vt 0.5 0.5
vt 0.5 0.5
vt 0.5 0.5
vt 0.5 0.5
vt 0.5 0.5
vt 0.5 0.5
vt 0.5 0.5
vt 0.5 0.5
vt 0.5 0.5
vt 0.5 0.5
vt 0.5 0.5
vt 0.5 0.5
vt 0.5 0.5
vt 0.5 0.5
vt 0.5 0.5
vt 0.5 0.5
vt 0.5 0.5
vt 0.5 0.5
vt 0.5 0.5
vt 0.5 0.5
vt 0.5 0.5
vt 0.5 0.5
vt 0.5 0.5
vt 0.5 0.5
vt 0.5 0.5
vt 0.5 0.5
vt 0.5 0.5
vn -0.9914448613738105 0 -0.13052619222005143
vn 0 -1 0
vn 0 1 0
vn -0.923879532511287 0 -0.38268343236508945
vn 0 -1 0
vn 0 1 0
vn -0.7933533402912352 0 -0.6087614290087207
vn 0 -1 0
vn 0 1 0
vn -0.6087614290087207 0 -0.7933533402912352
vn 0 -1 0
vn 0 1 0
vn -0.3826834323650898 0 -0.9238795325112867
vn 0 -1 0
vn 0 1 0
vn -0.13052619222005146 0 -0.9914448613738105
vn 0 -1 0
vn 0 1 0
vn 0.13052619222005132 0 -0.9914448613738105
vn 0 -1 0
vn 0 1 0
vn 0.3826834323650897 0 -0.9238795325112867
vn 0 -1 0
vn 0 1 0
vn 0.6087614290087205 0 -0.7933533402912354
vn 0 -1 0
vn 0 1 0
vn 0.7933533402912352 0 -0.6087614290087209
vn 0 -1 0
vn 0 1 0
vn 0.9238795325112871 0 -0.3826834323650892
vn 0 -1 0
vn 0 1 0
vn 0.9914448613738105 0 -0.13052619222005207
vn 0 -1 0
vn 0 1 0
vn 0.9914448613738105 0 0.13052619222005082
vn 0 -1 0
vn 0 1 0
vn 0.9238795325112868 0 0.38268343236508995
vn 0 -1 0
vn 0 1 0
vn 0.7933533402912353 0 0.6087614290087207
vn 0 -1 0
vn 0 1 0
vn 0.6087614290087203 0 0.7933533402912355
vn 0 -1 0
vn 0 1 0
vn 0.3826834323650905 0 0.9238795325112865
vn 0 -1 0
vn 0 1 0
vn 0.13052619222005157 0 0.9914448613738105
vn 0 -1 0
vn 0 1 0
vn -0.13052619222005082 0 0.9914448613738105
vn 0 -1 0
vn 0 1 0
vn -0.38268343236508984 0 0.9238795325112868
vn 0 -1 0
vn 0 1 0
vn -0.6087614290087207 0 0.7933533402912353
vn 0 -1 0
vn 0 1 0
vn -0.7933533402912355 0 0.6087614290087203
vn 0 -1 0
vn 0 1 0
vn -0.9238795325112865 0 0.3826834323650905
vn 0 -1 0
vn 0 1 0
vn -0.9914448613738105 0 0.13052619222005146
vn 0 -1 0
vn 0 1 0
usemtl m_74f865cf-804f-74ba-3be0-4405179d6612
f 568/2593/769 570/2594/769 569/2595/769 567/2596/769
f 567/2597/770 569/2598/770 565/2599/770
f 570/2600/771 568/2601/771 566/2602/771
f 570/2603/772 572/2604/772 571/2605/772 569/2606/772
f 569/2607/773 571/2608/773 565/2609/773
f 572/2610/774 570/2611/774 566/2612/774
f 572/2613/775 574/2614/775 573/2615/775 571/2616/775
f 571/2617/776 573/2618/776 565/2619/776
f 574/2620/777 572/2621/777 566/2622/777
f 574/2623/778 576/2624/778 575/2625/778 573/2626/778
f 573/2627/779 575/2628/779 565/2629/779
f 576/2630/780 574/2631/780 566/2632/780
f 576/2633/781 578/2634/781 577/2635/781 575/2636/781
f 575/2637/782 577/2638/782 565/2639/782
f 578/2640/783 576/2641/783 566/2642/783
f 578/2643/784 580/2644/784 579/2645/784 577/2646/784
f 577/2647/785 579/2648/785 565/2649/785
f 580/2650/786 578/2651/786 566/2652/786
f 580/2653/787 582/2654/787 581/2655/787 579/2656/787
f 579/2657/788 581/2658/788 565/2659/788
f 582/2660/789 580/2661/789 566/2662/789
f 582/2663/790 584/2664/790 583/2665/790 581/2666/790
f 581/2667/791 583/2668/791 565/2669/791
f 584/2670/792 582/2671/792 566/2672/792
f 584/2673/793 586/2674/793 585/2675/793 583/2676/793
f 583/2677/794 585/2678/794 565/2679/794
f 586/2680/795 584/2681/795 566/2682/795
f 586/2683/796 588/2684/796 587/2685/796 585/2686/796
f 585/2687/797 587/2688/797 565/2689/797
f 588/2690/798 586/2691/798 566/2692/798
f 588/2693/799 590/2694/799 589/2695/799 587/2696/799
f 587/2697/800 589/2698/800 565/2699/800
f 590/2700/801 588/2701/801 566/2702/801
f 590/2703/802 592/2704/802 591/2705/802 589/2706/802
f 589/2707/803 591/2708/803 565/2709/803
f 592/2710/804 590/2711/804 566/2712/804
f 592/2713/805 594/2714/805 593/2715/805 591/2716/805
f 591/2717/806 593/2718/806 565/2719/806
f 594/2720/807 592/2721/807 566/2722/807
f 594/2723/808 596/2724/808 595/2725/808 593/2726/808
f 593/2727/809 595/2728/809 565/2729/809
f 596/2730/810 594/2731/810 566/2732/810
f 596/2733/811 598/2734/811 597/2735/811 595/2736/811
f 595/2737/812 597/2738/812 565/2739/812
f 598/2740/813 596/2741/813 566/2742/813
f 598/2743/814 600/2744/814 599/2745/814 597/2746/814
f 597/2747/815 599/2748/815 565/2749/815
f 600/2750/816 598/2751/816 566/2752/816
f 600/2753/817 602/2754/817 601/2755/817 599/2756/817
f 599/2757/818 601/2758/818 565/2759/818
f 602/2760/819 600/2761/819 566/2762/819
f 602/2763/820 604/2764/820 603/2765/820 601/2766/820
f 601/2767/821 603/2768/821 565/2769/821
f 604/2770/822 602/2771/822 566/2772/822
f 604/2773/823 606/2774/823 605/2775/823 603/2776/823
f 603/2777/824 605/2778/824 565/2779/824
f 606/2780/825 604/2781/825 566/2782/825
f 606/2783/826 608/2784/826 607/2785/826 605/2786/826
f 605/2787/827 607/2788/827 565/2789/827
f 608/2790/828 606/2791/828 566/2792/828
f 608/2793/829 610/2794/829 609/2795/829 607/2796/829
f 607/2797/830 609/2798/830 565/2799/830
f 610/2800/831 608/2801/831 566/2802/831
f 610/2803/832 612/2804/832 611/2805/832 609/2806/832
f 609/2807/833 611/2808/833 565/2809/833
f 612/2810/834 610/2811/834 566/2812/834
f 612/2813/835 614/2814/835 613/2815/835 611/2816/835
f 611/2817/836 613/2818/836 565/2819/836
f 614/2820/837 612/2821/837 566/2822/837
f 614/2823/838 568/2824/838 567/2825/838 613/2826/838
f 613/2827/839 567/2828/839 565/2829/839
f 568/2830/840 614/2831/840 566/2832/840